Category,Real Category,Business Name,Address,City,State,Postal Code,Country,Phone,Email,Website,Latitude,Longitude,Map Link,Details Link
"business","","Gauteng Business Rescue Practitioners","67 Van Riebeeck Ave, Gauteng, Alberton, 1450","Alberton","Gauteng","","South Africa"," 0104480702","","","","","https://maps.google.com/?hl=en_US&cid=0x0:0x71baf822149c9711",""
"business","Business management consultant","Africa32 (PTY)Ltd","10 Tulbach St, Alberante, Alberton, 1449","Alberton","Gauteng","","South Africa"," 0722786125","","","","","https://maps.google.com/?hl=en_US&cid=0x0:0x3fadad8e0d90dad2",""
"business","Telecommunications service provider","SYMTECH","7 Camborne Rd, New Redruth, Alberton, 1449","Alberton","Gauteng","","South Africa"," 0712277600","","","","","https://maps.google.com/?hl=en_US&cid=0x0:0x64cb04ce56892095",""
"business","Business management consultant","Tiger Consultants - Payroll Bureau","48 Fourth Ave, Alberton, 1449","Alberton","Gauteng","","South Africa"," 0103001273","","","","","https://maps.google.com/?hl=en_US&cid=0x0:0xc6fcb7102bb984c6",""
"business","Construction company","Relebohile Trading  Consulting Pty Ltd","saxon hof, 64 Elands Rd, Florentia, Alberton, 1449","Alberton","Gauteng","","South Africa"," 0817284263","","","","","https://maps.google.com/?hl=en_US&cid=0x0:0x95d50db1c5113b3f",""
"business","Business management consultant","Hustle Brands","36 Newquay Rd, New Redruth, Alberton, 1449","Alberton","Gauteng","","South Africa"," 0662603979","","","","","https://maps.google.com/?hl=en_US&cid=0x0:0x248c6b224c4c5418",""
"business","Business management consultant","Sonkisizwe Business Advisory cc","210 Second Ave, Verwoerdpark, Alberton, 1449","Alberton","Gauteng","","South Africa"," 0110257896","","","","","https://maps.google.com/?hl=en_US&cid=0x0:0xbd4f4a5d00f1b2c8",""
"business","Accounting firm","Fair Value Business Solutions","53A Second Ave, Alberton North, Alberton, 1449","Alberton","Gauteng","","South Africa"," 0789641442","","","","","https://maps.google.com/?hl=en_US&cid=0x0:0x1bf9b95d1618035c",""
"business","Branding agency","COMRESTORE (PTY)LTD","2280 Intakaza Street Commercia Extension 34 Mayibuye, 1685","Alberton","Gauteng","","South Africa"," 0787320892","","","","","https://maps.google.com/?hl=en_US&cid=0x0:0xa9cc7fc6b46b534f",""
"business","Business management consultant","Inyathi Empire Group","3 Jacobus Rd, ALBERTON, Alberton, 1449","Alberton","Gauteng","","South Africa"," 0736911886","","","","","https://maps.google.com/?hl=en_US&cid=0x0:0x51488ca61734c465",""
"business","business","N/A","","","Gauteng","","South Africa"," 0738146396","","","","","https://maps.google.com/?hl=en_US&cid=0x0:0x635cfc884e88261",""
"business","Business management consultant","Draw the Line Business Solutions","21 Marthinus Rd, Florentia, Alberton, 1449","Alberton","Gauteng","","South Africa"," 0823300517","","","","","https://maps.google.com/?hl=en_US&cid=0x0:0x11fb4cbd31581767",""
"business","business","N/A","","","Gauteng","","South Africa"," 0660673373","","","","","https://maps.google.com/?hl=en_US&cid=0x0:0x4355d59f6c2befce",""
"business","Business management consultant","Veam Solutions","33 Newquay Rd, New Redruth, Alberton, 1449","Alberton","Gauteng","","South Africa"," 0872657279","","","","","https://maps.google.com/?hl=en_US&cid=0x0:0x2c06140d83c61a62",""
"business","Consultant","The Labour Resolution Company","Penthouse 35 Bazinga on Penzance, Cnr Penzance , Albany Rd, New Redruth, Alberton, 1449","Alberton","Gauteng","","South Africa"," 0105000774","cases@labourresolution.co.za","http://www.labourresolution.co.za/","","","https://maps.google.com/?hl=en_US&cid=0x0:0x343aa49ea851fbe8",""
"business","Business management consultant","The Vado Enterprise Holding Company","68 Voortrekker Rd, Alrode, Alberton, 1450","Alberton","Gauteng","","South Africa"," 0104479964","","","","","https://maps.google.com/?hl=en_US&cid=0x0:0xa1a723002c186ef8",""
"business","Corporate office","Business Accountants and Advisory","31 Newquay Rd, New Redruth, Alberton, 1449","Alberton","Gauteng","","South Africa"," 0103351724","webmaster@baandadvisory.co.za","http://www.baandadvisory.co.za/","","","https://maps.google.com/?hl=en_US&cid=0x0:0x68004a034d978b10",""
"business","Software company","DJK consulting","21 Chasewater St, New Redruth, Alberton, 1449","Alberton","Gauteng","","South Africa"," 0101094991","","","","","https://maps.google.com/?hl=en_US&cid=0x0:0x1cdaa9f5ae857b23",""
"business","business","1449","Alberton","Alberton","Gauteng","","South Africa","","","","","","https://maps.google.com/?hl=en_US&cid=0x0:0xc5e935f854ace0ba",""
"business","Business management consultant","Symtech","33 Newquay Rd, New Redruth, Alberton, 1448","Alberton","Gauteng","","South Africa"," 0877008837","","","","","https://maps.google.com/?hl=en_US&cid=0x0:0xbe73cfeb4e9fdb00",""
"business","Print shop","Jetline Alberton","Shop 6, Alberton Lifestyle centre, St Austrell St, Alberton, Johannesburg, 1449","Johannesburg","Gauteng","","South Africa"," 0118697232","7232Emailalberton@jetline.co.zaAd","https://www.jetline.co.za/store/jetline-alberton/","","","https://maps.google.com/?hl=en_US&cid=0x0:0x971c1a4766ce44db",""
"business","Website designer","Webshure Digital Marketing - SEO Service and Marketing Agency","65 Nelson Mandela Ave, Randhart, Alberton, 1449","Alberton","Gauteng","","South Africa"," 0600702276","info@webshure.co.za","https://www.webshure.com/webshure-alberton","","","https://maps.google.com/?hl=en_US&cid=0x0:0xeedd176db829c440",""
"business","Occupational safety and health","MAKROSAFE Holdings (PTY) Ltd.","1st Floor, Second Avenue Center cnr. 2nd Avenue and, Jim Fouche Rd, Verwoerdpark, Alberton, 1449","Alberton","Gauteng","","South Africa"," 0861444777","","http://www.makrosafe.co.za/","","","https://maps.google.com/?hl=en_US&cid=0x0:0x3c2c44a95b0914cc",""
"business","Accountant","Business Seminar","2 Fore St, New Redruth, Alberton, 1449","Alberton","Gauteng","","South Africa"," 0838706467","","","","","https://maps.google.com/?hl=en_US&cid=0x0:0x44f6a63ddbf18f21",""
"business","business","N/A","","","Gauteng","","South Africa"," 0828837565","grow@addventurebusinesscoaching.co.za","http://www.addventurebusinesscoaching.co.za/","","","https://maps.google.com/?hl=en_US&cid=0x0:0x6f3df222d9cbb8d7",""
"business","Training centre","MSC Business College - Alberton","79 5th Ave, Alberton, Johannesburg, 1449","Johannesburg","Gauteng","","South Africa"," 0118690183","email@yourcompany.com","http://www.msccollege.co.za/","","","https://maps.google.com/?hl=en_US&cid=0x0:0xf232703e665f2d89",""
"business","Business management consultant","Commercial Merchants","29 Telawarren St, New Redruth, Alberton, 1449","Alberton","Gauteng","","South Africa"," 0118698662","","https://www.commercialsoftware.co.za/","","","https://maps.google.com/?hl=en_US&cid=0x0:0xa4e90dd772d2f836",""
"business","Business management consultant","BizzAcc Alberton (Pty) Ltd","48 Fourth Ave, Alberton North, Johannesburg, 1449","Johannesburg","Gauteng","","South Africa"," 0103001282","","","","","https://maps.google.com/?hl=en_US&cid=0x0:0x49df0a6246323d15",""
"business","Computer store","Matrix Warehouse Alberton (Head Office)","Shop 14, Cnr Swartkoppies  lemon Tree shopping centre, Heidelberg Rd, Newmarket, Alberton, 1450","Alberton","Gauteng","","South Africa"," 0118692613","","https://matrixwarehouse.co.za/alberton-in-store-promotions-2/?utm_source>>u003dgmb_alberton>>u0026utm_medium>>u003dgmb_alberton>>u0026utm_campaign>>u003dgmb_alberton>>u0026utm_term>>u003dgmb_alberton","","","https://maps.google.com/?hl=en_US&cid=0x0:0xd061e4e01dfa4436",""
"business","Telecommunications service provider","SYMTECH","7 Camborne Rd, New Redruth, Alberton, 1449","Alberton","Gauteng","","South Africa"," 0712277600","","","","","https://maps.google.com/?hl=en_US&cid=0x0:0x64cb04ce56892095",""
"business","Business management consultant","Africa32 (PTY)Ltd","10 Tulbach St, Alberante, Alberton, 1449","Alberton","Gauteng","","South Africa"," 0722786125","","","","","https://maps.google.com/?hl=en_US&cid=0x0:0x3fadad8e0d90dad2",""
"business","","Gauteng Business Rescue Practitioners","67 Van Riebeeck Ave, Gauteng, Alberton, 1450","Alberton","Gauteng","","South Africa"," 0104480702","","","","","https://maps.google.com/?hl=en_US&cid=0x0:0x71baf822149c9711",""
"business","business","N/A","","","Gauteng","","South Africa"," 0738146396","","","","","https://maps.google.com/?hl=en_US&cid=0x0:0x635cfc884e88261",""
"business","Business management consultant","The Vado Enterprise Holding Company","68 Voortrekker Rd, Alrode, Alberton, 1450","Alberton","Gauteng","","South Africa"," 0104479964","","","","","https://maps.google.com/?hl=en_US&cid=0x0:0xa1a723002c186ef8",""
"business","Accounting firm","Zelda Zaayman Consulting (Pty) Ltd","Second Floor, Alberante Centre, 37 Penzance St, New Redruth, Alberton, 1453","Alberton","Gauteng","","South Africa"," 0871600277","","","","","https://maps.google.com/?hl=en_US&cid=0x0:0x65952d5ac6064961",""
"business","Branding agency","COMRESTORE (PTY)LTD","2280 Intakaza Street Commercia Extension 34 Mayibuye, 1685","Alberton","Gauteng","","South Africa"," 0787320892","","","","","https://maps.google.com/?hl=en_US&cid=0x0:0xa9cc7fc6b46b534f",""
"business","Accountant","AVC Corporate Advisory Services","Second Floor East Wing, Malanshof, 62 Charl Cilliers Ave, Alberton","Alberton","Gauteng","","South Africa"," 0823022260","","","","","https://maps.google.com/?hl=en_US&cid=0x0:0xe107cc789bb52b93",""
"business","Business management consultant","Bligvest","13 Lenin St, Raceview, Alberton, 1449","Alberton","Gauteng","","South Africa"," 0117245649","info@bligvest.co.za","http://bligvest.co.za/","","","https://maps.google.com/?hl=en_US&cid=0x0:0xed34365d6c7e97b9",""
"business","business","N/A","","","Gauteng","","South Africa"," 0660673373","","","","","https://maps.google.com/?hl=en_US&cid=0x0:0x4355d59f6c2befce",""
"business","Business management consultant","Hustle Brands","36 Newquay Rd, New Redruth, Alberton, 1449","Alberton","Gauteng","","South Africa"," 0662603979","","","","","https://maps.google.com/?hl=en_US&cid=0x0:0x248c6b224c4c5418",""
"business","Business management consultant","Draw the Line Business Solutions","21 Marthinus Rd, Florentia, Alberton, 1449","Alberton","Gauteng","","South Africa"," 0823300517","","","","","https://maps.google.com/?hl=en_US&cid=0x0:0x11fb4cbd31581767",""
"business","Business management consultant","Commercial Merchants","29 Telawarren St, New Redruth, Alberton, 1449","Alberton","Gauteng","","South Africa"," 0118698662","","https://www.commercialsoftware.co.za/","","","https://maps.google.com/?hl=en_US&cid=0x0:0xa4e90dd772d2f836",""
"business","business","N/A","","","Gauteng","","South Africa"," 0794992206","","","","","https://maps.google.com/?hl=en_US&cid=0x0:0xf2ada03a0c18aa68",""
"business","Software company","DJK consulting","21 Chasewater St, New Redruth, Alberton, 1449","Alberton","Gauteng","","South Africa"," 0101094991","","","","","https://maps.google.com/?hl=en_US&cid=0x0:0x1cdaa9f5ae857b23",""
"business","business","N/A","","","Gauteng","","South Africa"," 0823361551","","","","","https://maps.google.com/?hl=en_US&cid=0x0:0xe955657fd716d2c4",""
"business","Accounting firm","MEERFAX","105 Second Ave, Florentia, Alberton, 1450","Alberton","Gauteng","","South Africa"," 0871523402","","","","","https://maps.google.com/?hl=en_US&cid=0x0:0x3aaacee7f813889",""
"business","Training centre","BTC Training (Africa) Pty Limited","3 Promenade Center at, 40 Voortrekker Rd, New Redruth, Alberton, 1449","Alberton","Gauteng","","South Africa"," 0118691946","","http://btcafrica.co.za/","","","https://maps.google.com/?hl=en_US&cid=0x0:0x4d86d5cc97e91bbf",""
"business","business","Gauteng","","","Gauteng","","South Africa","","","","","","https://maps.google.com/?hl=en_US&cid=0x0:0x6d9ee7c7cb5438e2",""
"business","Debt collection agency","Kredcor Khuluma","68 Van Riebeeck Ave, Alberton, 1450","Alberton","Gauteng","","South Africa"," 0119074406","marketing@kredcor.co.za","https://kredcor.co.za/","","","https://maps.google.com/?hl=en_US&cid=0x0:0x224e4d853d937d97",""
"business","Transportation service","Transmed Cargo Services (Pty) Ltd","1 Van Till St, Alrode, Alberton, 1450","Alberton","Gauteng","","South Africa"," 0105920931","info@transmedship.co.za","http://www.transmedship.co.za/","","","https://maps.google.com/?hl=en_US&cid=0x0:0xdfd131bd330f1e6d",""
"business","Warehouse","Steelbank Gauteng","8 Juyn St, Alrode, Johannesburg, 1450","Johannesburg","Gauteng","","South Africa"," 0112015900","info@steelbank.co.za","https://www.steelbank.co.za/","","","https://maps.google.com/?hl=en_US&cid=0x0:0x85b3faefb05d0f88",""
"business","Computer store","Matrix Warehouse Alberton (Head Office)","Shop 14, Cnr Swartkoppies  lemon Tree shopping centre, Heidelberg Rd, Newmarket, Alberton, 1450","Alberton","Gauteng","","South Africa"," 0118692613","","https://matrixwarehouse.co.za/alberton-in-store-promotions-2/?utm_source>>u003dgmb_alberton>>u0026utm_medium>>u003dgmb_alberton>>u0026utm_campaign>>u003dgmb_alberton>>u0026utm_term>>u003dgmb_alberton","","","https://maps.google.com/?hl=en_US&cid=0x0:0xd061e4e01dfa4436",""
"business","business","N/A","","","Gauteng","","South Africa","","","","","","https://maps.google.com/?hl=en_US&cid=0x0:0x45b2e49ec327264a",""
"business","business","N/A","","","Gauteng","","South Africa","","","","","","https://maps.google.com/?hl=en_US&cid=0x0:0x9023e0c83d885c2b",""
"business","business","N/A","","","Gauteng","","South Africa"," 0108802898","anthea@gbdx3.com","https://www.gbdx3.com/","","","https://maps.google.com/?hl=en_US&cid=0x0:0x9f78a1aa6d37f1e8",""
"business","business","N/A","","","Gauteng","","South Africa"," 0658041952","","","","","https://maps.google.com/?hl=en_US&cid=0x0:0x2805df46266358ae",""
"business","business","N/A","","","Gauteng","","South Africa"," 0828837565","grow@addventurebusinesscoaching.co.za","http://www.addventurebusinesscoaching.co.za/","","","https://maps.google.com/?hl=en_US&cid=0x0:0x6f3df222d9cbb8d7",""
"business","business","N/A","","","Gauteng","","South Africa"," 0658041952","","","","","https://maps.google.com/?hl=en_US&cid=0x0:0x1dbec3e6ee7c65ab",""
"business","Cable company","Atlas Cables","41 Potgieter St, Alrode, Alberton, 1451","Alberton","Gauteng","","South Africa"," 0118645255","","https://www.voltex.co.za/","","","https://maps.google.com/?hl=en_US&cid=0x0:0xf98ca1c28ada05ed",""
"business","Aluminum supplier","Wispeco Aluminium","31 Potgieter St, Alrode, Alberton, 1451","Alberton","Gauteng","","South Africa"," 0113890000","info@wispeco.co.za","http://www.wispeco.co.za/","","","https://maps.google.com/?hl=en_US&cid=0x0:0xdc06196e7e5042eb",""
"business","Hose supplier","Hose company","7 Chris St, Alrode, Alberton, 1451","Alberton","Gauteng","","South Africa"," 0118648211","countersales1@hosecompany.co.za","https://www.hosecompany.co.za/","","","https://maps.google.com/?hl=en_US&cid=0x0:0x3277fd380174de11",""
"business","","Buletsa Trading","c4, Fountains Industrial Park, 20 Dan Jacobs St, Alrode, Johannesburg, 1452","Johannesburg","Gauteng","","South Africa"," 0118683443","","","","","https://maps.google.com/?hl=en_US&cid=0x0:0xac5aac62740bb0aa",""
"business","General store","Atlas Group - Wholesale","41 Potgieter St, Alrode, Alberton, 1451","Alberton","Gauteng","","South Africa"," 0118645255","","http://www.voltex.co.za/","","","https://maps.google.com/?hl=en_US&cid=0x0:0x5ae77c7eb5fda9cd",""
"business","Business management consultant","DoAll Holdings (Pty) Ltd","19 Dienst St, Alrode, Alberton, 1451","Alberton","Gauteng","","South Africa"," 0813307971","","http://doallholdings.co.za/","","","https://maps.google.com/?hl=en_US&cid=0x0:0xabf72fc127afeda7",""
"business","Bearing supplier","Alrode Industrial Supplies","C/o Potgieter  Dan Jacobs Rd, Alrode, Johannesburg, 1451","Johannesburg","Gauteng","","South Africa"," 0118642934","info@alrodeindustrial.co.za","http://www.alrodeindustrial.co.za/","","","https://maps.google.com/?hl=en_US&cid=0x0:0xb56c564d18800207",""
"business","Aluminum window","Aluminium Windows  Doors Alberton | Frameless Glass Stacking Door Installations | Balustrades","13 Chris St, Alrode, Alberton, 1451","Alberton","Gauteng","","South Africa"," 0871332237","","","","","https://maps.google.com/?hl=en_US&cid=0x0:0x14a1d0ecbbcaf5d2",""
"business","Cable company","Versalec Cables - Alrode","41 Potgieter St, Alrode, Alberton, 1451","Alberton","Gauteng","","South Africa"," 0118645255","info@versalec.co.za","http://www.versalec.co.za/","","","https://maps.google.com/?hl=en_US&cid=0x0:0x29914968fca3c618",""
"business","Manufacturer","Sikelela Steel Pty Ltd","18 Botha St, Alrode, Alberton, 1449","Alberton","Gauteng","","South Africa"," 0118646799","harris@sspv.co.za","http://sikelelasteel.co.za/","","","https://maps.google.com/?hl=en_US&cid=0x0:0xfe4dfd678aea04e6",""
"business","Aluminum supplier","Aluminium Solution Services","8 Piet Fick St, Alrode, Alberton, 1451","Alberton","Gauteng","","South Africa"," 0822263070","","","","","https://maps.google.com/?hl=en_US&cid=0x0:0x71b5d4d7eaf5fd",""
"business","Civil engineering company","Group 1 Engineering International Contractor Pty Ltd","04 Fuchs St, Alrode, Johannesburg, 1449","Johannesburg","Gauteng","","South Africa"," 0118642050","group1@global.co.za","http://www.group1engineering.co.za/","","","https://maps.google.com/?hl=en_US&cid=0x0:0x4c83b8d2a6d7dc13",""
"business","Aluminum supplier","Crealco Aluminium","36-38 Potgieter St, Alrode, Alberton, 1451","Alberton","Gauteng","","South Africa"," 0113890000","info@litcreations.com","http://www.crealco.co.za/","","","https://maps.google.com/?hl=en_US&cid=0x0:0xdd0f40dfaa0d7aad",""
"business","Engineering consultant","ROMIK ENGINEERING","22 Dan Jacobs St, Alrode, Alberton, 1451","Alberton","Gauteng","","South Africa"," 0119026199","","http://romik.co.za/","","","https://maps.google.com/?hl=en_US&cid=0x0:0x2a6b7b0c57c705d6",""
"business","Clothing store","National Clothing Distributors","12 Borax St, Alrode, Johannesburg, 1449","Johannesburg","Gauteng","","South Africa"," 0118641165","jm.mike.vanrooyen@gmail.com","http://www.nationalclothing.co.za/","","","https://maps.google.com/?hl=en_US&cid=0x0:0xca57587af8524489",""
"business","","Widney Transport Components (Pty) Ltd","49 Potgieter St, Alrode, Alberton, 1451","Alberton","Gauteng","","South Africa"," 0114399300","widneyinfo@pg.co.za","https://www.widney.co.za/","","","https://maps.google.com/?hl=en_US&cid=0x0:0xf67d4ade66f74eb6",""
"business","","A  B Movers C C","16 Garfield Rd, Alrode, ALRODE, 1449","ALRODE","Gauteng","","South Africa"," 0119083900","maria@abmovers.co.za","https://www.abmovers.co.za/","","","https://maps.google.com/?hl=en_US&cid=0x0:0xbf3eff477d1648c",""
"business","business","1451","Alberton","Alberton","Gauteng","","South Africa","","","","","","https://maps.google.com/?hl=en_US&cid=0x0:0x65d3404aad356d64",""
"business","Fire protection equipment supplier","Firebreak Safety Appliances (PTY) Ltd","14 Combrinck St, Alrode, Johannesburg, 1451","Johannesburg","Gauteng","","South Africa"," 0119086960","enquiries@firebreaksa.co.za","https://www.firebreaksa.co.za/","","","https://maps.google.com/?hl=en_US&cid=0x0:0xf8f345f599eb1e3f",""
"business","General store","The Pines Micro Industrial Park","Alrode South, Alberton, 1448","Alberton","Gauteng","","South Africa","","","","","","https://maps.google.com/?hl=en_US&cid=0x0:0x3a0a33c2f3c7c9e6",""
"business","Electrical equipment supplier","Voltex Wholesale - Head Office","41 Potgieter St, Alrode, Alberton, 1451","Alberton","Gauteng","","South Africa"," 0118645255","","https://www.voltex.co.za/","","","https://maps.google.com/?hl=en_US&cid=0x0:0xef9a9969583cd424",""
"business","Occupational health service","Ocsa - Training Academy of Excellence","4 Combrinck St, Alrode, Alberton, 1449","Alberton","Gauteng","","South Africa"," 0118641173","","","","","https://maps.google.com/?hl=en_US&cid=0x0:0xb7913668b8e38856",""
"business","Construction company","Alberton Construction Company (Pty) Ltd","1 Fore St, New Redruth, Alberton, 1449","Alberton","Gauteng","","South Africa"," 0119073530","","","","","https://maps.google.com/?hl=en_US&cid=0x0:0x1bdebd0340fd307b",""
"business","Manufacturer","NJR Steel Alrode","6 Dan Jacobs St, Alrode, Alberton, 1451","Alberton","Gauteng","","South Africa"," 0118642111","sfitzhenry@njrsteel.co.za","http://www.njrsteel.com/branches/njr-steel-alrode","","","https://maps.google.com/?hl=en_US&cid=0x0:0x91fb0640e4d914f1",""
"business","business","N/A","","","Gauteng","","South Africa"," 0660673373","","","","","https://maps.google.com/?hl=en_US&cid=0x0:0x4355d59f6c2befce",""
"business","Customs warehouse","Alrode Multi Park","J G Strijdom Rd, Mayberry Park, Alberton, 1481","Alberton","Gauteng","","South Africa"," 0112913147","","","","","https://maps.google.com/?hl=en_US&cid=0x0:0x2be3b2c8df301b9d",""
"business","Packaging supply store","ELITE PACKAGING SOLUTIONS","11 Beryllium Rd, Alrode, Alberton, 1451","Alberton","Gauteng","","South Africa"," 0119001231","info@elitepack.co.za","http://elitepack.co.za/","","","https://maps.google.com/?hl=en_US&cid=0x0:0x9e2b196f7292d018",""
"business","Real estate rental agency","The Business Hub SA | Jhb South ( Business Park )","6 Combrinck Street Jhb South, Alrode, Johannesburg, 1451","Johannesburg","Gauteng","","South Africa"," 0794942066","","","","","https://maps.google.com/?hl=en_US&cid=0x0:0xa3bb2d63760b7b1c",""
"business","Metal fabricator","Metal Manufacturing Solutions","126 Struben Rd, Alrode South, Alberton, 1451","Alberton","Gauteng","","South Africa"," 0119002842","general@metalms.co.za","http://www.metalms.co.za/","","","https://maps.google.com/?hl=en_US&cid=0x0:0x4f6fa4be9e85543f",""
"business","Printer repair service","Business Equipment Corporation CC","42 5th Ave, Alberton, 1449","Alberton","Gauteng","","South Africa"," 0119073184","","http://www.toshibabec.co.za/","","","https://maps.google.com/?hl=en_US&cid=0x0:0xf639273a0a72d71e",""
"business","Training centre","MSC Business College - Alberton","79 5th Ave, Alberton, Johannesburg, 1449","Johannesburg","Gauteng","","South Africa"," 0118690183","email@yourcompany.com","http://www.msccollege.co.za/","","","https://maps.google.com/?hl=en_US&cid=0x0:0xf232703e665f2d89",""
"business","Accountant","Business Seminar","2 Fore St, New Redruth, Alberton, 1449","Alberton","Gauteng","","South Africa"," 0838706467","","","","","https://maps.google.com/?hl=en_US&cid=0x0:0x44f6a63ddbf18f21",""
"business","Bus stop","Alberton North.","Parklands Alberton alberton North, 4448","Alberton","Gauteng","","South Africa"," 0822977748","","","","","https://maps.google.com/?hl=en_US&cid=0x0:0x5fd78605567ebde0",""
"business","Business management consultant","Africa32 (PTY)Ltd","10 Tulbach St, Alberante, Alberton, 1449","Alberton","Gauteng","","South Africa"," 0722786125","","","","","https://maps.google.com/?hl=en_US&cid=0x0:0x3fadad8e0d90dad2",""
"business","Hose supplier","Hose company","7 Chris St, Alrode, Alberton, 1451","Alberton","Gauteng","","South Africa"," 0118648211","countersales1@hosecompany.co.za","https://www.hosecompany.co.za/","","","https://maps.google.com/?hl=en_US&cid=0x0:0x3277fd380174de11",""
"business","Internet marketing service","Alberton Business Card Express","1 Chasewater St, New Redruth, Alberton, 1449","Alberton","Gauteng","","South Africa"," 0607431244","","","","","https://maps.google.com/?hl=en_US&cid=0x0:0x854751dcc9322664",""
"business","Business management consultant","BizzAcc Alberton (Pty) Ltd","48 Fourth Ave, Alberton North, Johannesburg, 1449","Johannesburg","Gauteng","","South Africa"," 0103001282","","","","","https://maps.google.com/?hl=en_US&cid=0x0:0x49df0a6246323d15",""
"business","Industrial equipment supplier","Sphandile Trading Enterprise cc","14 Borax St, Alrode, Alberton, 1451","Alberton","Gauteng","","South Africa"," 0119073554","info@sphandile.co.za","http://www.sphandile.co.za/","","","https://maps.google.com/?hl=en_US&cid=0x0:0x42c1a560c8d72a6f",""
"business","","Minova RSA (Pty) Ltd","23 Botha St, Alrode, Alberton, 1451","Alberton","Gauteng","","South Africa"," 0119231900","enquiries@minovaglobal.com","http://www.minovaglobal.com/","","","https://maps.google.com/?hl=en_US&cid=0x0:0xcc1d4b400a8da3a2",""
"business","Real estate rental agency","The Business Hub SA | Jhb South ( Business Park )","6 Combrinck Street Jhb South, Alrode, Johannesburg, 1451","Johannesburg","Gauteng","","South Africa"," 0794942066","","","","","https://maps.google.com/?hl=en_US&cid=0x0:0xa3bb2d63760b7b1c",""
"business","Cosmetics and perfumes supplier","Esteem Flavours (Pty) Ltd.","24 Basalt St, Alrode, Alberton, 1448","Alberton","Gauteng","","South Africa"," 0632196460","","","","","https://maps.google.com/?hl=en_US&cid=0x0:0x985a6811f06ace9e",""
"business","Corporate office","Business Accountants and Advisory","31 Newquay Rd, New Redruth, Alberton, 1449","Alberton","Gauteng","","South Africa"," 0103351724","webmaster@baandadvisory.co.za","http://www.baandadvisory.co.za/","","","https://maps.google.com/?hl=en_US&cid=0x0:0x68004a034d978b10",""
"business","Accounting firm","SA Accounting Network - Alberton","18 Bentonite St, Alrode, Alberton, 1451","Alberton","Gauteng","","South Africa"," 0764349337","","http://www.saaccountingnetwork.co.za/accountant-alberton.html","","","https://maps.google.com/?hl=en_US&cid=0x0:0xd66df1708fc9ae25",""
"business","Steelwork design service","Usbe Projects (PTY) Ltd","Ext.3, 63 Palmer St, Alrode South, Alberton, 1451","Alberton","Gauteng","","South Africa"," 0118684820","","","","","https://maps.google.com/?hl=en_US&cid=0x0:0x6d346416587018a6",""
"business","Corporate office","Bpsa","18 Beryllium Rd, Glen Ridge, Alberton, 1451","Alberton","Gauteng","","South Africa"," 0116178221","","","","","https://maps.google.com/?hl=en_US&cid=0x0:0x4a3ca0be77607290",""
"business","Software company","F ²","37 Orange St, Brackendowns, Alberton, 1454","Alberton","Gauteng","","South Africa","","","","","","https://maps.google.com/?hl=en_US&cid=0x0:0x3b69a92ec1e44d2f",""
"business","Engineering consultant","EJN Engineering","14 Basalt St, Alrode, Johannesburg, 1451","Johannesburg","Gauteng","","South Africa"," 0732672730","","","","","https://maps.google.com/?hl=en_US&cid=0x0:0x7a1d5a3c32f5dbf",""
"business","business","Alberton","","Alberton","Gauteng","","South Africa","","","","","","https://maps.google.com/?hl=en_US&cid=0x0:0x5e51c9fd8fa53252",""
"business","Business management consultant","THE SOLUTION CREW","47 Kowi St, Brackenhurst, Alberton, 1610","Alberton","Gauteng","","South Africa"," 0607442989","","","","","https://maps.google.com/?hl=en_US&cid=0x0:0xa5cf0b708b7032e3",""
"business","Car dealer","Chery Alberton","Cnr Dante Street , Hesperus St, Raceview, Alberton, 1449","Alberton","Gauteng","","South Africa"," 0878031108","","http://www.cheryalberton.co.za/","","","https://maps.google.com/?hl=en_US&cid=0x0:0x9ee9264e52ba7611",""
"business","Business to business service","Alberton North Business Card Express","14 Fourth Ave, Alberton north, 1456","Alberton north","Gauteng","","South Africa"," 0114356535","","","","","https://maps.google.com/?hl=en_US&cid=0x0:0x38755cab22d9a1e3",""
"business","Accountant","The Financial Manager (Pty) Ltd","44 Nelson Mandela Ave, Randhart, Alberton, 1449","Alberton","Gauteng","","South Africa"," 0711339659","Henk@thefm.co.za","http://www.thefinancialmanager.co.za/","","","https://maps.google.com/?hl=en_US&cid=0x0:0x9a781b12dbe47f4",""
"business","Accounting firm","Fair Value Business Solutions","53A Second Ave, Alberton North, Alberton, 1449","Alberton","Gauteng","","South Africa"," 0789641442","","","","","https://maps.google.com/?hl=en_US&cid=0x0:0x1bf9b95d1618035c",""
"business","Accounting firm","Alethia Accounting  Business Services (PTY) Ltd","30 Pendoring St, Brackendowns, Alberton, 1448","Alberton","Gauteng","","South Africa"," 0792653382","","","","","https://maps.google.com/?hl=en_US&cid=0x0:0x882de9809d03ee8d",""
"business","business","N/A","","","Gauteng","","South Africa"," 0780558478","Enquiries@pmvraccounting.co.za","http://www.pmvraccounting.co.za/","","","https://maps.google.com/?hl=en_US&cid=0x0:0x153a5673e73d919e",""
"business","Business management consultant","Fine-Touch Consulting","4 McBride Street, Brackenhurst, Alberton, 1448","Alberton","Gauteng","","South Africa"," 0118676610","","","","","https://maps.google.com/?hl=en_US&cid=0x0:0x420183b951408c3b",""
"business","Civil engineering company","Columbus Detailing","3 Borax St, Alrode, Alberton, 1451","Alberton","Gauteng","","South Africa"," 0829283495","","http://www.columbusdetailing.co.za/","","","https://maps.google.com/?hl=en_US&cid=0x0:0xcc33c6c788ceb12c",""
"business","Property management company","ISO Quest","3 Donald Street Alberton SP, 1449","Alberton","Gauteng","","South Africa"," 0834496261","","","","","https://maps.google.com/?hl=en_US&cid=0x0:0xbc22b8605c533ac9",""
"business","Environmental consultant","SCCO Safety Consulting Company Africa (Pty) Ltd","Albemarle, Alberton, 1449","Alberton","Gauteng","","South Africa"," 0713915469","","http://scco.co.za/","","","https://maps.google.com/?hl=en_US&cid=0x0:0x64692e168d31a1fb",""
"business","Training centre","MSC Business College - Alberton","79 5th Ave, Alberton, Johannesburg, 1449","Johannesburg","Gauteng","","South Africa"," 0118690183","email@yourcompany.com","http://www.msccollege.co.za/","","","https://maps.google.com/?hl=en_US&cid=0x0:0xf232703e665f2d89",""
"business","Construction company","Relebohile Trading  Consulting Pty Ltd","saxon hof, 64 Elands Rd, Florentia, Alberton, 1449","Alberton","Gauteng","","South Africa"," 0817284263","","","","","https://maps.google.com/?hl=en_US&cid=0x0:0x95d50db1c5113b3f",""
"business","","SHEQx Solutions","13 Vegkop St, Verwoerdpark, Alberton, 1449","Alberton","Gauteng","","South Africa"," 0817139865","","","","","https://maps.google.com/?hl=en_US&cid=0x0:0x88a26c3bd0c5a72a",""
"business","Occupational safety and health","MAKROSAFE Holdings (PTY) Ltd.","1st Floor, Second Avenue Center cnr. 2nd Avenue and, Jim Fouche Rd, Verwoerdpark, Alberton, 1449","Alberton","Gauteng","","South Africa"," 0861444777","","http://www.makrosafe.co.za/","","","https://maps.google.com/?hl=en_US&cid=0x0:0x3c2c44a95b0914cc",""
"business","Accounting firm","Fair Value Business Solutions","53A Second Ave, Alberton North, Alberton, 1449","Alberton","Gauteng","","South Africa"," 0789641442","","","","","https://maps.google.com/?hl=en_US&cid=0x0:0x1bf9b95d1618035c",""
"business","business","N/A","","","Gauteng","","South Africa"," 0828837565","","","","","https://maps.google.com/?hl=en_US&cid=0x0:0xa76b0979b271c44",""
"business","Business management consultant","Inyathi Empire Group","3 Jacobus Rd, ALBERTON, Alberton, 1449","Alberton","Gauteng","","South Africa"," 0736911886","","","","","https://maps.google.com/?hl=en_US&cid=0x0:0x51488ca61734c465",""
"business","Business management consultant","SPS Business Plans  Funding","32 Pelican Rd, Verwoerdpark, Alberton, 1449","Alberton","Gauteng","","South Africa"," 0119020260","","","","","https://maps.google.com/?hl=en_US&cid=0x0:0x6bccd9f0c9b198db",""
"business","Accountant","AVC Corporate Advisory Services","Second Floor East Wing, Malanshof, 62 Charl Cilliers Ave, Alberton","Alberton","Gauteng","","South Africa"," 0823022260","","","","","https://maps.google.com/?hl=en_US&cid=0x0:0xe107cc789bb52b93",""
"business","Business management consultant","BizzAcc Alberton (Pty) Ltd","48 Fourth Ave, Alberton North, Johannesburg, 1449","Johannesburg","Gauteng","","South Africa"," 0103001282","","","","","https://maps.google.com/?hl=en_US&cid=0x0:0x49df0a6246323d15",""
"business","business","N/A","","","Gauteng","","South Africa"," 0660673373","","","","","https://maps.google.com/?hl=en_US&cid=0x0:0x4355d59f6c2befce",""
"business","Business management consultant","Sonkisizwe Business Advisory cc","210 Second Ave, Verwoerdpark, Alberton, 1449","Alberton","Gauteng","","South Africa"," 0110257896","","","","","https://maps.google.com/?hl=en_US&cid=0x0:0xbd4f4a5d00f1b2c8",""
"business","business","N/A","","","Gauteng","","South Africa"," 0738146396","","","","","https://maps.google.com/?hl=en_US&cid=0x0:0x635cfc884e88261",""
"business","","Gauteng Business Rescue Practitioners","67 Van Riebeeck Ave, Gauteng, Alberton, 1450","Alberton","Gauteng","","South Africa"," 0104480702","","","","","https://maps.google.com/?hl=en_US&cid=0x0:0x71baf822149c9711",""
"business","Accountant","TDB FINANCIAL SOLUTIONS","227 Second Ave, Verwoerdpark, Alberton, 1449","Alberton","Gauteng","","South Africa"," 0832885098","","","","","https://maps.google.com/?hl=en_US&cid=0x0:0xe927575a38810550",""
"business","Engineering consultant","Mariteng Consulting Engineers","11 Van Tonder St, Verwoerdpark, Alberton, 1143","Alberton","Gauteng","","South Africa"," 0878217071","","","","","https://maps.google.com/?hl=en_US&cid=0x0:0xbb071c35e117b8ab",""
"business","business","1453","Verwoerdpark, Alberton","Alberton","Gauteng","","South Africa","","","","","","https://maps.google.com/?hl=en_US&cid=0x0:0x30b1c2dda092019c",""
"business","Corporate office","Mine Safety Training Academy","15 Prinsloo St, Alberton, 1449","Alberton","Gauteng","","South Africa","","","","","","https://maps.google.com/?hl=en_US&cid=0x0:0x8c07837779ee9365",""
"business","Importer","SA BIZMARK","39 Bodmin Rd, New Redruth, Alberton, 1449","Alberton","Gauteng","","South Africa"," 0876555005","info@sabizmark.co.za","http://sabizmark.co.za/","","","https://maps.google.com/?hl=en_US&cid=0x0:0xcbe2c4645b6ac95d",""
"business","Business management consultant","Hustle Brands","36 Newquay Rd, New Redruth, Alberton, 1449","Alberton","Gauteng","","South Africa"," 0662603979","","","","","https://maps.google.com/?hl=en_US&cid=0x0:0x248c6b224c4c5418",""
"business","Accountant","The Tax Shop Alberton","81 Second Ave, Florentia, Alberton, 1449","Alberton","Gauteng","","South Africa"," 0644593875","info@taxshopalberton.co.za","http://www.taxshopalberton.co.za/","","","https://maps.google.com/?hl=en_US&cid=0x0:0x521b9ba26e545024",""
"business","business","N/A","","","Gauteng","","South Africa"," 0796917496","","","","","https://maps.google.com/?hl=en_US&cid=0x0:0xfb8f86234a65ea79",""
"business","business","N/A","","","Gauteng","","South Africa"," 0108802898","anthea@gbdx3.com","https://www.gbdx3.com/","","","https://maps.google.com/?hl=en_US&cid=0x0:0x9f78a1aa6d37f1e8",""
"business","business","N/A","","","Gauteng","","South Africa"," 0833489105","","","","","https://maps.google.com/?hl=en_US&cid=0x0:0xcfb3bb8d5bfc31ad",""
"business","Accounting firm","Zelda Zaayman Consulting (Pty) Ltd","Second Floor, Alberante Centre, 37 Penzance St, New Redruth, Alberton, 1453","Alberton","Gauteng","","South Africa"," 0871600277","","","","","https://maps.google.com/?hl=en_US&cid=0x0:0x65952d5ac6064961",""
"business","business","N/A","","","Gauteng","","South Africa"," 0710492585","","","","","https://maps.google.com/?hl=en_US&cid=0x0:0xbb5fd955154b2b5f",""
"business","Shopping mall","Penzance Corner","11 Penzance St, Alberton, Johannesburg, 1451","Johannesburg","Gauteng","","South Africa"," 0849994425","sales@velsanlabs.co.za","http://www.velsanlabs.co.za/","","","https://maps.google.com/?hl=en_US&cid=0x0:0xc953efe6f36a8be4",""
"business","business","N/A","","","Gauteng","","South Africa"," 0828837565","grow@addventurebusinesscoaching.co.za","http://www.addventurebusinesscoaching.co.za/","","","https://maps.google.com/?hl=en_US&cid=0x0:0x6f3df222d9cbb8d7",""
"business","business","N/A","","","Gauteng","","South Africa"," 0108802898","anthea@gbdx3.com","https://www.gbdx3.com/","","","https://maps.google.com/?hl=en_US&cid=0x0:0x9f78a1aa6d37f1e8",""
"business","Business management consultant","Juchepi Global Group (Pty) ltd","76 De Waal St, Brackendowns, Alberton, 1448","Alberton","Gauteng","","South Africa"," 0878078602","wweeiihhuuaanngg@gmail.com","http://www.juchepigroup.com/","","","https://maps.google.com/?hl=en_US&cid=0x0:0x9077db500cca1214",""
"business","Chartered accountant","Inyani Business Solutions","74 Hennie Alberts St, Brackenhurst, Alberton, 1448","Alberton","Gauteng","","South Africa"," 0106345577","info@inyani.co.za","http://www.inyani.co.za/","","","https://maps.google.com/?hl=en_US&cid=0x0:0xd645dce206a03735",""
"business","Business management consultant","Nezrotag","4373 Highveld Dun St, Albertsdal, Alberton, 1448","Alberton","Gauteng","","South Africa"," 0792951537","","","","","https://maps.google.com/?hl=en_US&cid=0x0:0x25ee52cf1d32076a",""
"business","Business management consultant","OptimumPro","17 Linda St, Brackendowns, Alberton, 1454","Alberton","Gauteng","","South Africa"," 0645446051","info@optimumpro.co.za","https://optimumpro.co.za/","","","https://maps.google.com/?hl=en_US&cid=0x0:0xc86f86a329d99228",""
"business","Power plant equipment supplier","Powercorp Africa","48 Fourth Ave, Alberton, 1450","Alberton","Gauteng","","South Africa"," 0103001272","projects@powercorp.org.za","http://www.powercorpafrica.co.za/","","","https://maps.google.com/?hl=en_US&cid=0x0:0x593f3188fb2802b7",""
"business","Accounting firm","Alethia Accounting  Business Services (PTY) Ltd","30 Pendoring St, Brackendowns, Alberton, 1448","Alberton","Gauteng","","South Africa"," 0792653382","","","","","https://maps.google.com/?hl=en_US&cid=0x0:0x882de9809d03ee8d",""
"business","Software company","F ²","37 Orange St, Brackendowns, Alberton, 1454","Alberton","Gauteng","","South Africa","","","","","","https://maps.google.com/?hl=en_US&cid=0x0:0x3b69a92ec1e44d2f",""
"business","Business management consultant","THE SOLUTION CREW","47 Kowi St, Brackenhurst, Alberton, 1610","Alberton","Gauteng","","South Africa"," 0607442989","","","","","https://maps.google.com/?hl=en_US&cid=0x0:0xa5cf0b708b7032e3",""
"business","business","N/A","","","Gauteng","","South Africa"," 0823361551","","","","","https://maps.google.com/?hl=en_US&cid=0x0:0xe955657fd716d2c4",""
"business","Accounting firm","Ginger Arrow Consulting  Business Solutions","50 Chrissie St, Brackenhurst, Johannesburg, 1448","Johannesburg","Gauteng","","South Africa"," 0618429337","kerry@gingerarrow.com","http://www.gingerarrow.com/","","","https://maps.google.com/?hl=en_US&cid=0x0:0x6783dccf2bbb0023",""
"business","business","N/A","","","Gauteng","","South Africa"," 0745899576","","","","","https://maps.google.com/?hl=en_US&cid=0x0:0x578c37e2a4f938bd",""
"business","Business management consultant","Probiz Consulting Pty Ltd","51 Letaba Street, Brackendowns, Alberton, 1448","Alberton","Gauteng","","South Africa"," 0835776182","","","","","https://maps.google.com/?hl=en_US&cid=0x0:0x60ec5a4fe9768146",""
"business","Business management consultant","BizzAcc Alberton (Pty) Ltd","48 Fourth Ave, Alberton North, Johannesburg, 1449","Johannesburg","Gauteng","","South Africa"," 0103001282","","","","","https://maps.google.com/?hl=en_US&cid=0x0:0x49df0a6246323d15",""
"business","General store","Fusion Procurement (Pty) Ltd","18 Hennie Alberts St, Brackenhurst, Alberton, 1448","Alberton","Gauteng","","South Africa"," 0118677500","","","","","https://maps.google.com/?hl=en_US&cid=0x0:0x9fcaf75a330c6c62",""
"business","Training centre","MSC Business College - Alberton","79 5th Ave, Alberton, Johannesburg, 1449","Johannesburg","Gauteng","","South Africa"," 0118690183","email@yourcompany.com","http://www.msccollege.co.za/","","","https://maps.google.com/?hl=en_US&cid=0x0:0xf232703e665f2d89",""
"business","Financial planner","Dsquared Business Development","Brackenveld Villa, 8 Bamboes St, Brackendowns, Alberton, 1448","Alberton","Gauteng","","South Africa"," 0118683165","","","","","https://maps.google.com/?hl=en_US&cid=0x0:0xe59eab30626375d8",""
"business","business","1454","Brackendowns, Alberton","Alberton","Gauteng","","South Africa","","","","","","https://maps.google.com/?hl=en_US&cid=0x0:0xd1fe29ee3bae770c",""
"business","Business management consultant","316 Projects","7 Palomino St, Meyersdal, Alberton, 0122","Alberton","Gauteng","","South Africa"," 0784595038","","","","","https://maps.google.com/?hl=en_US&cid=0x0:0xcd4b33c7a55b9980",""
"business","Business management consultant","Africa32 (PTY)Ltd","10 Tulbach St, Alberante, Alberton, 1449","Alberton","Gauteng","","South Africa"," 0722786125","","","","","https://maps.google.com/?hl=en_US&cid=0x0:0x3fadad8e0d90dad2",""
"business","Construction company","Alberton Construction Company (Pty) Ltd","1 Fore St, New Redruth, Alberton, 1449","Alberton","Gauteng","","South Africa"," 0119073530","","","","","https://maps.google.com/?hl=en_US&cid=0x0:0x1bdebd0340fd307b",""
"business","Business management consultant","Global Excellence Enabler Solutions (Pty) Ltd","16 Christiaan St, Brackenhurst, Alberton, 1448","Alberton","Gauteng","","South Africa"," 0724449634","","","","","https://maps.google.com/?hl=en_US&cid=0x0:0x75d50a710fb0150d",""
"business","Accountant","Business Seminar","2 Fore St, New Redruth, Alberton, 1449","Alberton","Gauteng","","South Africa"," 0838706467","","","","","https://maps.google.com/?hl=en_US&cid=0x0:0x44f6a63ddbf18f21",""
"business","Caterer","Bezt Caterers Pty Ltd","216 Delphinium St, Brackenhurst, Alberton, 1448","Alberton","Gauteng","","South Africa"," 0795159558","","http://www.beztcaterers.co.za/","","","https://maps.google.com/?hl=en_US&cid=0x0:0x86a267e23203455c",""
"business","Marketing consultant","PSZ.CO.ZA","5 Fire Finch Street, 15 Turtle Dove View, Alberton, 1449","Alberton","Gauteng","","South Africa"," 0791897791","","","","","https://maps.google.com/?hl=en_US&cid=0x0:0xfaf8a4291cb281b0",""
"business","Hose supplier","Hose company","7 Chris St, Alrode, Alberton, 1451","Alberton","Gauteng","","South Africa"," 0118648211","countersales1@hosecompany.co.za","https://www.hosecompany.co.za/","","","https://maps.google.com/?hl=en_US&cid=0x0:0x3277fd380174de11",""
"business","Furniture manufacturer","Frankglent Business Solutions (PTY) Ltd","Block 52, Unit 29/31 Kaiprop Share, 427 Rabotapi St, Moshoeshoe, Katlehong, 1431","Katlehong","Gauteng","","South Africa"," 0640318916","thobile@frankglent.co.za","http://www.frankglent.co.za/","","","https://maps.google.com/?hl=en_US&cid=0x0:0xb913d0558c41119d",""
"business","Software company","Metroberry Trading (Pty) Ltd T/A MetroBerry Online","30 Sycamore St, Brackendowns, Alberton, 1454","Alberton","Gauteng","","South Africa"," 0715445250","","https://www.metroberry.co.za/","","","https://maps.google.com/?hl=en_US&cid=0x0:0x41ae36c50efeb093",""
"business","Electrical engineer","PFC Services","17 Chrislou Cres, Alberton, 1450","Alberton","Gauteng","","South Africa"," 0820907137","andre@pfcservices.co.za","http://pfcservices.co.za/","","","https://maps.google.com/?hl=en_US&cid=0x0:0x1bd05cb9f6a0bef3",""
"business","Marketing agency","Botle Buhle Brands","4426 Mothobi motlaotsi street, Eden Park, Alberton, 1458","Alberton","Gauteng","","South Africa"," 0604417127","","","","","https://maps.google.com/?hl=en_US&cid=0x0:0x434ffd5e580c93ce",""
"business","Construction company","Alberton Construction Company (Pty) Ltd","1 Fore St, New Redruth, Alberton, 1449","Alberton","Gauteng","","South Africa"," 0119073530","","","","","https://maps.google.com/?hl=en_US&cid=0x0:0x1bdebd0340fd307b",""
"business","Packaging supply store","Africa Global Packaging","Shop No. 4, Alberton North, 27 Louis Trichardt Street JBR Centre, Alberton, 1459","Alberton","Gauteng","","South Africa"," 0113916153","Cosmetic_Jars_Bottles_General_PackagingServicing_The_Entire_African_Continent_Tel_27_11_869_0547_Cell_27_64_869_3858_1_120x@3x.gif","http://www.africaglobalpackaging.co.za/","","","https://maps.google.com/?hl=en_US&cid=0x0:0x20e3a3dd41d12105",""
"business","Real estate rental agency","The Business Hub SA | Jhb South ( Business Park )","6 Combrinck Street Jhb South, Alrode, Johannesburg, 1451","Johannesburg","Gauteng","","South Africa"," 0794942066","","","","","https://maps.google.com/?hl=en_US&cid=0x0:0xa3bb2d63760b7b1c",""
"business","General store","Fusion Procurement (Pty) Ltd","18 Hennie Alberts St, Brackenhurst, Alberton, 1448","Alberton","Gauteng","","South Africa"," 0118677500","","","","","https://maps.google.com/?hl=en_US&cid=0x0:0x9fcaf75a330c6c62",""
"business","Business management consultant","Africa32 (PTY)Ltd","10 Tulbach St, Alberante, Alberton, 1449","Alberton","Gauteng","","South Africa"," 0722786125","","","","","https://maps.google.com/?hl=en_US&cid=0x0:0x3fadad8e0d90dad2",""
"business","Corporate office","Bpsa","18 Beryllium Rd, Glen Ridge, Alberton, 1451","Alberton","Gauteng","","South Africa"," 0116178221","","","","","https://maps.google.com/?hl=en_US&cid=0x0:0x4a3ca0be77607290",""
"business","Business management consultant","BizzAcc Alberton (Pty) Ltd","48 Fourth Ave, Alberton North, Johannesburg, 1449","Johannesburg","Gauteng","","South Africa"," 0103001282","","","","","https://maps.google.com/?hl=en_US&cid=0x0:0x49df0a6246323d15",""
"business","Automation company","Jedza Building Management Systems","9 Hillmoor Manor, 2 Falcon St, Meyersdal, Alberton, 1448","Alberton","Gauteng","","South Africa"," 0670491842","","","","","https://maps.google.com/?hl=en_US&cid=0x0:0x7ea1c586160b3997",""
"business","Accounting firm","Fair Value Business Solutions","53A Second Ave, Alberton North, Alberton, 1449","Alberton","Gauteng","","South Africa"," 0789641442","","","","","https://maps.google.com/?hl=en_US&cid=0x0:0x1bf9b95d1618035c",""
"business","Accounting firm","Rabie Deysel Auditors - Alberton","1 Fore St, New Redruth, Alberton, 1449","Alberton","Gauteng","","South Africa"," 0119079000","","","","","https://maps.google.com/?hl=en_US&cid=0x0:0xfd89a22b23fbdc7b",""
"business","Civil engineering company","Kolbenco (Pty) Ltd","6 Liebenberg St, Alrode, Alberton, 1451","Alberton","Gauteng","","South Africa"," 0118647930","","","","","https://maps.google.com/?hl=en_US&cid=0x0:0x897b769de8f1804a",""
"business","Real estate rental agency","32 Potgieter","32 Potgieter St, Alrode, Alberton, 1451","Alberton","Gauteng","","South Africa"," 0112913147","","","","","https://maps.google.com/?hl=en_US&cid=0x0:0x84288e3d6b6063de",""
"business","Steelwork design service","Usbe Projects (PTY) Ltd","Ext.3, 63 Palmer St, Alrode South, Alberton, 1451","Alberton","Gauteng","","South Africa"," 0118684820","","","","","https://maps.google.com/?hl=en_US&cid=0x0:0x6d346416587018a6",""
"business","Business management consultant","316 Projects","7 Palomino St, Meyersdal, Alberton, 0122","Alberton","Gauteng","","South Africa"," 0784595038","","","","","https://maps.google.com/?hl=en_US&cid=0x0:0xcd4b33c7a55b9980",""
"business","Graphic designer","Kasi Digi-Tech Studio","Million Benefits Pty Ltd, 13836 Ext-5, Tokoza, Thokoza, Alberton, 1426","Ext-5","Gauteng","13836","South Africa"," 0610078131","","","","","https://maps.google.com/?hl=en_US&cid=0x0:0xa55dbd27812b6af7",""
"business","Bus stop","Alberton North.","Parklands Alberton alberton North, 4448","Alberton","Gauteng","","South Africa"," 0822977748","","","","","https://maps.google.com/?hl=en_US&cid=0x0:0x5fd78605567ebde0",""
"business","Software company","F ²","37 Orange St, Brackendowns, Alberton, 1454","Alberton","Gauteng","","South Africa","","","","","","https://maps.google.com/?hl=en_US&cid=0x0:0x3b69a92ec1e44d2f",""
"business","business","N/A","","","Gauteng","","South Africa"," 0626440626","","","","","https://maps.google.com/?hl=en_US&cid=0x0:0xcae86be4560d3f46",""
"business","business","1455","Alberton","Alberton","Gauteng","","South Africa","","","","","","https://maps.google.com/?hl=en_US&cid=0x0:0xded80da19d0a9b9a",""
"business","Marketing agency","PFG Digital Solutions","32 Sandwich Bay St, Alberton North, Alberton, 1449","Alberton","Gauteng","","South Africa","","","","","","https://maps.google.com/?hl=en_US&cid=0x0:0x6dccb58edc55e248",""
"business","Housing complex","Leopard's Rest Security Estate","Parson's Glory Blvd, Alberton, 1448","Alberton","Gauteng","","South Africa"," 0600159992","","http://www.centraldevelopments.co.za/leopards_rest_houses_for_sale","","","https://maps.google.com/?hl=en_US&cid=0x0:0xc9219339be1765fe",""
"business","business","N/A","","","Gauteng","","South Africa"," 0682165564","","https://www.facebook.com/businessorientor/","","","https://maps.google.com/?hl=en_US&cid=0x0:0x3bb42ce74a03bdc0",""
"business","business","N/A","","","Gauteng","","South Africa"," 0108802898","anthea@gbdx3.com","https://www.gbdx3.com/","","","https://maps.google.com/?hl=en_US&cid=0x0:0x9f78a1aa6d37f1e8",""
"business","Housing society","Sister Boss's Inn","5596 Dan Serote St, Eden Park, Alberton, 1455","Alberton","Gauteng","","South Africa","","","","","","https://maps.google.com/?hl=en_US&cid=0x0:0xc40583c92ec63d46",""
"business","business","N/A","","","Gauteng","","South Africa"," 0813322005","","","","","https://maps.google.com/?hl=en_US&cid=0x0:0xb4c0e9a83bf2b04c",""
"business","business","N/A","","","Gauteng","","South Africa"," 0609881482","hello@imaniva.co.za","https://imaniva.wixsite.com/imani-va","","","https://maps.google.com/?hl=en_US&cid=0x0:0x15fef8c9206bc3ab",""
"business","business","N/A","","","Gauteng","","South Africa"," 0828837565","grow@addventurebusinesscoaching.co.za","http://www.addventurebusinesscoaching.co.za/","","","https://maps.google.com/?hl=en_US&cid=0x0:0x6f3df222d9cbb8d7",""
"business","Solar energy equipment supplier","N/A","","","Gauteng","","South Africa"," 0872656923","info@sable-energy.co.za","https://sable-energy.co.za/","","","https://maps.google.com/?hl=en_US&cid=0x0:0x485d9e98d3f8e322",""
"business","Bus stop","Alberton North.","Parklands Alberton alberton North, 4448","Alberton","Gauteng","","South Africa"," 0822977748","","","","","https://maps.google.com/?hl=en_US&cid=0x0:0x5fd78605567ebde0",""
"business","Training centre","MSC Business College - Alberton","79 5th Ave, Alberton, Johannesburg, 1449","Johannesburg","Gauteng","","South Africa"," 0118690183","email@yourcompany.com","http://www.msccollege.co.za/","","","https://maps.google.com/?hl=en_US&cid=0x0:0xf232703e665f2d89",""
"business","Manufacturer","Sikelela Steel Pty Ltd","18 Botha St, Alrode, Alberton, 1449","Alberton","Gauteng","","South Africa"," 0118646799","harris@sspv.co.za","http://sikelelasteel.co.za/","","","https://maps.google.com/?hl=en_US&cid=0x0:0xfe4dfd678aea04e6",""
"business","Business management consultant","BizzAcc Alberton (Pty) Ltd","48 Fourth Ave, Alberton North, Johannesburg, 1449","Johannesburg","Gauteng","","South Africa"," 0103001282","","","","","https://maps.google.com/?hl=en_US&cid=0x0:0x49df0a6246323d15",""
"business","General store","Fusion Procurement (Pty) Ltd","18 Hennie Alberts St, Brackenhurst, Alberton, 1448","Alberton","Gauteng","","South Africa"," 0118677500","","","","","https://maps.google.com/?hl=en_US&cid=0x0:0x9fcaf75a330c6c62",""
"business","Industrial equipment supplier","Sphandile Trading Enterprise cc","14 Borax St, Alrode, Alberton, 1451","Alberton","Gauteng","","South Africa"," 0119073554","info@sphandile.co.za","http://www.sphandile.co.za/","","","https://maps.google.com/?hl=en_US&cid=0x0:0x42c1a560c8d72a6f",""
"business","Business management consultant","Africa32 (PTY)Ltd","10 Tulbach St, Alberante, Alberton, 1449","Alberton","Gauteng","","South Africa"," 0722786125","","","","","https://maps.google.com/?hl=en_US&cid=0x0:0x3fadad8e0d90dad2",""
"business","business","N/A","","","Gauteng","","South Africa"," 0823361551","","","","","https://maps.google.com/?hl=en_US&cid=0x0:0xe955657fd716d2c4",""
"business","Real estate rental agency","The Business Hub SA | Jhb South ( Business Park )","6 Combrinck Street Jhb South, Alrode, Johannesburg, 1451","Johannesburg","Gauteng","","South Africa"," 0794942066","","","","","https://maps.google.com/?hl=en_US&cid=0x0:0xa3bb2d63760b7b1c",""
"business","Cosmetics and perfumes supplier","Esteem Flavours (Pty) Ltd.","24 Basalt St, Alrode, Alberton, 1448","Alberton","Gauteng","","South Africa"," 0632196460","","","","","https://maps.google.com/?hl=en_US&cid=0x0:0x985a6811f06ace9e",""
"business","Furniture manufacturer","Frankglent Business Solutions (PTY) Ltd","Block 52, Unit 29/31 Kaiprop Share, 427 Rabotapi St, Moshoeshoe, Katlehong, 1431","Katlehong","Gauteng","","South Africa"," 0640318916","thobile@frankglent.co.za","http://www.frankglent.co.za/","","","https://maps.google.com/?hl=en_US&cid=0x0:0xb913d0558c41119d",""
"business","Corporate office","Bpsa","18 Beryllium Rd, Glen Ridge, Alberton, 1451","Alberton","Gauteng","","South Africa"," 0116178221","","","","","https://maps.google.com/?hl=en_US&cid=0x0:0x4a3ca0be77607290",""
"business","Powder coating service","Vaal and Reef Powder Coaters CC","A, One1st Ave, Alberton, 1449","Alberton","Gauteng","","South Africa"," 0119071221","","","","","https://maps.google.com/?hl=en_US&cid=0x0:0xa602cd6acfc9f5b",""
"business","Accounting firm","Fair Value Business Solutions","53A Second Ave, Alberton North, Alberton, 1449","Alberton","Gauteng","","South Africa"," 0789641442","","","","","https://maps.google.com/?hl=en_US&cid=0x0:0x1bf9b95d1618035c",""
"business","Real estate rental agency","32 Potgieter","32 Potgieter St, Alrode, Alberton, 1451","Alberton","Gauteng","","South Africa"," 0112913147","","","","","https://maps.google.com/?hl=en_US&cid=0x0:0x84288e3d6b6063de",""
"business","Hose supplier","Hose company","7 Chris St, Alrode, Alberton, 1451","Alberton","Gauteng","","South Africa"," 0118648211","countersales1@hosecompany.co.za","https://www.hosecompany.co.za/","","","https://maps.google.com/?hl=en_US&cid=0x0:0x3277fd380174de11",""
"business","Accounting firm","SA Accounting Network - Alberton","18 Bentonite St, Alrode, Alberton, 1451","Alberton","Gauteng","","South Africa"," 0764349337","","http://www.saaccountingnetwork.co.za/accountant-alberton.html","","","https://maps.google.com/?hl=en_US&cid=0x0:0xd66df1708fc9ae25",""
"business","Financial consultant","Divergent Business Solutions","Brackendowns, Alberton, 1448","Alberton","Gauteng","","South Africa"," 0118681808","","","","","https://maps.google.com/?hl=en_US&cid=0x0:0x4eb010385105dac2",""
"business","Engineering consultant","EJN Engineering","14 Basalt St, Alrode, Johannesburg, 1451","Johannesburg","Gauteng","","South Africa"," 0732672730","","","","","https://maps.google.com/?hl=en_US&cid=0x0:0x7a1d5a3c32f5dbf",""
"business","business","Alberton","","Alberton","Gauteng","","South Africa","","","","","","https://maps.google.com/?hl=en_US&cid=0x0:0x5e51c9fd8fa53252",""
"business","Telecommunications service provider","SYMTECH","7 Camborne Rd, New Redruth, Alberton, 1449","Alberton","Gauteng","","South Africa"," 0712277600","","","","","https://maps.google.com/?hl=en_US&cid=0x0:0x64cb04ce56892095",""
"business","Printer repair service","Business Equipment Corporation CC","42 5th Ave, Alberton, 1449","Alberton","Gauteng","","South Africa"," 0119073184","","http://www.toshibabec.co.za/","","","https://maps.google.com/?hl=en_US&cid=0x0:0xf639273a0a72d71e",""
"business","Business management consultant","Bligvest","13 Lenin St, Raceview, Alberton, 1449","Alberton","Gauteng","","South Africa"," 0117245649","info@bligvest.co.za","http://bligvest.co.za/","","","https://maps.google.com/?hl=en_US&cid=0x0:0xed34365d6c7e97b9",""
"business","Business management consultant","Draw the Line Business Solutions","21 Marthinus Rd, Florentia, Alberton, 1449","Alberton","Gauteng","","South Africa"," 0823300517","","","","","https://maps.google.com/?hl=en_US&cid=0x0:0x11fb4cbd31581767",""
"business","Training centre","BTC Training (Africa) Pty Limited","3 Promenade Center at, 40 Voortrekker Rd, New Redruth, Alberton, 1449","Alberton","Gauteng","","South Africa"," 0118691946","","http://btcafrica.co.za/","","","https://maps.google.com/?hl=en_US&cid=0x0:0x4d86d5cc97e91bbf",""
"business","Consultant","The Labour Resolution Company","Penthouse 35 Bazinga on Penzance, Cnr Penzance , Albany Rd, New Redruth, Alberton, 1449","Alberton","Gauteng","","South Africa"," 0105000774","cases@labourresolution.co.za","http://www.labourresolution.co.za/","","","https://maps.google.com/?hl=en_US&cid=0x0:0x343aa49ea851fbe8",""
"business","","Gauteng Business Rescue Practitioners","67 Van Riebeeck Ave, Gauteng, Alberton, 1450","Alberton","Gauteng","","South Africa"," 0104480702","","","","","https://maps.google.com/?hl=en_US&cid=0x0:0x71baf822149c9711",""
"business","Business management consultant","Commercial Merchants","29 Telawarren St, New Redruth, Alberton, 1449","Alberton","Gauteng","","South Africa"," 0118698662","","https://www.commercialsoftware.co.za/","","","https://maps.google.com/?hl=en_US&cid=0x0:0xa4e90dd772d2f836",""
"business","Accountant","The Tax Shop Alberton","81 Second Ave, Florentia, Alberton, 1449","Alberton","Gauteng","","South Africa"," 0644593875","info@taxshopalberton.co.za","http://www.taxshopalberton.co.za/","","","https://maps.google.com/?hl=en_US&cid=0x0:0x521b9ba26e545024",""
"business","Accountant","Simplify Accounting Services","49 General Alberts Ave, Randhart, Alberton, 1457","Alberton","Gauteng","","South Africa"," 0837939490","","","","","https://maps.google.com/?hl=en_US&cid=0x0:0x9cc17ecf26199747",""
"business","Marketing agency","Crystal Communications (PTY)Ltd","Building 2, Meyersdal Office Park, 65 Philip Engelbrecht Ave, Meyersdal, Alberton, 1448","Alberton","Gauteng","","South Africa"," 0118670488","sales@crystalcom.co.za","https://www.crystalcom.co.za/","","","https://maps.google.com/?hl=en_US&cid=0x0:0x7f4d2de1c57ceb55",""
"business","Website designer","Webshure Digital Marketing - SEO Service and Marketing Agency","65 Nelson Mandela Ave, Randhart, Alberton, 1449","Alberton","Gauteng","","South Africa"," 0600702276","info@webshure.co.za","https://www.webshure.com/webshure-alberton","","","https://maps.google.com/?hl=en_US&cid=0x0:0xeedd176db829c440",""
"business","Train station","Natalspruit","Lamula St, Katlehong, 1432","Katlehong","Gauteng","","South Africa","","","","","","https://maps.google.com/?hl=en_US&cid=0x0:0x12137c54ba2e4cf5",""
"business","business","MICHELLE CORPORATE GUEST LODGE","70 Nelson Mandela Ave, Randhart, Alberton, 1451","Alberton","Gauteng","","South Africa"," 0118691048","info@michellecorp.co.za","http://www.michellecorp.co.za/","","","https://maps.google.com/?hl=en_US&cid=0x0:0xc39be539a41b37dc",""
"business","Train station","Mpilisweni","Vereeniging Rd, Katlehong, 1432","Katlehong","Gauteng","","South Africa","","","","","","https://maps.google.com/?hl=en_US&cid=0x0:0x99fb32ebe8d0cd76",""
"business","Marketing agency","Blam Africa","65 Nelson Mandela Ave, Alberton, Johannesburg, 1449","Johannesburg","Gauteng","","South Africa"," 0844075950","info@blam.onli","https://www.blam.africa/","","","https://maps.google.com/?hl=en_US&cid=0x0:0x4f2957b21174998",""
"business","Bearing supplier","Alrode Industrial Supplies","C/o Potgieter  Dan Jacobs Rd, Alrode, Johannesburg, 1451","Johannesburg","Gauteng","","South Africa"," 0118642934","info@alrodeindustrial.co.za","http://www.alrodeindustrial.co.za/","","","https://maps.google.com/?hl=en_US&cid=0x0:0xb56c564d18800207",""
"business","Certified public accountant","Your Accountant","45 Jacqueline St, Randhart, Alberton, 1449","Alberton","Gauteng","","South Africa"," 0118647924","info@youraccountant.co.za","http://www.youraccountant.co.za/","","","https://maps.google.com/?hl=en_US&cid=0x0:0x54b036f67e3a3c43",""
"business","Accounting firm","Reymar Accounting (Pty) Ltd","48 General Alberts Ave, Randhart, Alberton, 1449","Alberton","Gauteng","","South Africa"," 0119073014","","","","","https://maps.google.com/?hl=en_US&cid=0x0:0xcf52ba698835eead",""
"business","Computer store","Matrix Warehouse Alberton (Head Office)","Shop 14, Cnr Swartkoppies  lemon Tree shopping centre, Heidelberg Rd, Newmarket, Alberton, 1450","Alberton","Gauteng","","South Africa"," 0118692613","","https://matrixwarehouse.co.za/alberton-in-store-promotions-2/?utm_source>>u003dgmb_alberton>>u0026utm_medium>>u003dgmb_alberton>>u0026utm_campaign>>u003dgmb_alberton>>u0026utm_term>>u003dgmb_alberton","","","https://maps.google.com/?hl=en_US&cid=0x0:0xd061e4e01dfa4436",""
"business","Lawyer","Burger Huyser Attorneys Meyersdal Alberton | Family Law | Criminal  Commercial Law | Litigation | Wills  Estates","Unit 101A, Meyersdal Office Park, Block 1, First Floor, 65 Philip Engelbrecht Ave, Meyersdal, Alberton, 1448","Alberton","Gauteng","","South Africa"," 0114393990","design@pagepanther.co.za","https://www.burgerhuyserattorneys.co.za/?utm_source>>u003dGMB+Meyersdal","","","https://maps.google.com/?hl=en_US&cid=0x0:0xf93e6851b28410d1",""
"business","Accountant","The Financial Manager (Pty) Ltd","44 Nelson Mandela Ave, Randhart, Alberton, 1449","Alberton","Gauteng","","South Africa"," 0711339659","Henk@thefm.co.za","http://www.thefinancialmanager.co.za/","","","https://maps.google.com/?hl=en_US&cid=0x0:0x9a781b12dbe47f4",""
"business","Business management consultant","PBC Group","15 Fagan St, Randhart, Alberton, 1449","Alberton","Gauteng","","South Africa"," 0825136150","","","","","https://maps.google.com/?hl=en_US&cid=0x0:0x97dd89d915868267",""
"business","Legal services","NGL Attorneys No. 3 Woodhill Office Park","53 Philip Engelbrecht Ave, Meyersdal, Alberton, 1448","Alberton","Gauteng","","South Africa"," 0118670476","law@ngllaw.co.za","http://www.ngllaw.co.za/","","","https://maps.google.com/?hl=en_US&cid=0x0:0x839452136ec754c5",""
"business","Museum","Apartheid Museum","Northern Parkway and Gold Reef Road, Johannesburg, 2001","Johannesburg","Gauteng","","South Africa"," 0113094700","info@apartheidmuseum.org","https://www.apartheidmuseum.org/","","","https://maps.google.com/?hl=en_US&cid=0x0:0x192ba3244efba5f4",""
"business","Construction company","WFJ SERVICES (PTY) LTD","Office Park Ground Floor, Block 5, 65 Philip Engelbrecht Ave, Meyersdal, Johannesburg, 1448","Johannesburg","Gauteng","","South Africa"," 0742369340","ryno@wfjservices.co.za","https://wfjservices.co.za/","","","https://maps.google.com/?hl=en_US&cid=0x0:0x8b7f4c9570eb2222",""
"business","Hose supplier","Hose company","7 Chris St, Alrode, Alberton, 1451","Alberton","Gauteng","","South Africa"," 0118648211","countersales1@hosecompany.co.za","https://www.hosecompany.co.za/","","","https://maps.google.com/?hl=en_US&cid=0x0:0x3277fd380174de11",""
"business","Business management consultant","Matimba Project Management Systems","6 Ackerman Pl, Meyersdal, Alberton, 1448","Alberton","Gauteng","","South Africa"," 0813591546","","","","","https://maps.google.com/?hl=en_US&cid=0x0:0x6ebd8de0b8799c5d",""
"business","Law firm","S. Brown Attorneys","Ground Floor, Block 3, Meyersdal Office Park, 65 Philip Engelbrecht Ave, Meyersdal, Alberton, 1447","Alberton","Gauteng","","South Africa"," 0118671069","","","","","https://maps.google.com/?hl=en_US&cid=0x0:0x21c4d68966862ba1",""
"business","business","N/A","","","Gauteng","","South Africa"," 0101584219","","","","","https://maps.google.com/?hl=en_US&cid=0x0:0x9ecf88c0decf0847",""
"business","business","N/A","","","Gauteng","","South Africa","","","","","","https://maps.google.com/?hl=en_US&cid=0x0:0x45b2e49ec327264a",""
"business","Business management consultant","ZoneCone Consulting","15 Jochem Van Bruggen St, Randhart, Alberton, 1449","Alberton","Gauteng","","South Africa"," 0118690827","","","","","https://maps.google.com/?hl=en_US&cid=0x0:0x674f0c576977c41e",""
"business","business","N/A","","","Gauteng","","South Africa"," 0118670513","","","","","https://maps.google.com/?hl=en_US&cid=0x0:0x1e60008bdd55e878",""
"business","Business management consultant","Bligvest","13 Lenin St, Raceview, Alberton, 1449","Alberton","Gauteng","","South Africa"," 0117245649","info@bligvest.co.za","http://bligvest.co.za/","","","https://maps.google.com/?hl=en_US&cid=0x0:0xed34365d6c7e97b9",""
"business","Software company","Mata IT","No 6 Woodhill office park, 53 Philip Engelbrecht Ave, Meyersdal, Alberton, 1448","Alberton","Gauteng","","South Africa"," 0101098993","","","","","https://maps.google.com/?hl=en_US&cid=0x0:0x15c6853e206359a",""
"business","business","1457","Randhart, Alberton","Alberton","Gauteng","","South Africa","","","","","","https://maps.google.com/?hl=en_US&cid=0x0:0xfded0ef8460ea8f7",""
"business","Lawyer","Botha Copo Attorneys, Conveyancers, Notaries","no. 67 Nelson Mandela Ave, Randhart, Alberton, 1449","Alberton","Gauteng","","South Africa"," 0118670119","general@bothacopo.co.za","https://bothacopo.co.za/","","","https://maps.google.com/?hl=en_US&cid=0x0:0x7067b1259f4157d7",""
"business","Lawyer","Satch Govender Attorneys","53 Philip Engelbrecht Ave, Meyersdal, Alberton, 1448","Alberton","Gauteng","","South Africa"," 0118678099","info@satchgovenderattorneys.co.za","http://www.satchgovenderattorneys.co.za/","","","https://maps.google.com/?hl=en_US&cid=0x0:0xdce756e27fe2075d",""
"business","business","N/A","","","Gauteng","","South Africa"," 0823361551","","","","","https://maps.google.com/?hl=en_US&cid=0x0:0xe955657fd716d2c4",""
"business","Advertising agency","TBCOM","115 Combretum Dr, Palm Ridge, Alberton, 1488","Alberton","Gauteng","","South Africa"," 0836015150","","","","","https://maps.google.com/?hl=en_US&cid=0x0:0xdff7b458f75295c3",""
"business","Construction company","Alberton Construction Company (Pty) Ltd","1 Fore St, New Redruth, Alberton, 1449","Alberton","Gauteng","","South Africa"," 0119073530","","","","","https://maps.google.com/?hl=en_US&cid=0x0:0x1bdebd0340fd307b",""
"business","General store","Fusion Procurement (Pty) Ltd","18 Hennie Alberts St, Brackenhurst, Alberton, 1448","Alberton","Gauteng","","South Africa"," 0118677500","","","","","https://maps.google.com/?hl=en_US&cid=0x0:0x9fcaf75a330c6c62",""
"business","Financial planner","Redd Orb | Consulting/Business Services","9 Ysterhout Ave, Palm Ridge, Katlehong, 1488","Katlehong","Gauteng","","South Africa"," 0119043114","","","","","https://maps.google.com/?hl=en_US&cid=0x0:0x6e77be762eee2315",""
"business","Apartment building","Palmgold Centre","2 Evans str. Cnr, Bosworth St S, Alrode South, Alberton, 1451","Alberton","Gauteng","","South Africa"," 0810101493","","","","","https://maps.google.com/?hl=en_US&cid=0x0:0xb587798a589ad546",""
"business","Business center","Copyright 2020 Integrum Business Solutions","48 Leon St, Eden Park, Alberton, 1455","Alberton","Gauteng","","South Africa"," 0736576078","","","","","https://maps.google.com/?hl=en_US&cid=0x0:0xa37b3ca08ee294a4",""
"business","Bus stop","Alberton North.","Parklands Alberton alberton North, 4448","Alberton","Gauteng","","South Africa"," 0822977748","","","","","https://maps.google.com/?hl=en_US&cid=0x0:0x5fd78605567ebde0",""
"business","business","N/A","","","Gauteng","","South Africa"," 0626440626","","","","","https://maps.google.com/?hl=en_US&cid=0x0:0xcae86be4560d3f46",""
"business","business","N/A","","","Gauteng","","South Africa"," 0626440626","","","","","https://maps.google.com/?hl=en_US&cid=0x0:0xfd0e1260f6560568",""
"business","Corporate office","Bpsa","18 Beryllium Rd, Glen Ridge, Alberton, 1451","Alberton","Gauteng","","South Africa"," 0116178221","","","","","https://maps.google.com/?hl=en_US&cid=0x0:0x4a3ca0be77607290",""
"business","Accounting firm","Fair Value Business Solutions","53A Second Ave, Alberton North, Alberton, 1449","Alberton","Gauteng","","South Africa"," 0789641442","","","","","https://maps.google.com/?hl=en_US&cid=0x0:0x1bf9b95d1618035c",""
"business","Construction company","Jesc Contractors cc","19 Lill Bester St, road, Johannesburg, 1448","Johannesburg","Gauteng","","South Africa"," 0114360134","","http://www.jesccc.co.za/","","","https://maps.google.com/?hl=en_US&cid=0x0:0x296be2cc6fd37595",""
"business","Business management consultant","316 Projects","7 Palomino St, Meyersdal, Alberton, 0122","Alberton","Gauteng","","South Africa"," 0784595038","","","","","https://maps.google.com/?hl=en_US&cid=0x0:0xcd4b33c7a55b9980",""
"business","Business management consultant","BizzAcc Alberton (Pty) Ltd","48 Fourth Ave, Alberton North, Johannesburg, 1449","Johannesburg","Gauteng","","South Africa"," 0103001282","","","","","https://maps.google.com/?hl=en_US&cid=0x0:0x49df0a6246323d15",""
"business","Construction company","Jorge Building  Renovations","Hennie Alberts St, Brackenhurst, Alberton, 1448","Alberton","Gauteng","","South Africa"," 0824613766","","http://www.facebook.com/JorgeBuilding/","","","https://maps.google.com/?hl=en_US&cid=0x0:0xce5b22215aa9c8b9",""
"business","Business management consultant","Royal Emerald Business Consultants","2342 Rethabile St, Palm Ridge, Germiston, 1458","Germiston","Gauteng","","South Africa"," 0744301673","","","","","https://maps.google.com/?hl=en_US&cid=0x0:0xeae76521a8a33549",""
"business","Software company","F ²","37 Orange St, Brackendowns, Alberton, 1454","Alberton","Gauteng","","South Africa","","","","","","https://maps.google.com/?hl=en_US&cid=0x0:0x3b69a92ec1e44d2f",""
"business","Men's clothing store","R  N Trading","Alberton Mall, L004, Voortrekker Rd, New Redroad, Johannesburg, 1449","Johannesburg","Gauteng","","South Africa"," 0118697024","","","","","https://maps.google.com/?hl=en_US&cid=0x0:0xbb355ce90d95bc29",""
"business","business","1458","","","Gauteng","","South Africa","","","","","","https://maps.google.com/?hl=en_US&cid=0x0:0x5420695f4e188e42",""
"business","Graphic designer","Kasi Digi-Tech Studio","Million Benefits Pty Ltd, 13836 Ext-5, Tokoza, Thokoza, Alberton, 1426","Ext-5","Gauteng","13836","South Africa"," 0610078131","","","","","https://maps.google.com/?hl=en_US&cid=0x0:0xa55dbd27812b6af7",""
"business","Business management consultant","Makamole Business Service","1088 Buckthorn Rd, KWANELE EXT 2 SOUTH, Germiston, 1431","Germiston","Gauteng","","South Africa"," 0832576036","","","","","https://maps.google.com/?hl=en_US&cid=0x0:0x5f67c58b385ac515",""
"business","business","N/A","","","Gauteng","","South Africa"," 0828837565","grow@addventurebusinesscoaching.co.za","http://www.addventurebusinesscoaching.co.za/","","","https://maps.google.com/?hl=en_US&cid=0x0:0x6f3df222d9cbb8d7",""
"business","business","N/A","","","Gauteng","","South Africa"," 0780558478","Enquiries@pmvraccounting.co.za","http://www.pmvraccounting.co.za/","","","https://maps.google.com/?hl=en_US&cid=0x0:0x153a5673e73d919e",""
"business","Industrial equipment supplier","Sphandile Trading Enterprise cc","14 Borax St, Alrode, Alberton, 1451","Alberton","Gauteng","","South Africa"," 0119073554","info@sphandile.co.za","http://www.sphandile.co.za/","","","https://maps.google.com/?hl=en_US&cid=0x0:0x42c1a560c8d72a6f",""
"business","business","N/A","","","Gauteng","","South Africa","","","","","","https://maps.google.com/?hl=en_US&cid=0x0:0x45b2e49ec327264a",""
"business","Importer","SA BIZMARK","39 Bodmin Rd, New Redruth, Alberton, 1449","Alberton","Gauteng","","South Africa"," 0876555005","","http://sabizmark.co.za/","","","https://maps.google.com/?hl=en_US&cid=0x0:0xcbe2c4645b6ac95d",""
"business","Business management consultant","Fine-Touch Consulting","4 McBride Street, Brackenhurst, Alberton, 1448","Alberton","Gauteng","","South Africa"," 0118676610","","","","","https://maps.google.com/?hl=en_US&cid=0x0:0x420183b951408c3b",""
"business","Shopping mall","Alberton City Shopping Centre","Voortrekker Rd , Du Plessis Rd, New Redruth, Alberton, 1449","Alberton","Gauteng","","South Africa"," 0118663700","","http://www.albertoncity.co.za/","","","https://maps.google.com/?hl=en_US&cid=0x0:0xe40228ed2817f340",""
"business","business","N/A","","","Gauteng","","South Africa"," 0780558478","Enquiries@pmvraccounting.co.za","http://www.pmvraccounting.co.za/","","","https://maps.google.com/?hl=en_US&cid=0x0:0x153a5673e73d919e",""
"business","Industrial equipment supplier","Sphandile Trading Enterprise cc","14 Borax St, Alrode, Alberton, 1451","Alberton","Gauteng","","South Africa"," 0119073554","info@sphandile.co.za","http://www.sphandile.co.za/","","","https://maps.google.com/?hl=en_US&cid=0x0:0x42c1a560c8d72a6f",""
"business","Train station","Natalspruit","Lamula St, Katlehong, 1432","Katlehong","Gauteng","","South Africa","","","","","","https://maps.google.com/?hl=en_US&cid=0x0:0x12137c54ba2e4cf5",""
"business","Hose supplier","Hose company","7 Chris St, Alrode, Alberton, 1451","Alberton","Gauteng","","South Africa"," 0118648211","countersales1@hosecompany.co.za","https://www.hosecompany.co.za/","","","https://maps.google.com/?hl=en_US&cid=0x0:0x3277fd380174de11",""
"business","business","N/A","","","Gauteng","","South Africa"," 0635510397","","","","","https://maps.google.com/?hl=en_US&cid=0x0:0x89665ffeba37d58a",""
"business","Accountant","Business Seminar","2 Fore St, New Redruth, Alberton, 1449","Alberton","Gauteng","","South Africa"," 0838706467","","","","","https://maps.google.com/?hl=en_US&cid=0x0:0x44f6a63ddbf18f21",""
"business","Grill","Business Break Pub  Grill","Helen's 20 Centre, Kritzinger Rd, Florentia, Alberton, 1449","Alberton","Gauteng","","South Africa"," 0824336075","","","","","https://maps.google.com/?hl=en_US&cid=0x0:0xee72ca6bdb102cee",""
"business","business","N/A","","","Gauteng","","South Africa","","","","","","https://maps.google.com/?hl=en_US&cid=0x0:0x45b2e49ec327264a",""
"business","business","MORNING NOON and NIGHT GUESTHOUSE","31 Van Bergen St, Brackenhurst, Alberton, 1448","Alberton","Gauteng","","South Africa"," 0820577996","","","","","https://maps.google.com/?hl=en_US&cid=0x0:0x15b65326569602ca",""
"business","Train station","Mpilisweni","Vereeniging Rd, Katlehong, 1432","Katlehong","Gauteng","","South Africa","","","","","","https://maps.google.com/?hl=en_US&cid=0x0:0x99fb32ebe8d0cd76",""
"business","Forensic consultant","Mr Forensics","1 Cherry St, Mayberry Park, Alberton, 1481","Alberton","Gauteng","","South Africa"," 0119080201","","","","","https://maps.google.com/?hl=en_US&cid=0x0:0xe5595812774c1b31",""
"business","business","N/A","","","Gauteng","","South Africa"," 0118682486","","","","","https://maps.google.com/?hl=en_US&cid=0x0:0xe9d5f86076382cf2",""
"business","Legal services","Phoenyx Legal Services","43 Koorsboom St, Mayberry Park, Alberton, 1481","Alberton","Gauteng","","South Africa"," 0827884062","","http://phoenyx.co.za/","","","https://maps.google.com/?hl=en_US&cid=0x0:0xcf03d4cc60b1910f",""
"business","Civil engineering company","Columbus Detailing","3 Borax St, Alrode, Alberton, 1451","Alberton","Gauteng","","South Africa"," 0829283495","","http://www.columbusdetailing.co.za/","","","https://maps.google.com/?hl=en_US&cid=0x0:0xcc33c6c788ceb12c",""
"business","Business management consultant","316 Projects","7 Palomino St, Meyersdal, Alberton, 0122","Alberton","Gauteng","","South Africa"," 0784595038","","","","","https://maps.google.com/?hl=en_US&cid=0x0:0xcd4b33c7a55b9980",""
"business","business","Alberton Guest House","35 Lenin St, Raceview, Alberton, 1449","Alberton","Gauteng","","South Africa"," 0734653135","","","","","https://maps.google.com/?hl=en_US&cid=0x0:0xa74764964fafdb2a",""
"business","Accounting firm","SA Accounting Network - Alberton","18 Bentonite St, Alrode, Alberton, 1451","Alberton","Gauteng","","South Africa"," 0764349337","","http://www.saaccountingnetwork.co.za/accountant-alberton.html","","","https://maps.google.com/?hl=en_US&cid=0x0:0xd66df1708fc9ae25",""
"business","business","N/A","","","Gauteng","","South Africa","","","","","","https://maps.google.com/?hl=en_US&cid=0x0:0xf31a302a3900c7ba%7C/g/1trl846q%7Cen-ZA",""
"business","business","SUN1 Alberton","St Austell St, Road, Alberton, 1449","Alberton","Gauteng","","South Africa"," 0119078430","","","","","https://maps.google.com/?hl=en_US&cid=0x0:0xf31a302a3900c7ba",""
"business","Bus stop","Alberton Royal York Taxi Rank, Ring Rd East","New Redruth, Alberton, 1449","Alberton","Gauteng","","South Africa","","","","","","https://maps.google.com/?hl=en_US&cid=0x0:0x881426f9377c6313",""
"business","Accounting firm","Fair Value Business Solutions","53A Second Ave, Alberton North, Alberton, 1449","Alberton","Gauteng","","South Africa"," 0789641442","","","","","https://maps.google.com/?hl=en_US&cid=0x0:0x1bf9b95d1618035c",""
"business","Museum","Apartheid Museum","Northern Parkway and Gold Reef Road, Johannesburg, 2001","Johannesburg","Gauteng","","South Africa"," 0113094700","info@apartheidmuseum.org","https://www.apartheidmuseum.org/","","","https://maps.google.com/?hl=en_US&cid=0x0:0x192ba3244efba5f4",""
"business","Accounting firm","Smart-choice Accounting CC","1 Krinkhout St, Mayberry Park, Alberton, 1481","Alberton","Gauteng","","South Africa"," 0118647845","","","","","https://maps.google.com/?hl=en_US&cid=0x0:0x4f46b61eeb481da5",""
"business","business","1481","Alberton","Alberton","Gauteng","","South Africa","","","","","","https://maps.google.com/?hl=en_US&cid=0x0:0xddf595ef70e23169",""
"business","Bus stop","Angus","Vereeniging Rd, Alberton","Alberton","Gauteng","","South Africa","","","","","","https://maps.google.com/?hl=en_US&cid=0x0:0xb095b7d13aaff3f",""
"business","Business center","Transworld Business Advisors Gauteng East","12 Truro Rd, New Redruth, Alberton, 1449","Alberton","Gauteng","","South Africa"," 0101108971","","","","","https://maps.google.com/?hl=en_US&cid=0x0:0x8ce2ce813abdad08",""
"business","business","Borisimos Guest House","40 Webb St, Brackenhurst, Alberton, 1448","Alberton","Gauteng","","South Africa"," 0118670404","","http://www.borisimos.co.za/","","","https://maps.google.com/?hl=en_US&cid=0x0:0x763d507f2c8e7d8c",""
"business","business","N/A","","","Gauteng","","South Africa"," 0835716930","","","","","https://maps.google.com/?hl=en_US&cid=0x0:0x505fc5a584dea632",""
"business","Business management consultant","Fine-Touch Consulting","4 McBride Street, Brackenhurst, Alberton, 1448","Alberton","Gauteng","","South Africa"," 0118676610","","","","","https://maps.google.com/?hl=en_US&cid=0x0:0x420183b951408c3b",""
"business","business","N/A","","","Gauteng","","South Africa"," 0836794192","","","","","https://maps.google.com/?hl=en_US&cid=0x0:0x2ba802c68c42bdd2",""
"business","business","N/A","","","Gauteng","","South Africa"," 0108802898","anthea@gbdx3.com","https://www.gbdx3.com/","","","https://maps.google.com/?hl=en_US&cid=0x0:0x9f78a1aa6d37f1e8",""
"business","business","N/A","","","Gauteng","","South Africa"," 0828837565","grow@addventurebusinesscoaching.co.za","http://www.addventurebusinesscoaching.co.za/","","","https://maps.google.com/?hl=en_US&cid=0x0:0x6f3df222d9cbb8d7",""
"business","business","N/A","","","Gauteng","","South Africa"," 0768794895","","","","","https://maps.google.com/?hl=en_US&cid=0x0:0xe66677cbc505516b",""
"business","business","N/A","","","Gauteng","","South Africa"," 0828279281","","","","","https://maps.google.com/?hl=en_US&cid=0x0:0xe9947306e25b5a47",""
"business","General store","Fusion Procurement (Pty) Ltd","18 Hennie Alberts St, Brackenhurst, Alberton, 1448","Alberton","Gauteng","","South Africa"," 0118677500","","","","","https://maps.google.com/?hl=en_US&cid=0x0:0x9fcaf75a330c6c62",""
"business","business","N/A","","","Gauteng","","South Africa"," 0660673373","","","","","https://maps.google.com/?hl=en_US&cid=0x0:0x4355d59f6c2befce",""
"business","business","N/A","","","Gauteng","","South Africa"," 0832354472","","","","","https://maps.google.com/?hl=en_US&cid=0x0:0xf750ab8e51e6c367",""
"business","business","N/A","","","Gauteng","","South Africa"," 0625122687","","","","","https://maps.google.com/?hl=en_US&cid=0x0:0x741afbf679837471",""
"business","business","N/A","","","Gauteng","","South Africa"," 0607539640","","","","","https://maps.google.com/?hl=en_US&cid=0x0:0x63ef18b124d5f4aa",""
"business","business","N/A","","","Gauteng","","South Africa","","","","","","https://maps.google.com/?hl=en_US&cid=0x0:0x9023e0c83d885c2b",""
"business","Business management consultant","Africa32 (PTY)Ltd","10 Tulbach St, Alberante, Alberton, 1449","Alberton","Gauteng","","South Africa"," 0722786125","","","","","https://maps.google.com/?hl=en_US&cid=0x0:0x3fadad8e0d90dad2",""
"business","business","N/A","","","Gauteng","","South Africa"," 0827873734","","","","","https://maps.google.com/?hl=en_US&cid=0x0:0xaf5bdd95e1092196",""
"business","business","N/A","","","Gauteng","","South Africa"," 0745899576","","","","","https://maps.google.com/?hl=en_US&cid=0x0:0x578c37e2a4f938bd",""
"business","business","N/A","","","Gauteng","","South Africa"," 0658041952","","","","","https://maps.google.com/?hl=en_US&cid=0x0:0x2805df46266358ae",""
"business","business","N/A","","","Gauteng","","South Africa"," 0658041952","","","","","https://maps.google.com/?hl=en_US&cid=0x0:0x1dbec3e6ee7c65ab",""
"business","business","N/A","","","Gauteng","","South Africa"," 0673435587","","","","","https://maps.google.com/?hl=en_US&cid=0x0:0xdfd30e80ffe3f1c5",""
"business","Advertising agency","TBCOM","115 Combretum Dr, Palm Ridge, Alberton, 1488","Alberton","Gauteng","","South Africa"," 0836015150","","","","","https://maps.google.com/?hl=en_US&cid=0x0:0xdff7b458f75295c3",""
"business","business","N/A","","","Gauteng","","South Africa"," 0658357645","","","","","https://maps.google.com/?hl=en_US&cid=0x0:0xdc9061b56da49c73",""
"business","business","N/A","","","Gauteng","","South Africa"," 0813322005","","","","","https://maps.google.com/?hl=en_US&cid=0x0:0xb4c0e9a83bf2b04c",""
"business","business","N/A","","","Gauteng","","South Africa"," 0828837565","","","","","https://maps.google.com/?hl=en_US&cid=0x0:0xa76b0979b271c44",""
"business","business","N/A","","","Gauteng","","South Africa"," 0645256339","","","","","https://maps.google.com/?hl=en_US&cid=0x0:0x8ee6fef486545fc",""
"business","business","N/A","","","Gauteng","","South Africa"," 0120125913","","","","","https://maps.google.com/?hl=en_US&cid=0x0:0x115794e86db52fbc",""
"business","business","N/A","","","Gauteng","","South Africa"," 0878026229","","","","","https://maps.google.com/?hl=en_US&cid=0x0:0xd829bfeb02c6d0e7",""
"business","business","N/A","","","Gauteng","","South Africa"," 0611123851","","","","","https://maps.google.com/?hl=en_US&cid=0x0:0xa48fc9aa394a75c2",""
"business","business","N/A","","","Gauteng","","South Africa"," 0822823721","","","","","https://maps.google.com/?hl=en_US&cid=0x0:0xbbae618fc8c2f825",""
"business","","Newmarket Commercial Park","1449, Newmarket AH, Alberton","Alberton","Gauteng","","South Africa","","","","","","https://maps.google.com/?hl=en_US&cid=0x0:0xed4e720ddacf0684",""
"business","business","N/A","","","Gauteng","","South Africa"," 0760847944","ecom-swiper@11.css","https://www.afroditeessence.com/","","","https://maps.google.com/?hl=en_US&cid=0x0:0x8609963a48dd90d",""
"business","Printer repair service","Business Equipment Corporation CC","42 5th Ave, Alberton, 1449","Alberton","Gauteng","","South Africa"," 0119073184","","http://www.toshibabec.co.za/","","","https://maps.google.com/?hl=en_US&cid=0x0:0xf639273a0a72d71e",""
"business","Business management consultant","Baranong Development And Projects","Alexandra township, 8 Fourth Ave, Alexandra township, 2090","Alexandra township","Gauteng","","South Africa"," 0733809052","","","","","https://maps.google.com/?hl=en_US&cid=0x0:0x17f7ba12064562fd",""
"business","Business management consultant","Leadprotec","Office F5 Alexsan Resource Centre Cnr. Selbourne St. , 12th Ave, Alexandra, 2090","Alexandra","Gauteng","","South Africa"," 0110787210","","http://leadprotec.co.za/","","","https://maps.google.com/?hl=en_US&cid=0x0:0x6f7979e3d7601471",""
"business","Business management consultant","N J B COMPANY (PTY) LTD","桑頓, 27 11th Ave, Alexandra, 2090","Alexandra","Gauteng","","South Africa"," 0796851335","","","","","https://maps.google.com/?hl=en_US&cid=0x0:0xf528f52364a206bf",""
"business","Business management consultant","None Much Pty Ltd","2nd avenue, Roosevelt St, Johannesburg, Alexandra, 2090","Alexandra","Gauteng","","South Africa"," 0682902026","","","","","https://maps.google.com/?hl=en_US&cid=0x0:0x2cd1a7d02f45e182",""
"business","Business management consultant","Umziyavuka pty LTD","6595 Mike Diradingwe St, Alexandra, Johannesburg, 2090","Johannesburg","Gauteng","","South Africa"," 0681251214","","","","","https://maps.google.com/?hl=en_US&cid=0x0:0x17551922c32a648e",""
"business","Establishment","Stratguru","113 19th Ave, Alexandra, 2090","Alexandra","Gauteng","","South Africa","","","","","","https://maps.google.com/?hl=en_US&cid=0x0:0xb7012fe9a5802214",""
"business","Commercial cleaning service","MM Facilities Management","59 Fourth Ave, Alexandra, Johannesburg, 2090","Johannesburg","Gauteng","","South Africa"," 0797616720","","","","","https://maps.google.com/?hl=en_US&cid=0x0:0x4636ed437b31ca67",""
"business","Telecommunications service provider","Alexandra Business Portal","40 5th St, Wynberg, Johannesburg, 2090","Johannesburg","Gauteng","","South Africa"," 0614529707","","","","","https://maps.google.com/?hl=en_US&cid=0x0:0x7791fa2d3827dc6f",""
"business","Marketing agency","Binda Royalty Holdings","11th, 52 Selbourne Rd, Alexandra, 2090","Alexandra","Gauteng","","South Africa"," 0715543975","","","","","https://maps.google.com/?hl=en_US&cid=0x0:0xeb7344247acd46c",""
"business","Chamber of Commerce","GREATER ALEXANDER CHAMBER","17 Arkwright Ave, Wynberg, Sandton, 2090","Sandton","Gauteng","","South Africa"," 0114407887","info@galxcoc.com","http://www.galxcoc.com/","","","https://maps.google.com/?hl=en_US&cid=0x0:0xe82c6ce387255b66",""
"business","business","N/A","","","Gauteng","","South Africa"," 0610730321","","","","","https://maps.google.com/?hl=en_US&cid=0x0:0x6e1869e4cbd9ccf3",""
"business","International trade consultant","Alexandra Product","West St, Sandton, Johannesburg, 2196","Johannesburg","Gauteng","","South Africa"," 0112177700","","","","","https://maps.google.com/?hl=en_US&cid=0x0:0xedba0d2204e84d56",""
"business","Community center","AlexSan Kopano Resource Centre","Cnr. 12th Ave  Selborne St, Alexandra, Sandton, 2090","Sandton","Gauteng","","South Africa"," 0118820673","info@alexsankopano.org.za","http://www.alexsankopano.org.za/","","","https://maps.google.com/?hl=en_US&cid=0x0:0x1eb57caeb9e22f8",""
"business","Business management consultant","DB Architectural Services","84 3rd Ave, Alexandra, 2090","Alexandra","Gauteng","","South Africa"," 0833674851","info@dbarchitecturalservices.co.za","http://www.dbarchitecturalservices.co.za/","","","https://maps.google.com/?hl=en_US&cid=0x0:0x699f5e33ddf936f2",""
"business","Business management consultant","Xasha Group","30 Viljoen Street, 17th Avenue, Alexandra, Van Hoof St, Ruimsig, Krugersdorp","Krugersdorp","Gauteng","","South Africa"," 0116601504","","","","","https://maps.google.com/?hl=en_US&cid=0x0:0x962d321d18963fee",""
"business","Computer support and services","Fupro (Pty) Ltd","16 4th St, Wynberg, Sandton, 2090","Sandton","Gauteng","","South Africa"," 0108802611","","","","","https://maps.google.com/?hl=en_US&cid=0x0:0xd7ede83934e184d3",""
"business","Accountant","MAHLAKO LE MMATSHEGO CONSULTING","450 Dove Ln, Alexandra, 2090","Alexandra","Gauteng","","South Africa"," 0760117335","","","","","https://maps.google.com/?hl=en_US&cid=0x0:0x315e06b75d1ee934",""
"business","Casket service","GNC Funeral Parlour","47 8th Ave, Alexandra, 2090","Alexandra","Gauteng","","South Africa"," 0110372064","info@gncfunerals.co.za","http://gncfunerals.co.za/","","","https://maps.google.com/?hl=en_US&cid=0x0:0xa90d94904b9ea708",""
"business","Software company","Knowledge Intergration Dynamics (Kid)","Selborne St, Alexandra, Sandton, 2090","Sandton","Gauteng","","South Africa"," 0114621277","","http://www.kid.co.za/","","","https://maps.google.com/?hl=en_US&cid=0x0:0x7fb5c279fd3cbf7e",""
"business","business","Alexandra","2014","Alexandra","Gauteng","","South Africa","","","","","","https://maps.google.com/?hl=en_US&cid=0x0:0xba9789de8bd1fbb3",""
"business","Apartment building","Madala Men's Hostel, Alexandra","2075 Rooseveldt St, Alexandra, 2014","Alexandra","Gauteng","","South Africa","","","","","","https://maps.google.com/?hl=en_US&cid=0x0:0x8712ae7474ab2574",""
"business","Foundation","Phoenix Alexandra","87-15th Avenue Roosevelt street Alexandra Township, Sandton, Johannesburg, 2090","Johannesburg","Gauteng","","South Africa"," 0740274606","emily@phoenixalexandra.co.za","http://www.phoenixalexandra.co.za/","","","https://maps.google.com/?hl=en_US&cid=0x0:0x641ea22ac74eed66",""
"business","business","N/A","","","Gauteng","","South Africa"," 0832941608","","","","","https://maps.google.com/?hl=en_US&cid=0x0:0x4754e73af6535d96",""
"business","Consultant","Bahlangene Business Group","544 The West End 9th , 11th Rd, Erand Gardens, Johannesburg, 1687","Johannesburg","Gauteng","","South Africa"," 0679362391","","","","","https://maps.google.com/?hl=en_US&cid=0x0:0x238a8966458b4990",""
"business","Business management consultant","Hunting Mobility Evolution","83 Keats Rd, Lombardy East, Johannesburg, 2090","Johannesburg","Gauteng","","South Africa"," 0634738241","","","","","https://maps.google.com/?hl=en_US&cid=0x0:0x3adcb567a3431743",""
"business","Machining manufacturer","teknik.co.za","137 10th Rd, Kew, Johannesburg, 2090","Johannesburg","Gauteng","","South Africa"," 0727605732","orders@teknik.co.za","https://www.teknik.co.za/","","","https://maps.google.com/?hl=en_US&cid=0x0:0x2a6006b2eee5845a",""
"business","Tax preparation service","Sisimuka Advisory Services","unit 6, 25 Dublin Rd, Bramley View, Johannesburg, 2090","Johannesburg","Gauteng","","South Africa"," 0782091647","","","","","https://maps.google.com/?hl=en_US&cid=0x0:0x7552196465e841a1",""
"business","Sightseeing tour agency","Alexandra Tourism Business Association","12th Ave, Alexandra, Sandton, 2090","Sandton","Gauteng","","South Africa"," 0763854574","","","","","https://maps.google.com/?hl=en_US&cid=0x0:0x71d5b98bb970c813",""
"business","Shopping mall","Alex Mall","and N 3, C/O, London Rd, Alexandra","Alexandra","Gauteng","","South Africa"," 0118820551","info@mccormick-property.co.za","https://www.alexmall.co.za/","","","https://maps.google.com/?hl=en_US&cid=0x0:0x42dea040bfacb31d",""
"business","Motor vehicle dealer","ABB Alrode","4 Clarke St, Alrode, Alberton, 1451","Alberton","Gauteng","","South Africa"," 0116172000","","","","","https://maps.google.com/?hl=en_US&cid=0x0:0x496bc6821e465be",""
"business","Bearing supplier","Alrode Industrial Supplies","C/o Potgieter  Dan Jacobs Rd, Alrode, Johannesburg, 1451","Johannesburg","Gauteng","","South Africa"," 0118642934","info@alrodeindustrial.co.za","http://www.alrodeindustrial.co.za/","","","https://maps.google.com/?hl=en_US&cid=0x0:0xb56c564d18800207",""
"business","business","N/A","","","Gauteng","","South Africa"," 0836794192","","","","","https://maps.google.com/?hl=en_US&cid=0x0:0x2ba802c68c42bdd2",""
"business","business","N/A","","","Gauteng","","South Africa"," 0625122687","","","","","https://maps.google.com/?hl=en_US&cid=0x0:0x741afbf679837471",""
"business","Hose supplier","Hose company","7 Chris St, Alrode, Alberton, 1451","Alberton","Gauteng","","South Africa"," 0118648211","countersales1@hosecompany.co.za","https://www.hosecompany.co.za/","","","https://maps.google.com/?hl=en_US&cid=0x0:0x3277fd380174de11",""
"business","business","N/A","","","Gauteng","","South Africa"," 0826287503","","","","","https://maps.google.com/?hl=en_US&cid=0x0:0x544e1216e934d4e",""
"business","Civil engineering company","Kolbenco (Pty) Ltd","6 Liebenberg St, Alrode, Alberton, 1451","Alberton","Gauteng","","South Africa"," 0118647930","","","","","https://maps.google.com/?hl=en_US&cid=0x0:0x897b769de8f1804a",""
"business","Manufacturer","NJR Steel Alrode","6 Dan Jacobs St, Alrode, Alberton, 1451","Alberton","Gauteng","","South Africa"," 0118642111","sfitzhenry@njrsteel.co.za","http://www.njrsteel.com/branches/njr-steel-alrode","","","https://maps.google.com/?hl=en_US&cid=0x0:0x91fb0640e4d914f1",""
"business","business","N/A","","","Gauteng","","South Africa","","","","","","https://maps.google.com/?hl=en_US&cid=0x0:0x9023e0c83d885c2b",""
"business","business","N/A","","","Gauteng","","South Africa"," 0827077570","","","","","https://maps.google.com/?hl=en_US&cid=0x0:0x688861ad4b618eed",""
"business","business","N/A","","","Gauteng","","South Africa"," 0660673373","","","","","https://maps.google.com/?hl=en_US&cid=0x0:0x4355d59f6c2befce",""
"business","business","N/A","","","Gauteng","","South Africa","","info@rdwmundial.co.za","https://www.rdwmundial.co.za/","","","https://maps.google.com/?hl=en_US&cid=0x0:0xbb24417e2402a35b",""
"business","business","N/A","","","Gauteng","","South Africa"," 0646575627","","","","","https://maps.google.com/?hl=en_US&cid=0x0:0x489fcbc512268749",""
"business","business","N/A","","","Gauteng","","South Africa"," 0658041952","","","","","https://maps.google.com/?hl=en_US&cid=0x0:0x2805df46266358ae",""
"business","Customs warehouse","Alrode Multi Park","J G Strijdom Rd, Mayberry Park, Alberton, 1481","Alberton","Gauteng","","South Africa"," 0112913147","","","","","https://maps.google.com/?hl=en_US&cid=0x0:0x2be3b2c8df301b9d",""
"business","business","N/A","","","Gauteng","","South Africa"," 0658041952","","","","","https://maps.google.com/?hl=en_US&cid=0x0:0x1dbec3e6ee7c65ab",""
"business","business","N/A","","","Gauteng","","South Africa","","","","","","https://maps.google.com/?hl=en_US&cid=0x0:0x45b2e49ec327264a",""
"business","business","N/A","","","Gauteng","","South Africa"," 0789305154","","","","","https://maps.google.com/?hl=en_US&cid=0x0:0x2a5c4873e88a0ba1",""
"business","Business management consultant","Swastik36Five","10 Combrinck St, Alrode, Alberton, 1451","Alberton","Gauteng","","South Africa"," 0112197294","","","","","https://maps.google.com/?hl=en_US&cid=0x0:0xd607b1429aa28795",""
"business","Corporate office","Albertob","20 Bosworth St, Alrode, Alberton, 1451","Alberton","Gauteng","","South Africa"," 0315004603","","","","","https://maps.google.com/?hl=en_US&cid=0x0:0xe6d5c8a4a4d19455",""
"business","Occupational health service","Ocsa - Training Academy of Excellence","4 Combrinck St, Alrode, Alberton, 1449","Alberton","Gauteng","","South Africa"," 0118641173","","","","","https://maps.google.com/?hl=en_US&cid=0x0:0xb7913668b8e38856",""
"business","","Buletsa Trading","c4, Fountains Industrial Park, 20 Dan Jacobs St, Alrode, Johannesburg, 1452","Johannesburg","Gauteng","","South Africa"," 0118683443","","","","","https://maps.google.com/?hl=en_US&cid=0x0:0xac5aac62740bb0aa",""
"business","Business management consultant","DoAll Holdings (Pty) Ltd","19 Dienst St, Alrode, Alberton, 1451","Alberton","Gauteng","","South Africa"," 0813307971","","http://doallholdings.co.za/","","","https://maps.google.com/?hl=en_US&cid=0x0:0xabf72fc127afeda7",""
"business","Truck repair shop","Alrode Commercial","141 Tarry Rd, Alrode South, Alberton, 1451","Alberton","Gauteng","","South Africa"," 0118681149","","","","","https://maps.google.com/?hl=en_US&cid=0x0:0x4a57dc5d81f3f164",""
"business","Engineering consultant","ROMIK ENGINEERING","22 Dan Jacobs St, Alrode, Alberton, 1451","Alberton","Gauteng","","South Africa"," 0119026199","","http://romik.co.za/","","","https://maps.google.com/?hl=en_US&cid=0x0:0x2a6b7b0c57c705d6",""
"business","Truck parts supplier","SAC COMMERCIAL PARTS ALRODE","Unit 18, Newmarket Commercial Park, 39 Heidelberg Ave, Alrode, Alberton, 1449","Alberton","Gauteng","","South Africa"," 0870940734","parts.wel@sactrucks.co.za","https://www.sactrucks.co.za/","","","https://maps.google.com/?hl=en_US&cid=0x0:0xcb807e2cf40cfbe2",""
"business","Training centre","BTC Training (Africa) Pty Limited","3 Promenade Center at, 40 Voortrekker Rd, New Redruth, Alberton, 1449","Alberton","Gauteng","","South Africa"," 0118691946","","http://btcafrica.co.za/","","","https://maps.google.com/?hl=en_US&cid=0x0:0x4d86d5cc97e91bbf",""
"business","Bearing supplier","ukay rubber moulders","4 Tarry Rd, Alrode South, Alberton, 1450","Alberton","Gauteng","","South Africa"," 0118683714","","http://www.ukayrubbermoulders.weebly.com/","","","https://maps.google.com/?hl=en_US&cid=0x0:0xcb043bffb206ec80",""
"business","Civil engineering company","Group 1 Engineering International Contractor Pty Ltd","04 Fuchs St, Alrode, Johannesburg, 1449","Johannesburg","Gauteng","","South Africa"," 0118642050","group1@global.co.za","http://www.group1engineering.co.za/","","","https://maps.google.com/?hl=en_US&cid=0x0:0x4c83b8d2a6d7dc13",""
"business","Motor vehicle dealer","ABB Alrode","4 Clarke St, Alrode, Alberton, 1451","Alberton","Gauteng","","South Africa"," 0116172000","","","","","https://maps.google.com/?hl=en_US&cid=0x0:0x496bc6821e465be",""
"business","Steel distributor","Allied Steelrode (Pty) Ltd Head Office","Vereeniging Road  Waterstof Street, Alrode, Alberton, 1420","Alberton","Gauteng","","South Africa"," 0861777777","info@alliedsteelrode.co.za","http://www.alliedsteelrode.com/","","","https://maps.google.com/?hl=en_US&cid=0x0:0x9c14bbeaab8e0284",""
"business","Bearing supplier","Alrode Industrial Supplies","C/o Potgieter  Dan Jacobs Rd, Alrode, Johannesburg, 1451","Johannesburg","Gauteng","","South Africa"," 0118642934","info@alrodeindustrial.co.za","http://www.alrodeindustrial.co.za/","","","https://maps.google.com/?hl=en_US&cid=0x0:0xb56c564d18800207",""
"business","Engineering consultant","Weir Minerals Alrode","5 Clarke St, South, Johannesburg, 1428","Johannesburg","Gauteng","","South Africa"," 0116170700","","","","","https://maps.google.com/?hl=en_US&cid=0x0:0xfe470697fa512074",""
"business","","Buletsa Trading","c4, Fountains Industrial Park, 20 Dan Jacobs St, Alrode, Johannesburg, 1452","Johannesburg","Gauteng","","South Africa"," 0118683443","","","","","https://maps.google.com/?hl=en_US&cid=0x0:0xac5aac62740bb0aa",""
"business","Manufacturer","NJR Steel Alrode","6 Dan Jacobs St, Alrode, Alberton, 1451","Alberton","Gauteng","","South Africa"," 0118642111","sfitzhenry@njrsteel.co.za","http://www.njrsteel.com/branches/njr-steel-alrode","","","https://maps.google.com/?hl=en_US&cid=0x0:0x91fb0640e4d914f1",""
"business","Business management consultant","DoAll Holdings (Pty) Ltd","19 Dienst St, Alrode, Alberton, 1451","Alberton","Gauteng","","South Africa"," 0813307971","","http://doallholdings.co.za/","","","https://maps.google.com/?hl=en_US&cid=0x0:0xabf72fc127afeda7",""
"business","General store","Allied Steelrode","12 Koper St, Alrode, Alberton, 1451","Alberton","Gauteng","","South Africa"," 0861777777","info@alliedsteelrode.co.za","http://alliedsteelrode.com/","","","https://maps.google.com/?hl=en_US&cid=0x0:0xf1453800050c26c9",""
"business","Civil engineering company","Group 1 Engineering International Contractor Pty Ltd","04 Fuchs St, Alrode, Johannesburg, 1449","Johannesburg","Gauteng","","South Africa"," 0118642050","group1@global.co.za","http://www.group1engineering.co.za/","","","https://maps.google.com/?hl=en_US&cid=0x0:0x4c83b8d2a6d7dc13",""
"business","Engineering consultant","ROMIK ENGINEERING","22 Dan Jacobs St, Alrode, Alberton, 1451","Alberton","Gauteng","","South Africa"," 0119026199","","http://romik.co.za/","","","https://maps.google.com/?hl=en_US&cid=0x0:0x2a6b7b0c57c705d6",""
"business","Customs warehouse","Alrode Multi Park","J G Strijdom Rd, Mayberry Park, Alberton, 1481","Alberton","Gauteng","","South Africa"," 0112913147","","","","","https://maps.google.com/?hl=en_US&cid=0x0:0x2be3b2c8df301b9d",""
"business","General store","The Pines Micro Industrial Park","Alrode South, Alberton, 1448","Alberton","Gauteng","","South Africa","","","","","","https://maps.google.com/?hl=en_US&cid=0x0:0x3a0a33c2f3c7c9e6",""
"business","Occupational health service","Ocsa - Training Academy of Excellence","4 Combrinck St, Alrode, Alberton, 1449","Alberton","Gauteng","","South Africa"," 0118641173","","","","","https://maps.google.com/?hl=en_US&cid=0x0:0xb7913668b8e38856",""
"business","Fire protection equipment supplier","Firebreak Safety Appliances (PTY) Ltd","14 Combrinck St, Alrode, Johannesburg, 1451","Johannesburg","Gauteng","","South Africa"," 0119086960","enquiries@firebreaksa.co.za","https://www.firebreaksa.co.za/","","","https://maps.google.com/?hl=en_US&cid=0x0:0xf8f345f599eb1e3f",""
"business","Truck repair shop","Alrode Commercial","141 Tarry Rd, Alrode South, Alberton, 1451","Alberton","Gauteng","","South Africa"," 0118681149","","","","","https://maps.google.com/?hl=en_US&cid=0x0:0x4a57dc5d81f3f164",""
"business","Engineering consultant","Weir Minerals Gauteng","25 Borax St, Alrode, Johannesburg, 1428","Johannesburg","Gauteng","","South Africa"," 0828837209","","https://www.global.weir/map/office-143402309033/","","","https://maps.google.com/?hl=en_US&cid=0x0:0xb9770996248335",""
"business","Mechanical engineer","MGR Engineering cc","19 Dienst St, Alrode, Alberton, 1451","Alberton","Gauteng","","South Africa"," 0118653498","reinhardh@polka.co.za","http://mgrengineering.net/","","","https://maps.google.com/?hl=en_US&cid=0x0:0x27e432e7369aef51",""
"business","business","Alrode","Alberton, 1451","Alberton","Gauteng","","South Africa","","","","","","https://maps.google.com/?hl=en_US&cid=0x0:0x2d72e4c4cbb7b535",""
"business","Pipe supplier","Stewarts  Lloyds - Steel Suppliers in Alrode South","235 Bosworth St S, Alrode South, Alberton, 1451","Alberton","Gauteng","","South Africa"," 0119004270","info@sltrading.co.za","https://www.stewartsandlloyds.co.za/","","","https://maps.google.com/?hl=en_US&cid=0x0:0xbe9efeea03014f34",""
"business","","Newmarket Commercial Park","1449, Newmarket AH, Alberton","Alberton","Gauteng","","South Africa","","","","","","https://maps.google.com/?hl=en_US&cid=0x0:0xed4e720ddacf0684",""
"business","Business management consultant","L-H Business Consulting","213 Troye St, Muckleneuk, Pretoria, 0002","Pretoria","Gauteng","","South Africa"," 0127544556","","http://lhbusiness.co.za/","","","https://maps.google.com/?hl=en_US&cid=0x0:0x49a135eea5a3f641",""
"business","business","Gauteng","","","Gauteng","","South Africa","","","","","","https://maps.google.com/?hl=en_US&cid=0x0:0x6d9ee7c7cb5438e2",""
"business","Medical clinic","Imperial Cargo","24 Flamink Rd, Alrode, Alberton, 1451","Alberton","Gauteng","","South Africa"," 0114390760","","","","","https://maps.google.com/?hl=en_US&cid=0x0:0x9e6dc09f85b16746",""
"business","Business management consultant","Claricent Consulting Services Pty Ltd","337 Visagie St, Pretoria Central, Pretoria, 0001","Pretoria","Gauteng","","South Africa"," 0871520938","info@claricent-consulting.co.za","http://www.claricent-consulting.co.za/","","","https://maps.google.com/?hl=en_US&cid=0x0:0xe4d00c7e0d82a55",""
"business","Logistics service","IMPERIAL  DEDICATED CONTRACTS","J G Strijdom Rd, Alrode, Alberton, 1451","Alberton","Gauteng","","South Africa"," 0118641888","esha.mansingh@imperiallogistics.com","http://www.imperiallogistics.co.za/","","","https://maps.google.com/?hl=en_US&cid=0x0:0x4d3d9490daffe449",""
"business","Business management consultant","Swastik36Five","10 Combrinck St, Alrode, Alberton, 1451","Alberton","Gauteng","","South Africa"," 0112197294","","","","","https://maps.google.com/?hl=en_US&cid=0x0:0xd607b1429aa28795",""
"business","Contractor","SprayPave Gauteng","7 Evans St, Alrode South, Alberton, 1450","Alberton","Gauteng","","South Africa"," 0118685451","Farhad.Subjoo@aeciworld.com","http://www.spraypave.co.za/","","","https://maps.google.com/?hl=en_US&cid=0x0:0x4da22b107df596d6",""
"business","General store","The Pines Micro Industrial Park","Alrode South, Alberton, 1448","Alberton","Gauteng","","South Africa","","","","","","https://maps.google.com/?hl=en_US&cid=0x0:0x3a0a33c2f3c7c9e6",""
"business","Contractor","SprayPave Gauteng","7 Evans St, Alrode South, Alberton, 1450","Alberton","Gauteng","","South Africa"," 0118685451","Farhad.Subjoo@aeciworld.com","http://www.spraypave.co.za/","","","https://maps.google.com/?hl=en_US&cid=0x0:0x4da22b107df596d6",""
"business","Chemical manufacturer","ASK Chemicals South Africa (Pty) Ltd.","45 Potgieter St, Alrode, Alberton, 1451","Alberton","Gauteng","","South Africa"," 0113898200","","","","","https://maps.google.com/?hl=en_US&cid=0x0:0xf8f15c531d43375b",""
"business","Bearing supplier","Alrode Industrial Supplies","C/o Potgieter  Dan Jacobs Rd, Alrode, Johannesburg, 1451","Johannesburg","Gauteng","","South Africa"," 0118642934","info@alrodeindustrial.co.za","http://www.alrodeindustrial.co.za/","","","https://maps.google.com/?hl=en_US&cid=0x0:0xb56c564d18800207",""
"business","Chemical plant","Elite Chemical Industries (Pty) Ltd","23 Barium St, Alrode, Alberton, 1451","Alberton","Gauteng","","South Africa"," 0118644620","","http://www.elitechemicalindustries.co.za/","","","https://maps.google.com/?hl=en_US&cid=0x0:0x74bd09ae73d6f060",""
"business","Paint store","Prominent paints (Pty) Ltd - Marketing  Sales","9 Arnold St, Alrode, Alberton, 1449","Alberton","Gauteng","","South Africa"," 0113894600","customercare@prominentpaints.co.za","http://www.prominentpaints.co.za/","","","https://maps.google.com/?hl=en_US&cid=0x0:0x1f256e044592c63f",""
"business","Aluminum supplier","Alpha Alloys","31 Barium St, Alrode, Alberton, 1448","Alberton","Gauteng","","South Africa"," 0118645056","admin@alphaalloys.co.za","http://alphaalloys.co.za/","","","https://maps.google.com/?hl=en_US&cid=0x0:0xed2db7c0ea0d2747",""
"business","Manufacturer","NJR Steel Alrode","6 Dan Jacobs St, Alrode, Alberton, 1451","Alberton","Gauteng","","South Africa"," 0118642111","sfitzhenry@njrsteel.co.za","http://www.njrsteel.com/branches/njr-steel-alrode","","","https://maps.google.com/?hl=en_US&cid=0x0:0x91fb0640e4d914f1",""
"business","Elevator service","Stab-A-Load CC","13 Statler St, Alrode South, Alberton, 1448","Alberton","Gauteng","","South Africa"," 0119003909","","https://www.stabaload.co.za/","","","https://maps.google.com/?hl=en_US&cid=0x0:0x4eb7917381a01a93",""
"business","Cosmetics and perfumes supplier","Esteem Flavours (Pty) Ltd.","24 Basalt St, Alrode, Alberton, 1448","Alberton","Gauteng","","South Africa"," 0632196460","","","","","https://maps.google.com/?hl=en_US&cid=0x0:0x985a6811f06ace9e",""
"business","Paint store","B R Products Pty Ltd","19 Beryllium Rd, Alrode, Alberton, 1451","Alberton","Gauteng","","South Africa"," 0118641036","orders@bandrsupreme.co.za","https://www.bandr.co.za/","","","https://maps.google.com/?hl=en_US&cid=0x0:0xd52527bf3e193a05",""
"business","Manufacturer","SIPS INDUSTRIES AFRICA","3 Bentonite St, Alrode, Alberton, 1451","Alberton","Gauteng","","South Africa"," 0118642680","","","","","https://maps.google.com/?hl=en_US&cid=0x0:0xfa7c089caf326b48",""
"business","Manufacturer","ALRODES CHEMICALS","4 Swartberg Rd, Alrode South, Johannesburg, 1451","Johannesburg","Gauteng","","South Africa"," 0118682183","","","","","https://maps.google.com/?hl=en_US&cid=0x0:0x2e8aa539e7d1114",""
"business","Gas station","Alrode","3 Akasia Rd, General Albertspark, Alberton, 1449","Alberton","Gauteng","","South Africa","","","","","","https://maps.google.com/?hl=en_US&cid=0x0:0xb3e11c4da895d85b",""
"business","Hardware store","Price Industries (Pty) Ltd","259 Bosworth St S, Alrode South, Alberton, 1449","Alberton","Gauteng","","South Africa"," 0716076328","Info@priceindustries.co.za","https://priceindustries.co.za/contact/","","","https://maps.google.com/?hl=en_US&cid=0x0:0x450a1840e46d69d9",""
"business","Bearing supplier","ukay rubber moulders","4 Tarry Rd, Alrode South, Alberton, 1450","Alberton","Gauteng","","South Africa"," 0118683714","","http://www.ukayrubbermoulders.weebly.com/","","","https://maps.google.com/?hl=en_US&cid=0x0:0xcb043bffb206ec80",""
"business","Business management consultant","DoAll Holdings (Pty) Ltd","19 Dienst St, Alrode, Alberton, 1451","Alberton","Gauteng","","South Africa"," 0813307971","","http://doallholdings.co.za/","","","https://maps.google.com/?hl=en_US&cid=0x0:0xabf72fc127afeda7",""
"business","Customs warehouse","Alrode Multi Park","J G Strijdom Rd, Mayberry Park, Alberton, 1481","Alberton","Gauteng","","South Africa"," 0112913147","","","","","https://maps.google.com/?hl=en_US&cid=0x0:0x2be3b2c8df301b9d",""
"business","business","Alrode","Alberton, 1451","Alberton","Gauteng","","South Africa","","","","","","https://maps.google.com/?hl=en_US&cid=0x0:0x2d72e4c4cbb7b535",""
"business","Marketing agency","Crystal Communications (PTY)Ltd","Building 2, Meyersdal Office Park, 65 Philip Engelbrecht Ave, Meyersdal, Alberton, 1448","Alberton","Gauteng","","South Africa"," 0118670488","sales@crystalcom.co.za","https://www.crystalcom.co.za/","","","https://maps.google.com/?hl=en_US&cid=0x0:0x7f4d2de1c57ceb55",""
"business","","Buletsa Trading","c4, Fountains Industrial Park, 20 Dan Jacobs St, Alrode, Johannesburg, 1452","Johannesburg","Gauteng","","South Africa"," 0118683443","","","","","https://maps.google.com/?hl=en_US&cid=0x0:0xac5aac62740bb0aa",""
"business","Paint store","Prominent Paints","11 Dan Jacobs St, Alrode, Alberton, 1456","Alberton","Gauteng","","South Africa"," 0113894600","customercare@prominentpaints.co.za","http://www.prominentpaints.co.za/","","","https://maps.google.com/?hl=en_US&cid=0x0:0x453b34531157a82a",""
"business","Occupational health service","Ocsa - Training Academy of Excellence","4 Combrinck St, Alrode, Alberton, 1449","Alberton","Gauteng","","South Africa"," 0118641173","","","","","https://maps.google.com/?hl=en_US&cid=0x0:0xb7913668b8e38856",""
"business","Paint store","Nancefield Paints Alberton","Corner Bentonite , Potgieter St, Alrode, Johannesburg, 1449","Johannesburg","Gauteng","","South Africa"," 0111005788","","","","","https://maps.google.com/?hl=en_US&cid=0x0:0x911e256a58bfd4ff",""
"business","Manufacturer","iTe Products","7 Clarke St, Alrode, Alberton, 1451","Alberton","Gauteng","","South Africa"," 0118644918","sales@iteproducts.co.za","https://www.iteproducts.co.za/","","","https://maps.google.com/?hl=en_US&cid=0x0:0xc2daa6e86e9e60d4",""
"business","Civil engineering company","Group 1 Engineering International Contractor Pty Ltd","04 Fuchs St, Alrode, Johannesburg, 1449","Johannesburg","Gauteng","","South Africa"," 0118642050","group1@global.co.za","http://www.group1engineering.co.za/","","","https://maps.google.com/?hl=en_US&cid=0x0:0x4c83b8d2a6d7dc13",""
"business","Bearing supplier","Alrode Bearings","8 Bentonite St, Alrode, Johannesburg, 1451","Johannesburg","Gauteng","","South Africa"," 0118641780","sales@alrodebearings.co.za","https://www.alrodebearings.co.za/","","","https://maps.google.com/?hl=en_US&cid=0x0:0x2412a568e11a3e54",""
"business","Engineering consultant","Weir Minerals Alrode","5 Clarke St, South, Johannesburg, 1428","Johannesburg","Gauteng","","South Africa"," 0116170700","","","","","https://maps.google.com/?hl=en_US&cid=0x0:0xfe470697fa512074",""
"business","Clothing store","National Clothing Distributors","12 Borax St, Alrode, Johannesburg, 1449","Johannesburg","Gauteng","","South Africa"," 0118641165","jm.mike.vanrooyen@gmail.com","http://www.nationalclothing.co.za/","","","https://maps.google.com/?hl=en_US&cid=0x0:0xca57587af8524489",""
"business","Manufacturer","NJR Steel Alrode","6 Dan Jacobs St, Alrode, Alberton, 1451","Alberton","Gauteng","","South Africa"," 0118642111","sfitzhenry@njrsteel.co.za","http://www.njrsteel.com/branches/njr-steel-alrode","","","https://maps.google.com/?hl=en_US&cid=0x0:0x91fb0640e4d914f1",""
"business","Bearing supplier","Alrode Industrial Supplies","C/o Potgieter  Dan Jacobs Rd, Alrode, Johannesburg, 1451","Johannesburg","Gauteng","","South Africa"," 0118642934","info@alrodeindustrial.co.za","http://www.alrodeindustrial.co.za/","","","https://maps.google.com/?hl=en_US&cid=0x0:0xb56c564d18800207",""
"business","Hose supplier","Hose company","7 Chris St, Alrode, Alberton, 1451","Alberton","Gauteng","","South Africa"," 0118648211","countersales1@hosecompany.co.za","https://www.hosecompany.co.za/","","","https://maps.google.com/?hl=en_US&cid=0x0:0x3277fd380174de11",""
"business","Manufacturer","Pioneer Metals Pty Ltd","No. 1, EGoli, Van Till St, Alrode, Alberton, 1451","Alberton","Gauteng","","South Africa"," 0119089440","","https://pioneermetalssa.com/","","","https://maps.google.com/?hl=en_US&cid=0x0:0x525dbeb5d8a78d74",""
"business","Packaging company","Convertacor (Pty) Ltd","24 Bentonite St, Alrode, Johannesburg, 1451","Johannesburg","Gauteng","","South Africa"," 0119082724","steven@convertacor.co.za","https://www.convertacor.co.za/","","","https://maps.google.com/?hl=en_US&cid=0x0:0xfc2d2054fe5e5156",""
"business","","Buletsa Trading","c4, Fountains Industrial Park, 20 Dan Jacobs St, Alrode, Johannesburg, 1452","Johannesburg","Gauteng","","South Africa"," 0118683443","","","","","https://maps.google.com/?hl=en_US&cid=0x0:0xac5aac62740bb0aa",""
"business","Engineering consultant","ROMIK ENGINEERING","22 Dan Jacobs St, Alrode, Alberton, 1451","Alberton","Gauteng","","South Africa"," 0119026199","","http://romik.co.za/","","","https://maps.google.com/?hl=en_US&cid=0x0:0x2a6b7b0c57c705d6",""
"business","Fire protection equipment supplier","Firebreak Safety Appliances (PTY) Ltd","14 Combrinck St, Alrode, Johannesburg, 1451","Johannesburg","Gauteng","","South Africa"," 0119086960","","https://www.firebreaksa.co.za/","","","https://maps.google.com/?hl=en_US&cid=0x0:0xf8f345f599eb1e3f",""
"business","Civil engineering company","Kolbenco (Pty) Ltd","6 Liebenberg St, Alrode, Alberton, 1451","Alberton","Gauteng","","South Africa"," 0118647930","","","","","https://maps.google.com/?hl=en_US&cid=0x0:0x897b769de8f1804a",""
"business","Recycling center","CRONIMET RSA (PTY) LTD","6 Fuchs St, Alrode, Alberton, 1451","Alberton","Gauteng","","South Africa"," 0100105789","contact@mysite.com","http://www.cronimet.co.za/","","","https://maps.google.com/?hl=en_US&cid=0x0:0xe09035350623b004",""
"business","Business management consultant","DoAll Holdings (Pty) Ltd","19 Dienst St, Alrode, Alberton, 1451","Alberton","Gauteng","","South Africa"," 0813307971","","http://doallholdings.co.za/","","","https://maps.google.com/?hl=en_US&cid=0x0:0xabf72fc127afeda7",""
"business","General store","Allied Steelrode","12 Koper St, Alrode, Alberton, 1451","Alberton","Gauteng","","South Africa"," 0861777777","info@alliedsteelrode.co.za","http://alliedsteelrode.com/","","","https://maps.google.com/?hl=en_US&cid=0x0:0xf1453800050c26c9",""
"business","Civil engineering company","Group 1 Engineering International Contractor Pty Ltd","04 Fuchs St, Alrode, Johannesburg, 1449","Johannesburg","Gauteng","","South Africa"," 0118642050","group1@global.co.za","http://www.group1engineering.co.za/","","","https://maps.google.com/?hl=en_US&cid=0x0:0x4c83b8d2a6d7dc13",""
"business","Mechanical engineer","MGR Engineering cc","19 Dienst St, Alrode, Alberton, 1451","Alberton","Gauteng","","South Africa"," 0118653498","reinhardh@polka.co.za","http://mgrengineering.net/","","","https://maps.google.com/?hl=en_US&cid=0x0:0x27e432e7369aef51",""
"business","Auto repair shop","JMR Alrode","5 Barium St, Alrode, Alberton, 1451","Alberton","Gauteng","","South Africa"," 0119082654","","http://www.jmrgroup.co.za/","","","https://maps.google.com/?hl=en_US&cid=0x0:0x37d00561ce12826",""
"business","Self-storage facility","Xtraspace Alrode - Self Storage Alberton Combrinck St","4 Combrinck St, Alrode, Johannesburg, 1451","Johannesburg","Gauteng","","South Africa"," 0119086568","","https://www.xtraspace.co.za/locations/alberton-xtraspace-alrode/","","","https://maps.google.com/?hl=en_US&cid=0x0:0x6edf90e92b591786",""
"business","Metal fabricator","Metal Manufacturing Solutions","126 Struben Rd, Alrode South, Alberton, 1451","Alberton","Gauteng","","South Africa"," 0119002842","general@metalms.co.za","http://www.metalms.co.za/","","","https://maps.google.com/?hl=en_US&cid=0x0:0x4f6fa4be9e85543f",""
"business","business","Alrode","Alberton, 1451","Alberton","Gauteng","","South Africa","","","","","","https://maps.google.com/?hl=en_US&cid=0x0:0x2d72e4c4cbb7b535",""
"business","Engineering consultant","Weir Minerals Alrode","5 Clarke St, South, Johannesburg, 1428","Johannesburg","Gauteng","","South Africa"," 0116170700","","","","","https://maps.google.com/?hl=en_US&cid=0x0:0xfe470697fa512074",""
"business","Occupational health service","Ocsa - Training Academy of Excellence","4 Combrinck St, Alrode, Alberton, 1449","Alberton","Gauteng","","South Africa"," 0118641173","","","","","https://maps.google.com/?hl=en_US&cid=0x0:0xb7913668b8e38856",""
"business","Customs warehouse","Alrode Multi Park","J G Strijdom Rd, Mayberry Park, Alberton, 1481","Alberton","Gauteng","","South Africa"," 0112913147","","","","","https://maps.google.com/?hl=en_US&cid=0x0:0x2be3b2c8df301b9d",""
"business","Recycling center","Star Recycling Company","19 Fuchs St, Alberton, 1451, Alrode, Johannesburg, 1451","Johannesburg","Gauteng","","South Africa"," 0118645130","info@src.co.za","http://www.src.co.za/","","","https://maps.google.com/?hl=en_US&cid=0x0:0x73a5b118925ecbd4",""
"business","Clothing store","National Clothing Distributors","12 Borax St, Alrode, Johannesburg, 1449","Johannesburg","Gauteng","","South Africa"," 0118641165","jm.mike.vanrooyen@gmail.com","http://www.nationalclothing.co.za/","","","https://maps.google.com/?hl=en_US&cid=0x0:0xca57587af8524489",""
"business","Truck parts supplier","SAC COMMERCIAL PARTS ALRODE","Unit 18, Newmarket Commercial Park, 39 Heidelberg Ave, Alrode, Alberton, 1449","Alberton","Gauteng","","South Africa"," 0870940734","parts.wel@sactrucks.co.za","https://www.sactrucks.co.za/","","","https://maps.google.com/?hl=en_US&cid=0x0:0xcb807e2cf40cfbe2",""
"business","","Newmarket Commercial Park","1449, Newmarket AH, Alberton","Alberton","Gauteng","","South Africa","","","","","","https://maps.google.com/?hl=en_US&cid=0x0:0xed4e720ddacf0684",""
"business","Bearing supplier","Alrode Bearings","8 Bentonite St, Alrode, Johannesburg, 1451","Johannesburg","Gauteng","","South Africa"," 0118641780","sales@alrodebearings.co.za","https://www.alrodebearings.co.za/","","","https://maps.google.com/?hl=en_US&cid=0x0:0x2412a568e11a3e54",""
"business","Truck repair shop","Alrode Commercial","141 Tarry Rd, Alrode South, Alberton, 1451","Alberton","Gauteng","","South Africa"," 0118681149","","","","","https://maps.google.com/?hl=en_US&cid=0x0:0x4a57dc5d81f3f164",""
"business","Logistics service","IMPERIAL CROWN TRADING","16 Combrinck St, Alrode, Alberton, 1451","Alberton","Gauteng","","South Africa"," 0834506182","","","","","https://maps.google.com/?hl=en_US&cid=0x0:0xb20f566996855633",""
"business","Real estate rental agency","32 Potgieter","32 Potgieter St, Alrode, Alberton, 1451","Alberton","Gauteng","","South Africa"," 0112913147","","","","","https://maps.google.com/?hl=en_US&cid=0x0:0x84288e3d6b6063de",""
"business","Steel distributor","Allied Steelrode (Pty) Ltd Head Office","Vereeniging Road  Waterstof Street, Alrode, Alberton, 1420","Alberton","Gauteng","","South Africa"," 0861777777","info@alliedsteelrode.co.za","http://www.alliedsteelrode.com/","","","https://maps.google.com/?hl=en_US&cid=0x0:0x9c14bbeaab8e0284",""
"business","Bearing supplier","Alrode Industrial Supplies","C/o Potgieter  Dan Jacobs Rd, Alrode, Johannesburg, 1451","Johannesburg","Gauteng","","South Africa"," 0118642934","info@alrodeindustrial.co.za","http://www.alrodeindustrial.co.za/","","","https://maps.google.com/?hl=en_US&cid=0x0:0xb56c564d18800207",""
"business","Hose supplier","Hose company","7 Chris St, Alrode, Alberton, 1451","Alberton","Gauteng","","South Africa"," 0118648211","countersales1@hosecompany.co.za","https://www.hosecompany.co.za/","","","https://maps.google.com/?hl=en_US&cid=0x0:0x3277fd380174de11",""
"business","Manufacturer","NJR Steel Alrode","6 Dan Jacobs St, Alrode, Alberton, 1451","Alberton","Gauteng","","South Africa"," 0118642111","sfitzhenry@njrsteel.co.za","http://www.njrsteel.com/branches/njr-steel-alrode","","","https://maps.google.com/?hl=en_US&cid=0x0:0x91fb0640e4d914f1",""
"business","Civil engineering company","Kolbenco (Pty) Ltd","6 Liebenberg St, Alrode, Alberton, 1451","Alberton","Gauteng","","South Africa"," 0118647930","","","","","https://maps.google.com/?hl=en_US&cid=0x0:0x897b769de8f1804a",""
"business","Bearing supplier","Alrode Bearings","8 Bentonite St, Alrode, Johannesburg, 1451","Johannesburg","Gauteng","","South Africa"," 0118641780","sales@alrodebearings.co.za","https://www.alrodebearings.co.za/","","","https://maps.google.com/?hl=en_US&cid=0x0:0x2412a568e11a3e54",""
"business","Motor vehicle dealer","ABB Alrode","4 Clarke St, Alrode, Alberton, 1451","Alberton","Gauteng","","South Africa"," 0116172000","","","","","https://maps.google.com/?hl=en_US&cid=0x0:0x496bc6821e465be",""
"business","Engineering consultant","ROMIK ENGINEERING","22 Dan Jacobs St, Alrode, Alberton, 1451","Alberton","Gauteng","","South Africa"," 0119026199","","http://romik.co.za/","","","https://maps.google.com/?hl=en_US&cid=0x0:0x2a6b7b0c57c705d6",""
"business","General store","Allied Steelrode","12 Koper St, Alrode, Alberton, 1451","Alberton","Gauteng","","South Africa"," 0861777777","info@alliedsteelrode.co.za","http://alliedsteelrode.com/","","","https://maps.google.com/?hl=en_US&cid=0x0:0xf1453800050c26c9",""
"business","Business management consultant","DoAll Holdings (Pty) Ltd","19 Dienst St, Alrode, Alberton, 1451","Alberton","Gauteng","","South Africa"," 0813307971","","http://doallholdings.co.za/","","","https://maps.google.com/?hl=en_US&cid=0x0:0xabf72fc127afeda7",""
"business","Customs warehouse","Alrode Multi Park","J G Strijdom Rd, Mayberry Park, Alberton, 1481","Alberton","Gauteng","","South Africa"," 0112913147","","","","","https://maps.google.com/?hl=en_US&cid=0x0:0x2be3b2c8df301b9d",""
"business","Fire protection equipment supplier","Firebreak Safety Appliances (PTY) Ltd","14 Combrinck St, Alrode, Johannesburg, 1451","Johannesburg","Gauteng","","South Africa"," 0119086960","enquiries@firebreaksa.co.za","https://www.firebreaksa.co.za/","","","https://maps.google.com/?hl=en_US&cid=0x0:0xf8f345f599eb1e3f",""
"business","","Alrode Depot","Dienst St, Alrode, Alberton, 1451","Alberton","Gauteng","","South Africa","","","","","","https://maps.google.com/?hl=en_US&cid=0x0:0x548fa98e25ef8408",""
"business","Truck repair shop","Alrode Commercial","141 Tarry Rd, Alrode South, Alberton, 1451","Alberton","Gauteng","","South Africa"," 0118681149","","","","","https://maps.google.com/?hl=en_US&cid=0x0:0x4a57dc5d81f3f164",""
"business","Corporate office","SAB Alrode (AB-InBev)","1 Johnson St, Alrode, Alberton, 1451","Alberton","Gauteng","","South Africa"," 0113891000","","http://www.sab.co.za/","","","https://maps.google.com/?hl=en_US&cid=0x0:0x9808317728e7815f",""
"business","Aluminum window","Aluminium Windows  Doors Alberton | Frameless Glass Stacking Door Installations | Balustrades","13 Chris St, Alrode, Alberton, 1451","Alberton","Gauteng","","South Africa"," 0871332237","","","","","https://maps.google.com/?hl=en_US&cid=0x0:0x14a1d0ecbbcaf5d2",""
"business","Occupational health service","Ocsa - Training Academy of Excellence","4 Combrinck St, Alrode, Alberton, 1449","Alberton","Gauteng","","South Africa"," 0118641173","","","","","https://maps.google.com/?hl=en_US&cid=0x0:0xb7913668b8e38856",""
"business","Civil engineering company","Group 1 Engineering International Contractor Pty Ltd","04 Fuchs St, Alrode, Johannesburg, 1449","Johannesburg","Gauteng","","South Africa"," 0118642050","group1@global.co.za","http://www.group1engineering.co.za/","","","https://maps.google.com/?hl=en_US&cid=0x0:0x4c83b8d2a6d7dc13",""
"business","Engineering consultant","Weir Minerals Alrode","5 Clarke St, South, Johannesburg, 1428","Johannesburg","Gauteng","","South Africa"," 0116170700","","","","","https://maps.google.com/?hl=en_US&cid=0x0:0xfe470697fa512074",""
"business","business","Alrode","Alberton, 1451","Alberton","Gauteng","","South Africa","","","","","","https://maps.google.com/?hl=en_US&cid=0x0:0x2d72e4c4cbb7b535",""
"business","General store","The Pines Micro Industrial Park","Alrode South, Alberton, 1448","Alberton","Gauteng","","South Africa","","","","","","https://maps.google.com/?hl=en_US&cid=0x0:0x3a0a33c2f3c7c9e6",""
"business","Industrial gas supplier","Weld","4 Clarke St, Alrode, Alberton, 1451","Alberton","Gauteng","","South Africa"," 0845134792","info@weldpro.co.za","http://weldpro.co.za/","","","https://maps.google.com/?hl=en_US&cid=0x0:0xb669722a32bf78ee",""
"business","Bearing supplier","ukay rubber moulders","4 Tarry Rd, Alrode South, Alberton, 1450","Alberton","Gauteng","","South Africa"," 0118683714","","http://www.ukayrubbermoulders.weebly.com/","","","https://maps.google.com/?hl=en_US&cid=0x0:0xcb043bffb206ec80",""
"business","business","Gauteng","","","Gauteng","","South Africa","","","","","","https://maps.google.com/?hl=en_US&cid=0x0:0x6d9ee7c7cb5438e2",""
"business","Mechanical engineer","MGR Engineering cc","19 Dienst St, Alrode, Alberton, 1451","Alberton","Gauteng","","South Africa"," 0118653498","reinhardh@polka.co.za","http://mgrengineering.net/","","","https://maps.google.com/?hl=en_US&cid=0x0:0x27e432e7369aef51",""
"business","","Industrial Engine Parts CC","79 De Beer St, Alrode South, Johannesburg, 1451","Johannesburg","Gauteng","","South Africa"," 0118685436","info@ieppowerproducts.co.za","http://ieppowerproducts.co.za/","","","https://maps.google.com/?hl=en_US&cid=0x0:0x77164102a5154b4f",""
"business","","Newmarket Commercial Park","1449, Newmarket AH, Alberton","Alberton","Gauteng","","South Africa","","","","","","https://maps.google.com/?hl=en_US&cid=0x0:0xed4e720ddacf0684",""
"business","Business management consultant","Swastik36Five","10 Combrinck St, Alrode, Alberton, 1451","Alberton","Gauteng","","South Africa"," 0112197294","","","","","https://maps.google.com/?hl=en_US&cid=0x0:0xd607b1429aa28795",""
"business","Truck parts supplier","SAC COMMERCIAL PARTS ALRODE","Unit 18, Newmarket Commercial Park, 39 Heidelberg Ave, Alrode, Alberton, 1449","Alberton","Gauteng","","South Africa"," 0870940734","parts.wel@sactrucks.co.za","https://www.sactrucks.co.za/","","","https://maps.google.com/?hl=en_US&cid=0x0:0xcb807e2cf40cfbe2",""
"business","Computer support and services","MorwaneGAP","ext 42, 78 Yesandla St, Atteridgeville, Pretoria, 0008","Pretoria","Gauteng","","South Africa"," 0671831608","","","","","https://maps.google.com/?hl=en_US&cid=0x0:0x386e6d0bdfcf5a85",""
"business","County government office","Atteridgeville Municipality  Service Center","32 Komane St, Atteridgeville, Pretoria, 0006","Pretoria","Gauteng","","South Africa"," 0123583158","","https://www.gov.za/about-government/contact-directory/gp-thusong/gp-thusong/atteridgeville-thusong-service-centre","","","https://maps.google.com/?hl=en_US&cid=0x0:0x97f79c92e4201bfe",""
"business","Government office","Atteridgeville Magistrate's Court..","1 Hlahla St, Atteridgeville, Pretoria, 0008","Pretoria","Gauteng","","South Africa"," 0123731140","","https://www.justice.gov.za/contact/lowercourts_full.html","","","https://maps.google.com/?hl=en_US&cid=0x0:0x2129155194f5e914",""
"business","Consultant","NkosibEmpire","West, 63 Sehloho St, Atteridgeville, Pretoria, 0008","Pretoria","Gauteng","","South Africa"," 0736100813","","","","","https://maps.google.com/?hl=en_US&cid=0x0:0xd7046982a7202bf7",""
"business","Computer repair service","Aganang Consulting  Projects (Pty) Ltd","89 Tlale St, Atteridgeville, Pretoria, 0008","Pretoria","Gauteng","","South Africa"," 0877024892","","","","","https://maps.google.com/?hl=en_US&cid=0x0:0xae4d66718595f79f",""
"business","Law firm","Mphahlele (MT) Attorneys","16 Mareka St, Atteridgeville, Pretoria, 0008","Pretoria","Gauteng","","South Africa"," 0615476159","","","","","https://maps.google.com/?hl=en_US&cid=0x0:0xe3c1458ebfea82e0",""
"business","Internet cafe","PRENET COMMUNICATIONS","SHOP F105, CNR PHUDUFUFU AND, Attlyn Shopping Centre, Khoza St, Atteridgeville, Pretoria, 0008","Pretoria","Gauteng","","South Africa"," 0670847201","","","","","https://maps.google.com/?hl=en_US&cid=0x0:0xb0f022de80ee26b7",""
"business","Courier service","POSTNET ATTERIDGEVILLE","26 Maunde St, Atteridgeville, Pretoria, 0008","Pretoria","Gauteng","","South Africa"," 0123730198","","","","","https://maps.google.com/?hl=en_US&cid=0x0:0xacaa12850cb224f8",""
"business","Law firm","sothabi","1 Seporo St, Atteridgeville, Pretoria, 0008","Pretoria","Gauteng","","South Africa"," 0791763774","","","","","https://maps.google.com/?hl=en_US&cid=0x0:0xdf0d214259fc8d2f",""
"business","Train station","saulsville station","Atteridgeville, Pretoria, 0006","Pretoria","Gauteng","","South Africa","","","","","","https://maps.google.com/?hl=en_US&cid=0x0:0x10fc27bc5a56b828",""
"business","Corporate office","Thusong Service Centre","1770 Komane St, Atteridgeville, Pretoria, 0125","Pretoria","Gauteng","","South Africa"," 0123738856","","http://www.thusong.gov.za/","","","https://maps.google.com/?hl=en_US&cid=0x0:0x5fa29d2b02f59aa8",""
"business","Post office","Atteridgeville Post Office","Stand No 1082, Corner Maboea , Seeiso St, Atteridgeville, Pretoria, 0008","Pretoria","Gauteng","","South Africa"," 0123738866","","","","","https://maps.google.com/?hl=en_US&cid=0x0:0x5019352d0fae814d",""
"business","Business management consultant","StrategyX","10 32nd Ave, Laudium, Pretoria, 0037","Pretoria","Gauteng","","South Africa"," 0824296050","","","","","https://maps.google.com/?hl=en_US&cid=0x0:0x8da94ec2158ebdf6",""
"business","Business management consultant","Muse Monkey Business Management And Business Consulting","42 Russel Lubisi St, Saulsville, Pretoria, 0008","Pretoria","Gauteng","","South Africa"," 0788864030","","","","","https://maps.google.com/?hl=en_US&cid=0x0:0x7624e7e924e7577b",""
"business","Software company","Maunde Business Park","Predustria, Pretoria, 0183","Pretoria","Gauteng","","South Africa","","","","","","https://maps.google.com/?hl=en_US&cid=0x0:0x7820a47ac7d879a3",""
"business","business","N/A","","","Gauteng","","South Africa"," 0746230436","","","","","https://maps.google.com/?hl=en_US&cid=0x0:0x2519c9342472f89f",""
"business","business","0006","Atteridgeville, Pretoria","Pretoria","Gauteng","","South Africa","","","","","","https://maps.google.com/?hl=en_US&cid=0x0:0x155d6d243c123ddb",""
"business","Store","PostNet Atteridgeville","Shop D07 Cnr Umkhombe , Khoza St, Atteridgeville, Pretoria, 0008","Pretoria","Gauteng","","South Africa"," 0123730198","","","","","https://maps.google.com/?hl=en_US&cid=0x0:0x99841c686fa02dd4",""
"business","Commercial printer","Enitah Enterprise","281 Umfumbane St, Atteridgeville, Pretoria, 0008","Pretoria","Gauteng","","South Africa"," 0659021167","","","","","https://maps.google.com/?hl=en_US&cid=0x0:0x2655813a22c8199",""
"business","Catering food and drink supplier","!catering company","86 Mosalo St, Atteridgeville, Pretoria, 0008","Pretoria","Gauteng","","South Africa"," 0732674227","","","","","https://maps.google.com/?hl=en_US&cid=0x0:0x9d3d3ea92d174e09",""
"business","Butcher shop","Hlahla Butchery","1C Mokgatle St, Atteridgeville, Pretoria, 0008","Pretoria","Gauteng","","South Africa"," 0724445747","","","","","https://maps.google.com/?hl=en_US&cid=0x0:0x52e22738aef6dd7",""
"business","Food and beverage exporter","Gatuma S","28 Namune St, Atteridgeville, Pretoria, 0125","Pretoria","Gauteng","","South Africa"," 0845475024","","","","","https://maps.google.com/?hl=en_US&cid=0x0:0x878ad2e5d3d34560",""
"business","Butcher shop deli","Waltloo Meat and Chicken Atteridgeville","6517 Umngcunube St, Atteridgeville, Pretoria, 0006","Pretoria","Gauteng","","South Africa"," 0123730223","","","","","https://maps.google.com/?hl=en_US&cid=0x0:0xc060f4d1f76f5f95",""
"business","Second hand store","Cash Crusaders Atteridgeville","Maunde St Shop 3119-B05, Mnandi Shopping Centre, Atteridgeville, Pretoria, 0006","Pretoria","Gauteng","","South Africa"," 0100232269","appliancerepairs@cashcrusaders.co.za","https://cashcrusaders.co.za/storedetails?loc>>u003d>>u0026id>>u003d>>u0026layout>>u003dloc>>u003dCash%20Crusaders%20Atteridgeville>>u0026locationid>>u003d55c2c3fa-e438-4cc4-94f6-2c6a97c5a57a","","","https://maps.google.com/?hl=en_US&cid=0x0:0x2daae0c7abcaf53b",""
"business","Digital printing service","spk printers","24 Manakolela St, Atteridgeville, Pretoria, 0008","Pretoria","Gauteng","","South Africa"," 0790137154","","","","","https://maps.google.com/?hl=en_US&cid=0x0:0xfa631fc537c32464",""
"business","Cleaning products supplier","N-K-O HEALTH AND BEAUTY","375 Maunde St, Atteridgeville, Pretoria, 0008","Pretoria","Gauteng","","South Africa"," 0614403558","","","","","https://maps.google.com/?hl=en_US&cid=0x0:0x80fe8754c7fa5ca4",""
"business","Ice supplier","MLK ice","74 Ramskin St, Atteridgeville, Pretoria, 0008","Pretoria","Gauteng","","South Africa"," 0822155934","","","","","https://maps.google.com/?hl=en_US&cid=0x0:0xd76dab2bd19ac223",""
"business","Print shop","Blak Media House","extension 25, Atlyne Shopping Centre Shop F101 Cnrs of Khoza, Phudufufu , Umkhombe St, Atteridgeville, Pretoria, 0008","Pretoria","Gauteng","","South Africa"," 0602019601","","","","","https://maps.google.com/?hl=en_US&cid=0x0:0x8375dacb93e1cfe2",""
"business","Record company","Red Rose Entertainment","30 Mankopane St, Atteridgeville, Pretoria, 0008","Pretoria","Gauteng","","South Africa"," 0613493605","info@redroseentertainmentsa.co.za","http://www.redroseentertainmentsa.co.za/","","","https://maps.google.com/?hl=en_US&cid=0x0:0x9e2427c8ddb3ad86",""
"business","Computer support and services","MorwaneGAP","ext 42, 78 Yesandla St, Atteridgeville, Pretoria, 0008","Pretoria","Gauteng","","South Africa"," 0671831608","","","","","https://maps.google.com/?hl=en_US&cid=0x0:0x386e6d0bdfcf5a85",""
"business","Government office","Atteridgeville Magistrate's Court..","1 Hlahla St, Atteridgeville, Pretoria, 0008","Pretoria","Gauteng","","South Africa"," 0123731140","","https://www.justice.gov.za/contact/lowercourts_full.html","","","https://maps.google.com/?hl=en_US&cid=0x0:0x2129155194f5e914",""
"business","County government office","Atteridgeville Municipality  Service Center","32 Komane St, Atteridgeville, Pretoria, 0006","Pretoria","Gauteng","","South Africa"," 0123583158","","https://www.gov.za/about-government/contact-directory/gp-thusong/gp-thusong/atteridgeville-thusong-service-centre","","","https://maps.google.com/?hl=en_US&cid=0x0:0x97f79c92e4201bfe",""
"business","Business management consultant","iSIOM Solutions (Pty) Ltd","2 Mofola St, Atteridgeville, Pretoria, 0008","Pretoria","Gauteng","","South Africa"," 0653145687","","https://www.facebook.com/ISIOM.Solutions/","","","https://maps.google.com/?hl=en_US&cid=0x0:0xa9aee745be4e3b23",""
"business","Consultant","NkosibEmpire","West, 63 Sehloho St, Atteridgeville, Pretoria, 0008","Pretoria","Gauteng","","South Africa"," 0736100813","","","","","https://maps.google.com/?hl=en_US&cid=0x0:0xd7046982a7202bf7",""
"business","Computer repair service","Aganang Consulting  Projects (Pty) Ltd","89 Tlale St, Atteridgeville, Pretoria, 0008","Pretoria","Gauteng","","South Africa"," 0877024892","","","","","https://maps.google.com/?hl=en_US&cid=0x0:0xae4d66718595f79f",""
"business","Internet cafe","PRENET COMMUNICATIONS","SHOP F105, CNR PHUDUFUFU AND, Attlyn Shopping Centre, Khoza St, Atteridgeville, Pretoria, 0008","Pretoria","Gauteng","","South Africa"," 0670847201","","","","","https://maps.google.com/?hl=en_US&cid=0x0:0xb0f022de80ee26b7",""
"business","Law firm","Mphahlele (MT) Attorneys","16 Mareka St, Atteridgeville, Pretoria, 0008","Pretoria","Gauteng","","South Africa"," 0615476159","","","","","https://maps.google.com/?hl=en_US&cid=0x0:0xe3c1458ebfea82e0",""
"business","Dude ranch","Kalafong Heights","2A Mosetlha St, Atteridgeville, Pretoria, 0006","Pretoria","Gauteng","","South Africa","","","","","","https://maps.google.com/?hl=en_US&cid=0x0:0xb7952de128b9335a",""
"business","Law firm","sothabi","1 Seporo St, Atteridgeville, Pretoria, 0008","Pretoria","Gauteng","","South Africa"," 0791763774","","","","","https://maps.google.com/?hl=en_US&cid=0x0:0xdf0d214259fc8d2f",""
"business","Post office","Atteridgeville Post Office","Stand No 1082, Corner Maboea , Seeiso St, Atteridgeville, Pretoria, 0008","Pretoria","Gauteng","","South Africa"," 0123738866","","","","","https://maps.google.com/?hl=en_US&cid=0x0:0x5019352d0fae814d",""
"business","Beauty salon","Atlyn Shopping Centre","extension 25, Cnrs of Khoza, Phudufufu  Umkhombe Streets Erf 16248, Atteridgeville, Pretoria, 0008","Cnrs of Khoza, Phudufufu  Umkhombe Streets Erf","Gauteng","16248","South Africa"," 0120041305","atlyn@safari-investments.com","http://www.atlyn.co.za/","","","https://maps.google.com/?hl=en_US&cid=0x0:0x4245201facc0139f",""
"business","Dude ranch","26 11th str ext seven","26 11th str extension seven Saulsville west, Pretoria, 0125","Pretoria","Gauteng","","South Africa"," 0765905579","","","","","https://maps.google.com/?hl=en_US&cid=0x0:0x971cf15fe02b2074",""
"business","Auto parts store","Atterridgeville MIDAS","Shop G04, Attlyn Shopping Centre, Khoza St, Atteridgeville, Pretoria, 0006","Pretoria","Gauteng","","South Africa"," 0878061937","","","","","https://maps.google.com/?hl=en_US&cid=0x0:0xf4b162faef9c1e10",""
"business","School","Phelindaba Secondary School S.O.S","113A Moroe St, Atteridgeville, Pretoria, 0008","Pretoria","Gauteng","","South Africa"," 0826008099","","","","","https://maps.google.com/?hl=en_US&cid=0x0:0x7436b818c56f0be5",""
"business","Real estate agency","Lucky Mpisa","no 7, Mafole St, Atteridgeville, Pretoria, 0008","Pretoria","Gauteng","","South Africa"," 0651242961","","","","","https://maps.google.com/?hl=en_US&cid=0x0:0x401bb4e4f0af48ee",""
"business","Hardware store","Smart Atteridgeville Hardware","001 Maunde St, Atteridgeville, Pretoria, 0008","Pretoria","Gauteng","","South Africa"," 0618602350","","","","","https://maps.google.com/?hl=en_US&cid=0x0:0x70d0c19a1546ab65",""
"business","Business management consultant","StrategyX","10 32nd Ave, Laudium, Pretoria, 0037","Pretoria","Gauteng","","South Africa"," 0824296050","","","","","https://maps.google.com/?hl=en_US&cid=0x0:0x8da94ec2158ebdf6",""
"business","business","N/A","","","Gauteng","","South Africa"," 0746230436","","","","","https://maps.google.com/?hl=en_US&cid=0x0:0x2519c9342472f89f",""
"business","Commercial printer","Enitah Enterprise","281 Umfumbane St, Atteridgeville, Pretoria, 0008","Pretoria","Gauteng","","South Africa"," 0659021167","","","","","https://maps.google.com/?hl=en_US&cid=0x0:0x2655813a22c8199",""
"business","Building materials store","Build it Atteridgeville","G06, Attlyn Shopping Centre, 63 Khoza St, Atteridgeville, Pretoria, 0008","Pretoria","Gauteng","","South Africa"," 0123730819","","http://www.buildit.co.za/","","","https://maps.google.com/?hl=en_US&cid=0x0:0x3bbe9f4638aa95bb",""
"business","Butcher shop","Royal Butchery","Attlyn Centre, Phudufufu St, Atteridgeville, Pretoria, 0008","Pretoria","Gauteng","","South Africa"," 0123739090","","","","","https://maps.google.com/?hl=en_US&cid=0x0:0x1fd888df5c2c1e94",""
"business","Catering food and drink supplier","!catering company","86 Mosalo St, Atteridgeville, Pretoria, 0008","Pretoria","Gauteng","","South Africa"," 0732674227","","","","","https://maps.google.com/?hl=en_US&cid=0x0:0x9d3d3ea92d174e09",""
"business","Butcher shop","Hlahla Butchery","1C Mokgatle St, Atteridgeville, Pretoria, 0008","Pretoria","Gauteng","","South Africa"," 0724445747","","","","","https://maps.google.com/?hl=en_US&cid=0x0:0x52e22738aef6dd7",""
"business","Day care center","hope day and night care centre kalafong heights","88 Motsilodi St, Kalafong, Pretoria, 0008","Pretoria","Gauteng","","South Africa"," 0766330559","","","","","https://maps.google.com/?hl=en_US&cid=0x0:0x32e0560fa8fc404b",""
"business","Second hand store","Cash Crusaders Atteridgeville","Maunde St Shop 3119-B05, Mnandi Shopping Centre, Atteridgeville, Pretoria, 0006","Pretoria","Gauteng","","South Africa"," 0100232269","appliancerepairs@cashcrusaders.co.za","https://cashcrusaders.co.za/storedetails?loc>>u003d>>u0026id>>u003d>>u0026layout>>u003dloc>>u003dCash%20Crusaders%20Atteridgeville>>u0026locationid>>u003d55c2c3fa-e438-4cc4-94f6-2c6a97c5a57a","","","https://maps.google.com/?hl=en_US&cid=0x0:0x2daae0c7abcaf53b",""
"business","Wholesaler","Atchaar Ya Neo","58 Modisakeng St, Atteridgeville, Pretoria, 0008","Pretoria","Gauteng","","South Africa"," 0725131675","","","","","https://maps.google.com/?hl=en_US&cid=0x0:0x263905defb75195a",""
"business","Ice supplier","MLK ice","74 Ramskin St, Atteridgeville, Pretoria, 0008","Pretoria","Gauteng","","South Africa"," 0822155934","","","","","https://maps.google.com/?hl=en_US&cid=0x0:0xd76dab2bd19ac223",""
"business","Butcher shop deli","Waltloo Meat and Chicken Atteridgeville","6517 Umngcunube St, Atteridgeville, Pretoria, 0006","Pretoria","Gauteng","","South Africa"," 0123730223","","","","","https://maps.google.com/?hl=en_US&cid=0x0:0xc060f4d1f76f5f95",""
"business","Driver and vehicle licensing agency","Atteridgeville Roadworthy Centre","1E Mokgatle St, Atteridgeville, Pretoria, 0008","Pretoria","Gauteng","","South Africa"," 0123730106","","","","","https://maps.google.com/?hl=en_US&cid=0x0:0x36d972f4a17beb10",""
"business","Courier service","POSTNET ATTERIDGEVILLE","26 Maunde St, Atteridgeville, Pretoria, 0008","Pretoria","Gauteng","","South Africa"," 0123730198","","","","","https://maps.google.com/?hl=en_US&cid=0x0:0xacaa12850cb224f8",""
"business","County government office","Atteridgeville Municipality  Service Center","32 Komane St, Atteridgeville, Pretoria, 0006","Pretoria","Gauteng","","South Africa"," 0123583158","","https://www.gov.za/about-government/contact-directory/gp-thusong/gp-thusong/atteridgeville-thusong-service-centre","","","https://maps.google.com/?hl=en_US&cid=0x0:0x97f79c92e4201bfe",""
"business","Corporate office","Thusong Service Centre","1770 Komane St, Atteridgeville, Pretoria, 0125","Pretoria","Gauteng","","South Africa"," 0123738856","","http://www.thusong.gov.za/","","","https://maps.google.com/?hl=en_US&cid=0x0:0x5fa29d2b02f59aa8",""
"business","Software company","Maunde Business Park","Predustria, Pretoria, 0183","Pretoria","Gauteng","","South Africa","","","","","","https://maps.google.com/?hl=en_US&cid=0x0:0x7820a47ac7d879a3",""
"business","Local government office","Atteridgeville Smart Licensing Centre","Shop B06, Mnandi Mall, 6553 Umngcunube Street, Atteridgeville, Pretoria, 0006","Pretoria","Gauteng","","South Africa"," 0776036887","","","","","https://maps.google.com/?hl=en_US&cid=0x0:0x98f823724e9508ca",""
"business","Department store","Shoprite Atteridgeville","Cnr Phudufufu and, Attlyn Shopping Centre, Khoza St, Atteridgeville, Pretoria, 0008","Pretoria","Gauteng","","South Africa"," 0123731861","","https://www.shoprite.co.za/","","","https://maps.google.com/?hl=en_US&cid=0x0:0x68a43cd464ce9171",""
"business","Transportation service","BethTrucks","Ext 8, 3406 Xenon St, Nellmapius, Pretoria, 0122","Pretoria","Gauteng","","South Africa"," 0768590089","","","","","https://maps.google.com/?hl=en_US&cid=0x0:0x2172e39ccde12c9a",""
"business","Mechanical contractor","Thenga Holdings","1303 Heuwel Rd, Centurion Central, Centurion, 0046, Centurion, 0062","Centurion","Gauteng","","South Africa"," 0120000630","admin@thengaholdings.co.za","http://www.thengaholdings.com/","","","https://maps.google.com/?hl=en_US&cid=0x0:0x1c20485dcee92b77",""
"business","Caterer","Management Excellence Cc","Nedbank Centre, 603 Steve Biko Rd, Gezina, Pretoria, 0089","Pretoria","Gauteng","","South Africa"," 0123352661","","","","","https://maps.google.com/?hl=en_US&cid=0x0:0x5c5406c2e247ffb1",""
"business","Corporate office","Corporate Park 66","66 Von Willich Ave, Die Hoewes, Centurion, 0163","Centurion","Gauteng","","South Africa","","","","","","https://maps.google.com/?hl=en_US&cid=0x0:0xc358624a53cd08dc",""
"business","Engineering consultant","Kutama Engineering","104 Koranna Ave, Doringkloof, Centurion, 0157","Centurion","Gauteng","","South Africa"," 0129438161","","","","","https://maps.google.com/?hl=en_US&cid=0x0:0xe0b4133fb043c2fc",""
"business","Shopping mall","Byls Bridge Office Park","Cnr Olievenhoutbosch and, Jean Ave, Doringkloof, Centurion, 0062","Centurion","Gauteng","","South Africa"," 0126768500","info@m-t.co.za","https://m-t.co.za/houses/byls-bridge-office-park/","","","https://maps.google.com/?hl=en_US&cid=0x0:0xd8c46e19dec3c4de",""
"business","Solar energy company","Ryno Nel Engineering","115 Ralph St, Pretoria North, Pretoria, 0089","Pretoria","Gauteng","","South Africa"," 0737818255","","","","","https://maps.google.com/?hl=en_US&cid=0x0:0xcdc524180a1afc7b",""
"business","Business park","Centurion Office Park","1257 Embankment Rd, Zwartkop, Centurion, 0051","Centurion","Gauteng","","South Africa","","tumelom@anvilproperty.co.za","https://www.anvilproperty.co.za/commercial-property/office-space/to-rent/centurion/centurion-office-park-centurion-19","","","https://maps.google.com/?hl=en_US&cid=0x0:0x715104378f87f028",""
"business","Custom home builder","JRK WENDYS  TIMBER PROJECTS","Akwamaryn St, Klerksoord AH, Akasia, 0200","Akasia","Gauteng","","South Africa"," 0877110089","sales@jrk.co.za","https://jrk.co.za/","","","https://maps.google.com/?hl=en_US&cid=0x0:0xc7411398d18a3c08",""
"business","Store","PostNet Atteridgeville","Shop D07 Cnr Umkhombe , Khoza St, Atteridgeville, Pretoria, 0008","Pretoria","Gauteng","","South Africa"," 0123730198","","","","","https://maps.google.com/?hl=en_US&cid=0x0:0x99841c686fa02dd4",""
"business","business","South Africa","","","Gauteng","","South Africa","","","","","","https://maps.google.com/?hl=en_US&cid=0x0:0xe85d630c1fa4e8a0",""
"business","Software company","Restrive","11 Rembrandt St, Petervale, Johannesburg, 2191","Johannesburg","Gauteng","","South Africa"," 0100130089","admin@restrive.co.za","http://www.restrive.co.za/","","","https://maps.google.com/?hl=en_US&cid=0x0:0x6b50b0033ad36432",""
"business","Business park","Western Woods Office Park","Yellow Wood House Western woods Office park, 145 Western Service Rd, Woodmead, Sandton, 2191","Sandton","Gauteng","","South Africa"," 0104440363","","","","","https://maps.google.com/?hl=en_US&cid=0x0:0xd5759410bb56e8f2",""
"business","Commercial printer","Enitah Enterprise","281 Umfumbane St, Atteridgeville, Pretoria, 0008","Pretoria","Gauteng","","South Africa"," 0659021167","","","","","https://maps.google.com/?hl=en_US&cid=0x0:0x2655813a22c8199",""
"business","Butcher shop","Royal Butchery","Attlyn Centre, Phudufufu St, Atteridgeville, Pretoria, 0008","Pretoria","Gauteng","","South Africa"," 0123739090","","","","","https://maps.google.com/?hl=en_US&cid=0x0:0x1fd888df5c2c1e94",""
"business","Wholesaler","Atchaar Ya Neo","58 Modisakeng St, Atteridgeville, Pretoria, 0008","Pretoria","Gauteng","","South Africa"," 0725131675","","","","","https://maps.google.com/?hl=en_US&cid=0x0:0x263905defb75195a",""
"business","Butcher shop","Hlahla Butchery","1C Mokgatle St, Atteridgeville, Pretoria, 0008","Pretoria","Gauteng","","South Africa"," 0724445747","","","","","https://maps.google.com/?hl=en_US&cid=0x0:0x52e22738aef6dd7",""
"business","Butcher shop deli","Waltloo Meat and Chicken Atteridgeville","6517 Umngcunube St, Atteridgeville, Pretoria, 0006","Pretoria","Gauteng","","South Africa"," 0123730223","","","","","https://maps.google.com/?hl=en_US&cid=0x0:0xc060f4d1f76f5f95",""
"business","Catering food and drink supplier","!catering company","86 Mosalo St, Atteridgeville, Pretoria, 0008","Pretoria","Gauteng","","South Africa"," 0732674227","","","","","https://maps.google.com/?hl=en_US&cid=0x0:0x9d3d3ea92d174e09",""
"business","Music producer","Phentermine Records","71 Mosalo St, Atteridgeville, Gauteng, 0008","Gauteng","Gauteng","","South Africa"," 0818985218","","","","","https://maps.google.com/?hl=en_US&cid=0x0:0xac5cdea9bddbc16a",""
"business","Bakery","Tendos Bakery","Block jv 54, Atteridgeville, Pretoria, 0008","Pretoria","Gauteng","","South Africa"," 0723512892","","","","","https://maps.google.com/?hl=en_US&cid=0x0:0xe146ab2164e503a8",""
"business","Second hand store","Cash Crusaders Atteridgeville","Maunde St Shop 3119-B05, Mnandi Shopping Centre, Atteridgeville, Pretoria, 0006","Pretoria","Gauteng","","South Africa"," 0100232269","appliancerepairs@cashcrusaders.co.za","https://cashcrusaders.co.za/storedetails?loc>>u003d>>u0026id>>u003d>>u0026layout>>u003dloc>>u003dCash%20Crusaders%20Atteridgeville>>u0026locationid>>u003d55c2c3fa-e438-4cc4-94f6-2c6a97c5a57a","","","https://maps.google.com/?hl=en_US&cid=0x0:0x2daae0c7abcaf53b",""
"business","Legal services","Tentswalo Business Enterprises","130 Ramokgopa St, Atteridgeville, Pretoria, 0125","Pretoria","Gauteng","","South Africa"," 0738116231","","","","","https://maps.google.com/?hl=en_US&cid=0x0:0x1dcd5e3cbe07754a",""
"business","Internet cafe","Rhona Trading Enterprise (RTE Business Cafe)","69 Makuruntsi St, Saulsville, Pretoria, 0125","Pretoria","Gauteng","","South Africa"," 0711982302","","","","","https://maps.google.com/?hl=en_US&cid=0x0:0x2c8f659f023a37cb",""
"business","County government office","Atteridgeville Municipality  Service Center","32 Komane St, Atteridgeville, Pretoria, 0006","Pretoria","Gauteng","","South Africa"," 0123583158","","https://www.gov.za/about-government/contact-directory/gp-thusong/gp-thusong/atteridgeville-thusong-service-centre","","","https://maps.google.com/?hl=en_US&cid=0x0:0x97f79c92e4201bfe",""
"business","Government office","Atteridgeville Magistrate's Court..","1 Hlahla St, Atteridgeville, Pretoria, 0008","Pretoria","Gauteng","","South Africa"," 0123731140","","https://www.justice.gov.za/contact/lowercourts_full.html","","","https://maps.google.com/?hl=en_US&cid=0x0:0x2129155194f5e914",""
"business","Business management consultant","Muse Monkey Business Management And Business Consulting","42 Russel Lubisi St, Saulsville, Pretoria, 0008","Pretoria","Gauteng","","South Africa"," 0788864030","","","","","https://maps.google.com/?hl=en_US&cid=0x0:0x7624e7e924e7577b",""
"business","Business management consultant","BEZUIDT","1st Floor, Building, One, 177 Ramokgopa St, Saulsville, Pretoria, 0125","Pretoria","Gauteng","","South Africa"," 0846627078","","","","","https://maps.google.com/?hl=en_US&cid=0x0:0xf808252e78c53090",""
"business","Corporate office","Thusong Service Centre","1770 Komane St, Atteridgeville, Pretoria, 0125","Pretoria","Gauteng","","South Africa"," 0123738856","","http://www.thusong.gov.za/","","","https://maps.google.com/?hl=en_US&cid=0x0:0x5fa29d2b02f59aa8",""
"business","Financial institution","Baynet Corporate Finance","154 Phakoe St, Saulsville, Pretoria, 0125","Pretoria","Gauteng","","South Africa"," 0845506281","","","","","https://maps.google.com/?hl=en_US&cid=0x0:0xc4cbc9f2693ef4f8",""
"business","Foundation","Atteridgeville","25 Maluleka St, Atteridgeville, Pretoria, 0006","Pretoria","Gauteng","","South Africa","","","","","","https://maps.google.com/?hl=en_US&cid=0x0:0xa3a6a949007259e2",""
"business","Driver and vehicle licensing agency","Atteridgeville Roadworthy Centre","1E Mokgatle St, Atteridgeville, Pretoria, 0008","Pretoria","Gauteng","","South Africa"," 0123730106","","","","","https://maps.google.com/?hl=en_US&cid=0x0:0x36d972f4a17beb10",""
"business","Police academy","SAPS Atteridgeville Police Station","1 Matshiga St, Atteridgeville, Pretoria, 0008","Pretoria","Gauteng","","South Africa"," 0123851101","","","","","https://maps.google.com/?hl=en_US&cid=0x0:0x76f4103505b410c",""
"business","Courier service","POSTNET ATTERIDGEVILLE","26 Maunde St, Atteridgeville, Pretoria, 0008","Pretoria","Gauteng","","South Africa"," 0123730198","","","","","https://maps.google.com/?hl=en_US&cid=0x0:0xacaa12850cb224f8",""
"business","Post office","Atteridgeville Post Office","Stand No 1082, Corner Maboea , Seeiso St, Atteridgeville, Pretoria, 0008","Pretoria","Gauteng","","South Africa"," 0123738866","","","","","https://maps.google.com/?hl=en_US&cid=0x0:0x5019352d0fae814d",""
"business","Social services organization","Rearabilwe Community Development Project","3 Samora Machel Street, Phase 5, Lotus Gardens, Atteridgeville, Pretoria, 0008","Pretoria","Gauteng","","South Africa"," 0826308160","","","","","https://maps.google.com/?hl=en_US&cid=0x0:0x16818bd6c9bd3fc6",""
"business","Non-profit organization","Rearabilwe","62 Maunde St, Saulsville, Pretoria, 0125","Pretoria","Gauteng","","South Africa"," 0127716392","","","","","https://maps.google.com/?hl=en_US&cid=0x0:0x20766f5ba9353ba6",""
"business","Security system installation service","Tirha Ntirho Trading And Projects","14 Russel Lubisi St, Saulsville, Pretoria, 0125","Pretoria","Gauteng","","South Africa"," 0127677932","","","","","https://maps.google.com/?hl=en_US&cid=0x0:0x18bee0347fabe721",""
"business","Business management consultant","E QUALITY MULTISERVICES (PTY) LTD","219 Jeff Masemola St, Pretoria Central, Pretoria, 0002","Pretoria","Gauteng","","South Africa","","","","","","https://maps.google.com/?hl=en_US&cid=0x0:0x8010ce6250bf1215",""
"business","Chicken","KFC Atteridgeville Plaza","Shop 1, Cnr Hlahla , Atteridge Stadium Centre, Ramokgopa St, Atteridgeville, Pretoria, 0008","Pretoria","Gauteng","","South Africa"," 0108807701","","http://www.kfc.co.za/","","","https://maps.google.com/?hl=en_US&cid=0x0:0xe6d8bd3f0161fe44",""
"business","business","0125","Saulsville, Pretoria","Pretoria","Gauteng","","South Africa","","","","","","https://maps.google.com/?hl=en_US&cid=0x0:0x55eca7ec197835c",""
"business","Beauty salon","Atlyn Shopping Centre","extension 25, Cnrs of Khoza, Phudufufu  Umkhombe Streets Erf 16248, Atteridgeville, Pretoria, 0008","Cnrs of Khoza, Phudufufu  Umkhombe Streets Erf","Gauteng","16248","South Africa"," 0120041305","atlyn@safari-investments.com","http://www.atlyn.co.za/","","","https://maps.google.com/?hl=en_US&cid=0x0:0x4245201facc0139f",""
"business","Graphic designer","BroadcastingBaThusiBaAttridgevilleEnterprise","Ramokgopa and Tau 45 Mogolodi Street 30 Mogolodi Street, 11 Tweele St, Saulsville, Pretoria, 0125","Pretoria","Gauteng","","South Africa"," 0822978074","","","","","https://maps.google.com/?hl=en_US&cid=0x0:0x469adb0a3533c104",""
"business","Construction company","LIVHUSHA GROUP (PTY) LTD","32 MAKURUNTSI STREET SAULSVILLE, Atteridgeville, Pretoria, 0125","Pretoria","Gauteng","","South Africa"," 0829358888","","http://livhushagroup.co.za/","","","https://maps.google.com/?hl=en_US&cid=0x0:0x2092bb3376a02b5e",""
"business","Dude ranch","26 11th str ext seven","26 11th str extension seven Saulsville west, Pretoria, 0125","Pretoria","Gauteng","","South Africa"," 0765905579","","","","","https://maps.google.com/?hl=en_US&cid=0x0:0x971cf15fe02b2074",""
"business","Welder","Bonaventure Welding Works","156 8th St, Atteridgeville, Pretoria, 0006","Pretoria","Gauteng","","South Africa"," 0789522058","","","","","https://maps.google.com/?hl=en_US&cid=0x0:0x5476ed6fc8788939",""
"business","Office supply store","Ebony distribution","Mashao St, Saulsville, Pretoria, 0008","Pretoria","Gauteng","","South Africa"," 0815158538","","","","","https://maps.google.com/?hl=en_US&cid=0x0:0x20d2cf4a91c09f76",""
"business","Building materials store","Build it Atteridgeville","G06, Attlyn Shopping Centre, 63 Khoza St, Atteridgeville, Pretoria, 0008","Pretoria","Gauteng","","South Africa"," 0123730819","","http://www.buildit.co.za/","","","https://maps.google.com/?hl=en_US&cid=0x0:0x3bbe9f4638aa95bb",""
"business","Information services","Pure Trail","12 Sepeng St, Atteridgeville, Pretoria, 0125","Pretoria","Gauteng","","South Africa"," 0799478007","","","","","https://maps.google.com/?hl=en_US&cid=0x0:0x158745ad346c2bf1",""
"business","Steel fabricator","SIMBA K WELDING  ALUMINUM SERVICES+27834817245","62 Maseremule St, Saulsville, Pretoria, 0125","Pretoria","Gauteng","","South Africa"," 0120231840","","","","","https://maps.google.com/?hl=en_US&cid=0x0:0x6de6c3918d38d6c0",""
"business","business","PEP Home Atteridgeville","Shop A11, Attlyn Shopping Centre, Umkhombe St, Atteridgeville, Pretoria, 0006","Pretoria","Gauteng","","South Africa"," 0123736048","","","","","https://maps.google.com/?hl=en_US&cid=0x0:0xdde72da8f635c4c9",""
"business","Corporate office","98Degrees","Unit 10, Palms View Office Park, 54 Van Buuren Rd, Bedfordview, Johannesburg, 2007","Johannesburg","Gauteng","","South Africa"," 0861983347","","","","","https://maps.google.com/?hl=en_US&cid=0x0:0xaa2967a07f6bd603",""
"business","Property management company","Solver Property Services","1 Kelly Rd, Bedfordview, Johannesburg, 2007","Johannesburg","Gauteng","","South Africa"," 0108222882","info@litcreations.com","http://www.solver.co.za/","","","https://maps.google.com/?hl=en_US&cid=0x0:0x26d22531e270ec59",""
"business","Iron works","Bedfordview Office Park","3 Riley Rd, Bedfordview, Germiston, 2007","Germiston","Gauteng","","South Africa","","","","","","https://maps.google.com/?hl=en_US&cid=0x0:0x390b7f9deaa1ca0",""
"business","Marketing agency","IconomySA","3, AMR Building, 9 Concorde E Rd, Bedfordview, Germiston, 2007","Germiston","Gauteng","","South Africa"," 0118675005","info@iconomysa.co.za","https://www.iconomysa.co.za/","","","https://maps.google.com/?hl=en_US&cid=0x0:0xd126c21e26624145",""
"business","Office space rental agency","Regus - Johannesburg, Eastrand Bedfordview","AMR Office Park, 3 Concorde E Rd, Bedfordview, Johannesburg, 2008","Johannesburg","Gauteng","","South Africa"," 0100075151","","https://www.regus.com/en-gb/south-africa/johannesburg/bedfordview-amr-3-office-park-4324?utm_source>>u003dyext_places_gmb>>u0026utm_medium>>u003dplaces>>u0026utm_campaign>>u003dyext_traffic>>u0026utm_content>>u003d4324","","","https://maps.google.com/?hl=en_US&cid=0x0:0x15f228b8029a4608",""
"business","Engineering consultant","Selanya Consulting Engineers (Pty) Ltd","15 Millard Rd, Bedfordview, Germiston, 2007","Germiston","Gauteng","","South Africa"," 0114550883","","","","","https://maps.google.com/?hl=en_US&cid=0x0:0xbe3f2874bab132d5",""
"business","business","N/A","","","Gauteng","","South Africa"," +442045429837","","http://www.marzennaalmendro.com/","","","https://maps.google.com/?hl=en_US&cid=0x0:0xe0f571106e4f8abb",""
"business","Software company","CSCC Consulting Solutions","5 Pine Rd, Bedfordview, Germiston, 2007","Germiston","Gauteng","","South Africa"," 0823197309","","http://www.linkedin.com/companies/cscc-consulting-solutions","","","https://maps.google.com/?hl=en_US&cid=0x0:0x21e810c2220f1d1c",""
"business","Business management consultant","Engineer Platform","AMR Office Park, 3 Concorde E Rd, Bedfordview, Johannesburg, 2007","Johannesburg","Gauteng","","South Africa"," 0682994706","","","","","https://maps.google.com/?hl=en_US&cid=0x0:0x2fa655a2036442e7",""
"business","Software company","BNIC Complete IT Solutions","19 Kloof Road Bedfordview Germiston, Bedfordview, Johannesburg, 2007","Johannesburg","Gauteng","","South Africa"," 0101401170","","https://bnic.co.za/","","","https://maps.google.com/?hl=en_US&cid=0x0:0x3d7de1d9dd37c8fa",""
"business","Accounting firm","Bletchleys","14, Bedfordview Office Park, 3 Riley Rd, Bedfordview, 2007","Bedfordview","Gauteng","","South Africa"," 0110355041","","","","","https://maps.google.com/?hl=en_US&cid=0x0:0x12e231e43eeb34ce",""
"business","Technology park","VNQ Systems","3rd Floor Skeen Office Park, 16 Skeen Blvd, Bedfordview, 2007","Germiston","Gauteng","","South Africa"," 0114503379","","http://vnqsystems.co.za/","","","https://maps.google.com/?hl=en_US&cid=0x0:0xee020219e4232a05",""
"business","Accountant","Howard Joel and Company","Pellmeadow Office Park, 60 Civin Dr, St Andrews, Bedfordview, 2007","Bedfordview","Gauteng","","South Africa"," 0114403494","tzippy@hjoel.com","http://hjoel.com/","","","https://maps.google.com/?hl=en_US&cid=0x0:0xf0e0a801bc2c7f2f",""
"business","Business park","Corporate Park","4-6, Skeen Blvd, Corporate Park, Johannesburg, 2008","Johannesburg","Gauteng","","South Africa","","","","","","https://maps.google.com/?hl=en_US&cid=0x0:0x183d2a8078fda622",""
"business","Accounting software company","Compudynamics South Africa","Bedford Village, Bedfordview, 2007","Germiston","Gauteng","","South Africa"," 0114520022","info@compudynamics.co.za","https://www.compudynamics.co.za/","","","https://maps.google.com/?hl=en_US&cid=0x0:0xddfe8edb8d56f7fc",""
"business","Hotel","Bedfordview - Business","21 Van Der Linde Rd, Bedfordview, Germiston, 2007","Germiston","Gauteng","","South Africa","","","","","","https://maps.google.com/?hl=en_US&cid=0x0:0xe43865047140d756",""
"business","Advertising agency","Seoza Search Marketing","79 Boeing Rd E, Bedfordview, Germiston, 2007","Germiston","Gauteng","","South Africa"," 0836804467","","http://www.seoza.com/","","","https://maps.google.com/?hl=en_US&cid=0x0:0x526a344e71ecc0cb",""
"business","business","South Africa","","","Gauteng","","South Africa","","","","","","https://maps.google.com/?hl=en_US&cid=0x0:0xe85d630c1fa4e8a0",""
"business","General store","MURRAY AND ROBERTS CONSTRUCTION (PTY) LTD","377 Northlands Business Park, Bedfordview, 2007","Bedfordview","Gauteng","","South Africa"," 0114561000","","","","","https://maps.google.com/?hl=en_US&cid=0x0:0x8e4bf6e33c3cd809",""
"business","Business management consultant","ERP Solutions","3 Riley Rd, Bedfordview, Germiston, 2700","Germiston","Gauteng","","South Africa"," 0827804088","","http://www.erpsolutions.co.za/","","","https://maps.google.com/?hl=en_US&cid=0x0:0xdea40516071f3e31",""
"business","Software company","Eco Time","20 Skeen Blvd, Bedfordview, Germiston, 2008","Germiston","Gauteng","","South Africa"," 0878280123","info@eco-time.com","http://www.eco-time.com/","","","https://maps.google.com/?hl=en_US&cid=0x0:0xd210e75d8327e852",""
"business","Business management consultant","VISION ACTIV","4 Skeen Blvd, Bedfordview, Germiston, 2008","Germiston","Gauteng","","South Africa"," 0114500500","","http://www.visionactiv.com/","","","https://maps.google.com/?hl=en_US&cid=0x0:0x7a3b59d320a1e11c",""
"business","Software company","Great 4 Business - Cyber Security Company  Digital Solutions","16 Skeen Blvd, Bedfordview, Johannesburg, 2007","Johannesburg","Gauteng","","South Africa"," 0719338956","info@g4b.co.za","https://www.g4b.co.za/","","","https://maps.google.com/?hl=en_US&cid=0x0:0x49f8a519ee3c87d9",""
"business","Business management consultant","Malvolaar Holdings","AMR Office Park, 3 Concorde E Rd, Bedfordview, Germiston, 2008","Germiston","Gauteng","","South Africa"," 0763201575","","","","","https://maps.google.com/?hl=en_US&cid=0x0:0xe76686fa73367e81",""
"business","Mining consultant","Avanti Business Solutions PTY LTD","Unit 1, 1 Harcus Rd, Bedfordview, Johannesburg, 2008","Johannesburg","Gauteng","","South Africa","","","","","","https://maps.google.com/?hl=en_US&cid=0x0:0x18aefda9859a0ab5",""
"business","Business management consultant","Goldcet Africa","No1 Syringa Ln, Bedfordview, Germiston, 2008","Germiston","Gauteng","","South Africa","","enquiry@goldcetafrica.com","http://goldcetafrica.com/","","","https://maps.google.com/?hl=en_US&cid=0x0:0xd6175220cd656a9d",""
"business","Business management consultant","Strategnos","30 Selwyn Rd, Bedfordview, Germiston, 2008","Germiston","Gauteng","","South Africa"," 0114531020","","http://www.strategnos.com/","","","https://maps.google.com/?hl=en_US&cid=0x0:0x905085e748aff05b",""
"business","Business management consultant","CoSec8","5 Leicester Rd, Bedford Gardens, Bedfordview, 2007","Bedfordview","Gauteng","","South Africa"," 0875101234","","","","","https://maps.google.com/?hl=en_US&cid=0x0:0x596fffacedc4506c",""
"business","Automation company","ITA (PTY) Ltd.","34a Riley Rd, Bedfordview, Germiston, 2008","Germiston","Gauteng","","South Africa"," 0112010300","sales@ita-tele.com","https://www.ita-tele.com/","","","https://maps.google.com/?hl=en_US&cid=0x0:0x1b83d1dc321af75",""
"business","Mining consultant","Avanti Business Solutions PTY LTD","Unit 1, 1 Harcus Rd, Bedfordview, Johannesburg, 2008","Johannesburg","Gauteng","","South Africa","","","","","","https://maps.google.com/?hl=en_US&cid=0x0:0x18aefda9859a0ab5",""
"business","Business park","HQ Bedfordview Offices","27 Van Der Linde Road, c/r Arbroath Rd, Office No.1, Bedfordview, Germiston, 2008","Germiston","Gauteng","","South Africa"," 0119703166","","","","","https://maps.google.com/?hl=en_US&cid=0x0:0x17c819974a03cbcd",""
"business","Consultant","South African COID Institute (PTY) LTD","67 Van Buuren Rd, Bedfordview, Johannesburg, 2008","Johannesburg","Gauteng","","South Africa"," 0824412504","info@coidinstitute.co.za","http://coidinstitute.co.za/","","","https://maps.google.com/?hl=en_US&cid=0x0:0x2495cc483843b95a",""
"business","Iron works","Bedfordview Office Park","3 Riley Rd, Bedfordview, Germiston, 2007","Germiston","Gauteng","","South Africa","","","","","","https://maps.google.com/?hl=en_US&cid=0x0:0x390b7f9deaa1ca0",""
"business","Business management consultant","Inhance Supply Chain Solutions","Block C, Unit 3, Viscount Office Park, 8 Viscount Rd, Bedfordview, Johannesburg, 2007","Johannesburg","Gauteng","","South Africa"," 0116154048","contactus@Inhancesc.com","https://inhancesc.com/","","","https://maps.google.com/?hl=en_US&cid=0x0:0x1de7a422c677ac27",""
"business","Apartment building","Townsend Office Park","1 Townsend St, Bedfordview, Johannesburg, 2007","Johannesburg","Gauteng","","South Africa"," 0873101751","","","","","https://maps.google.com/?hl=en_US&cid=0x0:0xbe3567ef96348d19",""
"business","Business management consultant","ERP Solutions","3 Riley Rd, Bedfordview, Germiston, 2700","Germiston","Gauteng","","South Africa"," 0827804088","","http://www.erpsolutions.co.za/","","","https://maps.google.com/?hl=en_US&cid=0x0:0xdea40516071f3e31",""
"business","Distance learning center","One Fundi","3 Concorde E Rd, Gauteng, Johannesburg, 2008","Johannesburg","Gauteng","","South Africa"," 0110574032","","","","","https://maps.google.com/?hl=en_US&cid=0x0:0x1dffea106d2ae0b5",""
"business","Accountant","Howard Joel and Company","Pellmeadow Office Park, 60 Civin Dr, St Andrews, Bedfordview, 2007","Bedfordview","Gauteng","","South Africa"," 0114403494","tzippy@hjoel.com","http://hjoel.com/","","","https://maps.google.com/?hl=en_US&cid=0x0:0xf0e0a801bc2c7f2f",""
"business","","Virtual Admin Solutions","11 Viscount Rd, Bedfordview, Johannesburg, 2008","Johannesburg","Gauteng","","South Africa"," 0837925017","","","","","https://maps.google.com/?hl=en_US&cid=0x0:0xa7715b70e16c5ef5",""
"business","Business management consultant","Malvolaar Holdings","AMR Office Park, 3 Concorde E Rd, Bedfordview, Germiston, 2008","Germiston","Gauteng","","South Africa"," 0763201575","","","","","https://maps.google.com/?hl=en_US&cid=0x0:0xe76686fa73367e81",""
"business","Visa consulting service","Transglobal Migration","AMR Office Park, 3 Concorde E Rd, Bedfordview, 2008","Germiston","Gauteng","","South Africa"," 0824576698","","","","","https://maps.google.com/?hl=en_US&cid=0x0:0xe234430cdf12ecb8",""
"business","Business management consultant","VISION ACTIV","4 Skeen Blvd, Bedfordview, Germiston, 2008","Germiston","Gauteng","","South Africa"," 0114500500","","http://www.visionactiv.com/","","","https://maps.google.com/?hl=en_US&cid=0x0:0x7a3b59d320a1e11c",""
"business","Software company","Tingbi Africa","17 Graver Rd, Bedfordview, Germiston, 2008","Germiston","Gauteng","","South Africa"," 0791019776","","","","","https://maps.google.com/?hl=en_US&cid=0x0:0x4445191701224801",""
"business","Business management consultant","Goldcet Africa","No1 Syringa Ln, Bedfordview, Germiston, 2008","Germiston","Gauteng","","South Africa","","enquiry@goldcetafrica.com","http://goldcetafrica.com/","","","https://maps.google.com/?hl=en_US&cid=0x0:0xd6175220cd656a9d",""
"business","Business management consultant","Xitsavi Group","The Med Office Park, 72 Concorde E Rd, Bedfordview, Johannesburg, 2008","Johannesburg","Gauteng","","South Africa"," 0110261609","","","","","https://maps.google.com/?hl=en_US&cid=0x0:0x12dab30eee0704e7",""
"business","Business development service","Franchising Plus","Pellmeadow Office Park, 60 Civin Dr, Bedfordview, Johannesburg, 2008","Johannesburg","Gauteng","","South Africa"," 0114542235","info@franchisingplus.co.za","http://www.franchisingplus.co.za/","","","https://maps.google.com/?hl=en_US&cid=0x0:0xf22af4640d45be62",""
"business","Business management consultant","Mbono Business Solutions","No. 703, THE OVAL OHE, 39 Loop St, BEREA PARK, Pretoria, 0002","Pretoria","Gauteng","","South Africa"," 0842682977","","","","","https://maps.google.com/?hl=en_US&cid=0x0:0x45c23b60aea2b9e4",""
"business","business","Gauteng","","","Gauteng","","South Africa","","","","","","https://maps.google.com/?hl=en_US&cid=0x0:0x6d9ee7c7cb5438e2",""
"business","Property management company","Body Corporate Assistance Bedford","First Floor, South Wing, Block B Hans Merensky Office Park, 32 Van Buuren Rd, Bedfordview, 2008","Germiston","Gauteng","","South Africa"," 0820552606","","","","","https://maps.google.com/?hl=en_US&cid=0x0:0xdb38f9e4cc2ced43",""
"business","business","N/A","","","Gauteng","","South Africa"," +442045429837","","http://www.marzennaalmendro.com/","","","https://maps.google.com/?hl=en_US&cid=0x0:0xe0f571106e4f8abb",""
"business","business","Bedfordview","Germiston, 2008","Germiston","Gauteng","","South Africa","","","","","","https://maps.google.com/?hl=en_US&cid=0x0:0x1206626e5cab35ad",""
"business","Business management consultant","Strategnos","30 Selwyn Rd, Bedfordview, Germiston, 2008","Germiston","Gauteng","","South Africa"," 0114531020","","http://www.strategnos.com/","","","https://maps.google.com/?hl=en_US&cid=0x0:0x905085e748aff05b",""
"business","Digital printing service","Business Outsource","17A Bradford Rd, Bedfordview, Johannesburg, 2007","Johannesburg","Gauteng","","South Africa"," 0105900686","","","","","https://maps.google.com/?hl=en_US&cid=0x0:0x549cc350182779be",""
"business","Office space rental agency","Regus - Johannesburg, Eastrand Bedfordview","AMR Office Park, 3 Concorde E Rd, Bedfordview, Johannesburg, 2008","Johannesburg","Gauteng","","South Africa"," 0100075151","","https://www.regus.com/en-gb/south-africa/johannesburg/bedfordview-amr-3-office-park-4324?utm_source>>u003dyext_places_gmb>>u0026utm_medium>>u003dplaces>>u0026utm_campaign>>u003dyext_traffic>>u0026utm_content>>u003d4324","","","https://maps.google.com/?hl=en_US&cid=0x0:0x15f228b8029a4608",""
"business","Business management consultant","CoSec8","5 Leicester Rd, Bedford Gardens, Bedfordview, 2007","Bedfordview","Gauteng","","South Africa"," 0875101234","","","","","https://maps.google.com/?hl=en_US&cid=0x0:0x596fffacedc4506c",""
"business","Logistics service","New Business Logistic","5th Floor, Murray  Roberts Building, 22 Skeen Blvd, Bedfordview, Germiston, 2007","Germiston","Gauteng","","South Africa"," 0100553496","","","","","https://maps.google.com/?hl=en_US&cid=0x0:0x4593071a7bcc8d4a",""
"business","Marketing agency","IconomySA","3, AMR Building, 9 Concorde E Rd, Bedfordview, Germiston, 2007","Germiston","Gauteng","","South Africa"," 0118675005","info@iconomysa.co.za","https://www.iconomysa.co.za/","","","https://maps.google.com/?hl=en_US&cid=0x0:0xd126c21e26624145",""
"business","Software company","Great 4 Business - Cyber Security Company  Digital Solutions","16 Skeen Blvd, Bedfordview, Johannesburg, 2007","Johannesburg","Gauteng","","South Africa"," 0719338956","info@g4b.co.za","https://www.g4b.co.za/","","","https://maps.google.com/?hl=en_US&cid=0x0:0x49f8a519ee3c87d9",""
"business","Business management consultant","Digista Pty Ltd","19 Ithaca Ave, Bedworth Park, Vereeniging, 1929","Vereeniging","Gauteng","","South Africa"," 0680978918","","","","","https://maps.google.com/?hl=en_US&cid=0x0:0x57d5571a2fce63f5",""
"business","business","Ditsaleng Bed and Breakfast","36 Hector Streer Bedworthpark, Vanderbijlpark, 1939","Vanderbijlpark","Gauteng","","South Africa"," 0733785740","","","","","https://maps.google.com/?hl=en_US&cid=0x0:0x8f63b6ba26557ce3",""
"business","business","Bedworth Park Guest House","8 Hector Rd, Bedworth Park, Vereeniging, 1939","Vereeniging","Gauteng","","South Africa"," 0729819801","bookings@bedworthparkguesthouse.co.za","http://www.bedworthparkguesthouse.co.za/","","","https://maps.google.com/?hl=en_US&cid=0x0:0xa1a98585667760fe",""
"business","business","The Guesthouse - Vanderbijlpark Accommodations","97 Hendrik Van Eck Blvd, Vanderbijlpark S. E. 6, Vanderbijlpark, 1911","Vanderbijlpark","Gauteng","","South Africa"," 0169323616","","","","","https://maps.google.com/?hl=en_US&cid=0x0:0xc94fcb97b88dc96",""
"business","business","Botle Ba Afrika Lodge","26 Ithaca Ave, Bedworth Park, Vereeniging, 1939","Vereeniging","Gauteng","","South Africa"," 0767680148","bookings@botlebaafrikalodge.com","http://botlebaafrikalodge.com/?utm_source>>u003dgmb>>u0026utm_medium>>u003dreferral","","","https://maps.google.com/?hl=en_US&cid=0x0:0xccbfacc1c921c645",""
"business","business","Twins Guest Lodge Astoni","70 Beefwood Rd, Vanderbijlpark S. E. 3, Vanderbijlpark, 1911","Vanderbijlpark","Gauteng","","South Africa"," 0834077224","","","","","https://maps.google.com/?hl=en_US&cid=0x0:0xc22dd1c280af0029",""
"business","business","VAAL RIVER GUEST HOUSE","6 Sering St, SE3, Vanderbijlpark, 1911","Vanderbijlpark","Gauteng","","South Africa"," 0798825817","","","","","https://maps.google.com/?hl=en_US&cid=0x0:0x40350a9fd1597278",""
"business","business","Sidibeng Bed  Breakfast","76 Cassandra Ave, Bedworth Park, Vereeniging, 1939","Vereeniging","Gauteng","","South Africa"," 0169852479","","http://sedibengguesthouse.co.za/","","","https://maps.google.com/?hl=en_US&cid=0x0:0xde629e8e1eaad0e1",""
"business","business","Invite Guest House Vanderbijlpark","INVITE Guest House, 44 Danie Theron St, Vanderbijlpark S. E. 2, Vanderbijlpark, 1911","Vanderbijlpark","Gauteng","","South Africa"," 0825698621","","","","","https://maps.google.com/?hl=en_US&cid=0x0:0x24a93ef4162a60e7",""
"business","Business management consultant","Intellectual Media and Communications","81 Cassandra Ave, Bedworth Park, Vereeniging, 1939","Vereeniging","Gauteng","","South Africa"," 0169854095","hello@intellectualmedia.co.za","http://www.intellectualmedia.co.za/","","","https://maps.google.com/?hl=en_US&cid=0x0:0xe7f501ab01ebe344",""
"business","business","Emerald Resort  Casino","777 Frikkie Meyer Blvd, Vanderbijlpark, 1900","Vanderbijlpark","Gauteng","","South Africa"," 0169828000","","http://www.emeraldcasino.co.za/","","","https://maps.google.com/?hl=en_US&cid=0x0:0x859742fcb482f518",""
"business","Shopping mall","Bedworth Centre","Ascot On Vaal Rd, Bedworth Park, Vereeniging, 1939","Vereeniging","Gauteng","","South Africa"," 0169851015","Bongani.Masekwameng@excelleratejhi.com","http://www.bedworthcentre.co.za/","","","https://maps.google.com/?hl=en_US&cid=0x0:0xd260498c99e43344",""
"business","Zoo","Emerald Resort Animal World","777 Frikkie Meyer Blvd, Vanderbijlpark, 1900","Vanderbijlpark","Gauteng","","South Africa"," 0734448285","","","","","https://maps.google.com/?hl=en_US&cid=0x0:0xcb457e57ec705da",""
"business","business","Bedworth Park","Vereeniging, 1939","Vereeniging","Gauteng","","South Africa","","","","","","https://maps.google.com/?hl=en_US&cid=0x0:0xe5fbb6deb9c8cdb7",""
"business","Hardware store","Builders Warehouse Bedworth Park","70 Cassandra Ave, Bedworth Park, Vereeniging, 1939","Vereeniging","Gauteng","","South Africa"," 0860008914","","","","","https://maps.google.com/?hl=en_US&cid=0x0:0x7423718dc11ba0bf",""
"business","Bearing supplier","Kopaneng Industries","59 Cassandra Ave, Bedworth Park, Vereeniging, 1938","Vereeniging","Gauteng","","South Africa"," 0653671544","","","","","https://maps.google.com/?hl=en_US&cid=0x0:0x21498b897f167435",""
"business","Business management consultant","Siyadingana","20 Evadnelaan, Bedworth Park, Vereeniging, 1939","Vereeniging","Gauteng","","South Africa"," 0825508074","","","","","https://maps.google.com/?hl=en_US&cid=0x0:0x1bcb33642d39f2e3",""
"business","Business management consultant","Sivukile Consulting Services","25 Penelope St, Bedworth Park, Vereeniging, 1939","Vereeniging","Gauteng","","South Africa"," 0169850026","","","","","https://maps.google.com/?hl=en_US&cid=0x0:0xe30761161b76f6cd",""
"business","Guest house","Tlhaping village conference centre","Tlhaping Village 27Avenue, 27 Athenia Ave, Bedworth Park, Vereeniging, 1940","Vereeniging","Gauteng","","South Africa"," 0737239391","","http://www.tlhapingvillage.co.za/","","","https://maps.google.com/?hl=en_US&cid=0x0:0x79936eb29c2b41e4",""
"business","Hotel","Xilumani Guest House  Spa","18 Ganymede Ave, Bedworth Park, Vereeniging, 1930","Vereeniging","Gauteng","","South Africa"," 0835646614","","","","","https://maps.google.com/?hl=en_US&cid=0x0:0xdbd6565a7cd49cdd",""
"business","Store","PostNet Bedworth Park","Shop 25, Playfair Blvd, President Square, Powerville, Vereeniging, 1939","Vereeniging","Gauteng","","South Africa"," 0651450166","bedworthpark@postnet.co.za","http://bedworthpark.postnet.co.za/","","","https://maps.google.com/?hl=en_US&cid=0x0:0xb58d85ae87715b0",""
"business","Furniture store","Rochester Bedworth Centre","Shop 32, Bedworth Centre, Cassandra Ave, Bedworth Park, Vereeniging, 1939","Vereeniging","Gauteng","","South Africa"," 0874630380","","","","","https://maps.google.com/?hl=en_US&cid=0x0:0xcbc03b3c50be62aa",""
"business","Manufacturer","Indiginus flower Vase","6/1415 Riverband complex, Bedworth Park, Vereeniging, 1928","Vereeniging","Gauteng","","South Africa","","","","","","https://maps.google.com/?hl=en_US&cid=0x0:0xa4f90959b7b59f20",""
"business","Construction company","MIYA PAINT  WATERPROOFING","47 Cassandra Ave, Bedworth Park, Vereeniging, 1939","Vereeniging","Gauteng","","South Africa"," 0660346229","","","","","https://maps.google.com/?hl=en_US&cid=0x0:0x1bd3dacdcfa4566e",""
"business","Engineer","Engease Engineering","19 Bellona Ave, Bedworth Park, Vereeniging, 1939","Vereeniging","Gauteng","","South Africa"," 0726459745","","","","","https://maps.google.com/?hl=en_US&cid=0x0:0xcb9943ac402fb6dc",""
"business","Accounting firm","P3RD-CONSULTING","Riverbend Gardens, Regulus Ave, Bedworth Park, Vanderbijlpark, 1911","Vanderbijlpark","Gauteng","","South Africa","","","","","","https://maps.google.com/?hl=en_US&cid=0x0:0x9ae158f44fafcc66",""
"business","Engineering consultant","VM TRADING  SERVICES","13 Chrome St, Vanderbijlpark C. E. 6, Vanderbijlpark, 1900","Vanderbijlpark","Gauteng","","South Africa"," 0828957062","","","","","https://maps.google.com/?hl=en_US&cid=0x0:0xff60f653ad85ef85",""
"business","Business management consultant","Microtasc","Wild Ln, Bedworth Park, Vereeniging, 1930","Vereeniging","Gauteng","","South Africa"," 0169857892","","","","","https://maps.google.com/?hl=en_US&cid=0x0:0xa50379d0fd1d8e16",""
"business","Shopping mall","adidas Bedworth Centre","Shop 14, Bedforth Centre, Ascot On Vaal Rd, Bedworth Park, Vereeniging, 1939","Vereeniging","Gauteng","","South Africa"," 0108244531","","https://www.adidas.co.za/storefinder","","","https://maps.google.com/?hl=en_US&cid=0x0:0xaea0ff787fcf69b9",""
"business","Business development service","Bekkersdal Training Centre","Location, 3207 Ramaleba, Bekkersdal, Westonaria, 1779","Westonaria","Gauteng","","South Africa"," 0614352652","","","","","https://maps.google.com/?hl=en_US&cid=0x0:0x4d87f6fd9a4841c8",""
"business","Construction company","Tsharagang construction","Dd4, Bekkersdal, Westonaria, 1779","Westonaria","Gauteng","","South Africa"," 0604128933","","","","","https://maps.google.com/?hl=en_US&cid=0x0:0xcad99853f65374c",""
"business","Bed >>u0026 breakfast","Busy Bee ( Bekkersdal Flagship) Guest House","hlaba Street, location, 3538 Khomo Ea Hlaba Ave, Bekkersdal, Westonaria, 1779","Westonaria","Gauteng","","South Africa"," 0766646067","","","","","https://maps.google.com/?hl=en_US&cid=0x0:0x42cd2b65983a47f2",""
"business","Civil engineering company","VNMM CONSULTING ENGINEERS","3243 Ramaleba, Bekkersdal, Westonaria, 1772","Westonaria","Gauteng","","South Africa"," 0879441872","","http://www.vnmmconsulting.co.za/","","","https://maps.google.com/?hl=en_US&cid=0x0:0x419cb0a08e7b3dc8",""
"business","Police station","Bekkersdal SS","Unnamed Road, Westonaria","Westonaria","Gauteng","","South Africa","","","","","","https://maps.google.com/?hl=en_US&cid=0x0:0xb0d7ec4a20671f45",""
"business","Business center","AVATAR","198 Nyenye Street Bekkersdal, Location, Westonaria, 1779","Westonaria","Gauteng","","South Africa","","","","","","https://maps.google.com/?hl=en_US&cid=0x0:0xb4a03147803de1e5",""
"business","Security service","MAGERELA PROJECTS AND SECURITY SERVICES (PTY) LTD","JJ1, Tambo section, Bekkersdal, Westonaria, 1779","Westonaria","Gauteng","","South Africa"," 0683004491","","","","","https://maps.google.com/?hl=en_US&cid=0x0:0xd563f4c2177ec536",""
"business","business","Bekkersdal","Westonaria, 1772","Westonaria","Gauteng","","South Africa","","","","","","https://maps.google.com/?hl=en_US&cid=0x0:0xac7b3d09b2f5b192",""
"business","Gas station","Sasol Bekkersdal","Khomo Ea Hlaba Ave, Bekkersdal, Westonaria, 1779","Westonaria","Gauteng","","South Africa"," 0117551054","","http://www.sasol.co.za/","","","https://maps.google.com/?hl=en_US&cid=0x0:0xab641a9a9562cbb6",""
"business","Vehicle inspection service","Bekkersdal Testing Station","Khomo Ea Hlaba Ave, Bekkersdal, Westonaria, 1772","Westonaria","Gauteng","","South Africa","","","","","","https://maps.google.com/?hl=en_US&cid=0x0:0xb77267ef71e8675d",""
"business","Building materials store","Bekkersdal Hardware","Mosidi Ave, Bekkersdal, Westonaria, 1772","Westonaria","Gauteng","","South Africa","","","","","","https://maps.google.com/?hl=en_US&cid=0x0:0x8b056ebcc8390066",""
"business","Fresh food market","Protea City - Agri Industrial Park, Logistics hun and Fresh Produce Market","Unnamed Road, Westonaria","Westonaria","Gauteng","","South Africa"," 0824118075","info@maximumgroup.co.za","http://www.proteacity.co.za/","","","https://maps.google.com/?hl=en_US&cid=0x0:0x6618bce5969a099c",""
"business","Guest house","Bekersdal Flagship Trading Cc","Khomo Ea Hlaba Ave, Bekkersdale, Westonaria, 1480","Westonaria","Gauteng","","South Africa"," 0628460271","","","","","https://maps.google.com/?hl=en_US&cid=0x0:0xb7cc745773c38da3",""
"business","Construction company","Tsharagang construction","Dd4, Bekkersdal, Westonaria, 1779","Westonaria","Gauteng","","South Africa"," 0604128933","","","","","https://maps.google.com/?hl=en_US&cid=0x0:0xcad99853f65374c",""
"business","Civil engineering company","VNMM CONSULTING ENGINEERS","3243 Ramaleba, Bekkersdal, Westonaria, 1772","Westonaria","Gauteng","","South Africa"," 0879441872","","http://www.vnmmconsulting.co.za/","","","https://maps.google.com/?hl=en_US&cid=0x0:0x419cb0a08e7b3dc8",""
"business","Business management consultant","Diamonds Quality Management Services","91 Troye St, Sunnyside, Pretoria, 0001","Pretoria","Gauteng","","South Africa"," 0127705252","","","","","https://maps.google.com/?hl=en_US&cid=0x0:0xcb1d580fd2da6bfe",""
"business","business","Bekkersdal","Westonaria, 1772","Westonaria","Gauteng","","South Africa","","","","","","https://maps.google.com/?hl=en_US&cid=0x0:0xac7b3d09b2f5b192",""
"business","Print shop","MJ PRINTING","13 Kraan Cres, Hillshaven, Westonaria, 1789","Westonaria","Gauteng","","South Africa","","","","","","https://maps.google.com/?hl=en_US&cid=0x0:0xc69f60dcaa2edbec",""
"business","Business management consultant","L-H Business Consulting","213 Troye St, Muckleneuk, Pretoria, 0002","Pretoria","Gauteng","","South Africa"," 0127544556","","http://lhbusiness.co.za/","","","https://maps.google.com/?hl=en_US&cid=0x0:0x49a135eea5a3f641",""
"business","Embroidery service","Embroidery/Borduurwerk/TShirt,Mug,etcPrinting","Ext 2, 20 Bamboeskloof streer, 20 Bamboeskloof, Glenharvie, Westonaria, 1779","Westonaria","Gauteng","","South Africa"," 08260143","","","","","https://maps.google.com/?hl=en_US&cid=0x0:0xb026d1f53e973133",""
"business","Consultant","Global Empowerment Services","Adverto Towers, 80 Celliers St, Sunnyside, Pretoria, 0001","Pretoria","Gauteng","","South Africa"," 0714865456","","","","","https://maps.google.com/?hl=en_US&cid=0x0:0xeab3aaae2dbfefaa",""
"business","Business management consultant","Tech Revolve","Stocks City, 180, 405 Mears St, Sunnyside, Pretoria, 0002","Pretoria","Gauteng","","South Africa"," 0120041138","","","","","https://maps.google.com/?hl=en_US&cid=0x0:0x432645181ba054cd",""
"business","Internet service provider","Small, Medium  Micro Enterprise","RIVA Suites, 267 Du Toit St, Pretoria Central, Pretoria, 0002","Pretoria","Gauteng","","South Africa"," 0665571571","info@smme-link.co.za","http://smme-link.co.za/","","","https://maps.google.com/?hl=en_US&cid=0x0:0x60879b4071917382",""
"business","Business management consultant","Maverick Business Solutions","403 B, Fountain Vie, 71 Willow Rd, Muckleneuk, Pretoria, 0002","Pretoria","Gauteng","","South Africa"," 0127518253","","","","","https://maps.google.com/?hl=en_US&cid=0x0:0x3dff21c5132960a9",""
"business","Business management consultant","Scenery Solutions Global Limited","250 Pretorius St, Pretoria Central, Pretoria, 0001","Pretoria","Gauteng","","South Africa"," 08155070710","info@scenerysolutionsglobal.com","http://scenerysolutionsglobal.com/","","","https://maps.google.com/?hl=en_US&cid=0x0:0xfab5b9f0f2ddb1c",""
"business","Institute of technology","Nemaheni Technologies","02 Tessahof Flat, 321 Jorissen St, Sunnyside, Pretoria, 0002","Pretoria","Gauteng","","South Africa"," 0814856683","info@nemaheni.co.za","https://www.nemaheni.co.za/","","","https://maps.google.com/?hl=en_US&cid=0x0:0x1ed391467fa1eeb3",""
"business","Business management consultant","angelz business consulting","Pretoria Central, Pretoria, 0008","Pretoria","Gauteng","","South Africa"," 0799164314","","https://www.angelzbusinessconsulting.co.za/","","","https://maps.google.com/?hl=en_US&cid=0x0:0x4b45695bd4474db8",""
"business","Corporate office","CTE Holding Group","605, Constantia Building, 291 Thabo Sehume St, Pretoria Central, Pretoria, 0001","Pretoria","Gauteng","","South Africa"," 0834821037","","","","","https://maps.google.com/?hl=en_US&cid=0x0:0xd1b99dde08da5e03",""
"business","Accounting firm","Just Us Creations (Pty) Ltd","334 Sher Court, Corner Thabo Sehume and Skinner Street, Pretoria, 0002","Pretoria","Gauteng","","South Africa"," 0717265054","","","","","https://maps.google.com/?hl=en_US&cid=0x0:0xd34c50b509a7b603",""
"business","Business management consultant","E QUALITY MULTISERVICES (PTY) LTD","219 Jeff Masemola St, Pretoria Central, Pretoria, 0002","Pretoria","Gauteng","","South Africa","","","","","","https://maps.google.com/?hl=en_US&cid=0x0:0x8010ce6250bf1215",""
"business","Corporate office","Innovative Knowledge Worx","373 Johannes Ramokhoase St, Pretoria Central, Pretoria, 0002","Pretoria","Gauteng","","South Africa"," 0126675849","info@ikworx.co.za","http://www.ikworx.co.za/","","","https://maps.google.com/?hl=en_US&cid=0x0:0xff0faca24202085",""
"business","Debt collection agency","BAS Collectors  Correctors","Office No. 2, Sheriff's Building, 424 Pretorius St, Arcadia, Pretoria, 0001","Pretoria","Gauteng","","South Africa"," 0123206576","tshepo@bascollectors.co.za","http://www.bascollectors.co.za/","","","https://maps.google.com/?hl=en_US&cid=0x0:0x5d1d1cac85c25a52",""
"business","Business management consultant","Stelios Group (Stelios Link Pty Ltd)","202 Robert Sobukwe St, Sunnyside, Pretoria, 0082","Pretoria","Gauteng","","South Africa"," 0127553723","","","","","https://maps.google.com/?hl=en_US&cid=0x0:0x96981dd81468cd3d",""
"business","Business management consultant","Defford Consultancy","543 Leyds Street, 110 Nedholm, Mucklenueck, Pretoria, 0002","Pretoria","Gauteng","","South Africa"," 0769541336","","","","","https://maps.google.com/?hl=en_US&cid=0x0:0x474572627c482013",""
"business","business","Gauteng","","","Gauteng","","South Africa","","","","","","https://maps.google.com/?hl=en_US&cid=0x0:0x6d9ee7c7cb5438e2",""
"business","Business management consultant","3-D Business Solutions (Pty) Ltd","72 Wordsworth Rd, Farrarmere, Benoni, 1501","Benoni","Gauteng","","South Africa"," 0118491634","","","","","https://maps.google.com/?hl=en_US&cid=0x0:0x7177d7ce3d97d826",""
"business","Business management consultant","ATECH","1866 Upudu Street Benoni Kingsway, 1501","Benoni","Gauteng","","South Africa"," 0658152206","","","","","https://maps.google.com/?hl=en_US&cid=0x0:0xed26d09ba37dcd96",""
"business","Business management consultant","Chain Research (Pty) Ltd.","4 Masefield St, Farrarmere, Benoni, 1501","Benoni","Gauteng","","South Africa"," 0825796149","","","","","https://maps.google.com/?hl=en_US&cid=0x0:0x242e75858f0f344f",""
"business","Bookkeeping service","Business Accounting Network - Benoni","92 Simon St, Rynfield, Benoni, 1501","Benoni","Gauteng","","South Africa"," 0861226262","","","","","https://maps.google.com/?hl=en_US&cid=0x0:0xe6b0a3cee4055d43",""
"business","Business management consultant","Vincor Imported Brands - Office","Farrarmere, Benoni, 1501","Benoni","Gauteng","","South Africa"," 0824489713","","","","","https://maps.google.com/?hl=en_US&cid=0x0:0x5ea1968110cd1a76",""
"business","Property management company","BENONI BOARD","89 Elston Ave, Benoni, 1501","Benoni","Gauteng","","South Africa"," 0114210111","","","","","https://maps.google.com/?hl=en_US&cid=0x0:0x760e17cafb48e5d0",""
"business","","Easy Companies","4th Floor, Office 404, 83 Woburn Ave, Benoni, Johannesburg, 1501","Johannesburg","Gauteng","","South Africa"," 0115681155","","","","","https://maps.google.com/?hl=en_US&cid=0x0:0xe959d413f6d319f9",""
"business","Warehouse","Business Park","Liverpool Rd, Benoni, 1500","Benoni","Gauteng","","South Africa","","","","","","https://maps.google.com/?hl=en_US&cid=0x0:0x468e931d050358f7",""
"business","Business park","Business Partners Hive","60 Harpur Ave, Benoni 77-Ir, Benoni, 1500","Benoni","Gauteng","","South Africa"," 0832891748","","","","","https://maps.google.com/?hl=en_US&cid=0x0:0x80e18081904811d",""
"business","Business management consultant","Kei Advisory","116 Totius Rd, Crystal Park, Benoni, 1501","Benoni","Gauteng","","South Africa"," 0659115753","","","","","https://maps.google.com/?hl=en_US&cid=0x0:0x9b4426adef958116",""
"business","Consultant","Fix Your Business","4 Anson Ave, Airfield, Benoni, 1501","Benoni","Gauteng","","South Africa"," 0828863643","","","","","https://maps.google.com/?hl=en_US&cid=0x0:0x1c7ffb4c8a91f276",""
"business","Business park","Wydan Business Park","Rd 5, Brentwood Park AH, Benoni","Benoni","Gauteng","","South Africa"," 0824578646","","","","","https://maps.google.com/?hl=en_US&cid=0x0:0x60101c83f46c26ba",""
"business","Legal services","Legal Business Counsulting","Gauteng, 109 Kemston Ave, Benoni, 1501","Benoni","Gauteng","","South Africa"," 0118162287","","","","","https://maps.google.com/?hl=en_US&cid=0x0:0x3d371cd54a2c6c92",""
"business","Manufacturer","Benoni Transmission products","25 Russel St, Benoni South, Benoni, 1502","Benoni","Gauteng","","South Africa"," 0110242644","","","","","https://maps.google.com/?hl=en_US&cid=0x0:0xffecc50b6dd783c6",""
"business","Accountant","Cubeke Group","6 Malherbe Rd, Rynfield, Benoni, 1501","Benoni","Gauteng","","South Africa"," 0794214645","","https://cubeke.co.za/","","","https://maps.google.com/?hl=en_US&cid=0x0:0xb1b96d8d619e64db",""
"business","Consultant","Ekhuruleni Consulting Services","22 Elston Ave, Kleinfontein 67-Ir, Benoni, 1501","Benoni","Gauteng","","South Africa"," 0114202911","","","","","https://maps.google.com/?hl=en_US&cid=0x0:0x334db8b2e2d585e2",""
"business","Accountant","Business Manager","318 Tamarisk Rd, Benoni AH, Benoni, 1501","Benoni","Gauteng","","South Africa","","","","","","https://maps.google.com/?hl=en_US&cid=0x0:0x917ab8a58c94973a",""
"business","Business management consultant","UNIQUE BRANDS MEDIA AND BUSINESS CONSULTANTS","97 Pretoria Rd, Rynfield, Benoni, 1514","Benoni","Gauteng","","South Africa"," 0719499495","","","","","https://maps.google.com/?hl=en_US&cid=0x0:0xed9e6b2e9861f452",""
"business","business","N/A","","","Gauteng","","South Africa"," 0842078264","","https://www.promoafrica.com/hellocorporate","","","https://maps.google.com/?hl=en_US&cid=0x0:0xceaefeee432b3e37",""
"business","business","N/A","","","Gauteng","","South Africa"," 0825665007","","https://garylees.myfreesites.net/","","","https://maps.google.com/?hl=en_US&cid=0x0:0xc874c664cbf4e226",""
"business","General practice attorney","JH Olivier Incorporated","16 7th Ave, Northmead, Benoni, 1514","Benoni","Gauteng","","South Africa"," 0114250640","","http://www.jholivier.co.za/","","","https://maps.google.com/?hl=en_US&cid=0x0:0xf19c4ffae3c5618b",""
"business","business","N/A","","","Gauteng","","South Africa"," 0645514512","","","","","https://maps.google.com/?hl=en_US&cid=0x0:0xe8ab1e0a62b82f32",""
"business","business","N/A","","","Gauteng","","South Africa"," 0826551201","","","","","https://maps.google.com/?hl=en_US&cid=0x0:0x6d4fef953b17f543",""
"business","business","N/A","","","Gauteng","","South Africa"," 0786129487","","","","","https://maps.google.com/?hl=en_US&cid=0x0:0x4c9e5d9dd6327c72",""
"business","business","N/A","","","Gauteng","","South Africa"," 0878034434","","","","","https://maps.google.com/?hl=en_US&cid=0x0:0x34be500455d16548",""
"business","business","N/A","","","Gauteng","","South Africa","","","","","","https://maps.google.com/?hl=en_US&cid=0x0:0xcf606cdce3f6be92",""
"business","business","N/A","","","Gauteng","","South Africa"," 0663711021","","","","","https://maps.google.com/?hl=en_US&cid=0x0:0x4883a475f0e2647c",""
"business","business","N/A","","","Gauteng","","South Africa"," 0785728911","","","","","https://maps.google.com/?hl=en_US&cid=0x0:0x23b200be7b344a16",""
"business","business","N/A","","","Gauteng","","South Africa"," 0787170707","","","","","https://maps.google.com/?hl=en_US&cid=0x0:0x18823b7cf99787d7",""
"business","Business management consultant","3-D Business Solutions (Pty) Ltd","72 Wordsworth Rd, Farrarmere, Benoni, 1501","Benoni","Gauteng","","South Africa"," 0118491634","","","","","https://maps.google.com/?hl=en_US&cid=0x0:0x7177d7ce3d97d826",""
"business","Property management company","BENONI BOARD","89 Elston Ave, Benoni, 1501","Benoni","Gauteng","","South Africa"," 0114210111","","","","","https://maps.google.com/?hl=en_US&cid=0x0:0x760e17cafb48e5d0",""
"business","Business management consultant","ATECH","1866 Upudu Street Benoni Kingsway, 1501","Benoni","Gauteng","","South Africa"," 0658152206","","","","","https://maps.google.com/?hl=en_US&cid=0x0:0xed26d09ba37dcd96",""
"business","","Company","No 30,unity no 4,Golden Drive, Morehill Ext 8, Benoni, 1501","Benoni","Gauteng","","South Africa"," 0114251345","","","","","https://maps.google.com/?hl=en_US&cid=0x0:0x22d41a7cda4ce033",""
"business","Warehouse","Business Park","Liverpool Rd, Benoni, 1500","Benoni","Gauteng","","South Africa","","","","","","https://maps.google.com/?hl=en_US&cid=0x0:0x468e931d050358f7",""
"business","Bookkeeping service","Business Accounting Network - Benoni","92 Simon St, Rynfield, Benoni, 1501","Benoni","Gauteng","","South Africa"," 0861226262","","","","","https://maps.google.com/?hl=en_US&cid=0x0:0xe6b0a3cee4055d43",""
"business","Software company","MP BUSINESS SOLUTIONS","16 Horsfall St, Benoni, 1501","Benoni","Gauteng","","South Africa"," 0731994077","","","","","https://maps.google.com/?hl=en_US&cid=0x0:0x9be75afa968fd196",""
"business","Auditor","BVSA Accountants and Financial services Benoni","2 Fairbairn St, Rynfield, Benoni, 1501","Benoni","Gauteng","","South Africa"," 0114770003","info@bvsa.ltd","http://www.bvsa.co.za/","","","https://maps.google.com/?hl=en_US&cid=0x0:0x47d59b4680451286",""
"business","Business park","Business Partners Hive","60 Harpur Ave, Benoni 77-Ir, Benoni, 1500","Benoni","Gauteng","","South Africa"," 0832891748","","","","","https://maps.google.com/?hl=en_US&cid=0x0:0x80e18081904811d",""
"business","Business management consultant","Chain Research (Pty) Ltd.","4 Masefield St, Farrarmere, Benoni, 1501","Benoni","Gauteng","","South Africa"," 0825796149","","","","","https://maps.google.com/?hl=en_US&cid=0x0:0x242e75858f0f344f",""
"business","Business park","Wydan Business Park","Rd 5, Brentwood Park AH, Benoni","Benoni","Gauteng","","South Africa"," 0824578646","","","","","https://maps.google.com/?hl=en_US&cid=0x0:0x60101c83f46c26ba",""
"business","Business management consultant","Dedago Unified Business Solutions","17 Struben St, Rynfield, Benoni, 1501","Benoni","Gauteng","","South Africa"," 0101400600","","","","","https://maps.google.com/?hl=en_US&cid=0x0:0xa817062915abb1ee",""
"business","Manufacturer","David Brown Santasalo","12 Birmingham St, Benoni South, Benoni, 1500","Benoni","Gauteng","","South Africa"," 0117480000","salessa@dbsantasalo.com","http://www.dbsantasalo.com/","","","https://maps.google.com/?hl=en_US&cid=0x0:0xb42bd2f6de7bf12",""
"business","business","N/A","","","Gauteng","","South Africa"," 0810993196","heather@webmediacc.co.za","https://smallbusinessnetworking.co.za/","","","https://maps.google.com/?hl=en_US&cid=0x0:0x7615104062ba60b9",""
"business","Bookkeeping service","Business Accounting Network - Benoni","1095 Seedat St, Actonville, Benoni, 1501","Benoni","Gauteng","","South Africa"," 0861226226","","","","","https://maps.google.com/?hl=en_US&cid=0x0:0x6a593c276f20e211",""
"business","Accounting firm","Zanzi Accountants and Business Services","16 Korhaan Ave, Mackenzie Park, Benoni, 1501","Benoni","Gauteng","","South Africa"," 0814142408","info@zaabs.co.za","http://zaabs.co.za/","","","https://maps.google.com/?hl=en_US&cid=0x0:0x459da75de4700b0e",""
"business","Business management consultant","Kei Advisory","116 Totius Rd, Crystal Park, Benoni, 1501","Benoni","Gauteng","","South Africa"," 0659115753","","","","","https://maps.google.com/?hl=en_US&cid=0x0:0x9b4426adef958116",""
"business","Business management consultant","Vincor Imported Brands - Office","Farrarmere, Benoni, 1501","Benoni","Gauteng","","South Africa"," 0824489713","","","","","https://maps.google.com/?hl=en_US&cid=0x0:0x5ea1968110cd1a76",""
"business","business","N/A","","","Gauteng","","South Africa"," 0647835657","","","","","https://maps.google.com/?hl=en_US&cid=0x0:0x2ae68873e095221c",""
"business","Website designer","Business Connection Hub","34 Chrome St, Farrarmere, Benoni, 1501","Benoni","Gauteng","","South Africa"," 0662012810","","","","","https://maps.google.com/?hl=en_US&cid=0x0:0xd176a38004375496",""
"business","business","N/A","","","Gauteng","","South Africa"," 0825665007","","https://garylees.myfreesites.net/","","","https://maps.google.com/?hl=en_US&cid=0x0:0xc874c664cbf4e226",""
"business","business","N/A","","","Gauteng","","South Africa"," 0744570826","","","","","https://maps.google.com/?hl=en_US&cid=0x0:0x69f94f4d76ea4458",""
"business","business","N/A","","","Gauteng","","South Africa"," 0824514239","greg.lock@innovativesolutions.co.za","https://innovativesolutions.co.za/","","","https://maps.google.com/?hl=en_US&cid=0x0:0x2bc12cc4bf0a93a7",""
"business","business","N/A","","","Gauteng","","South Africa","","","","","","https://maps.google.com/?hl=en_US&cid=0x0:0xa6406660cefd79f3",""
"business","business","N/A","","","Gauteng","","South Africa"," 0786129487","","","","","https://maps.google.com/?hl=en_US&cid=0x0:0x4c9e5d9dd6327c72",""
"business","business","N/A","","","Gauteng","","South Africa"," 0635018606","","","","","https://maps.google.com/?hl=en_US&cid=0x0:0x82b45a40e8282cbe",""
"business","business","N/A","","","Gauteng","","South Africa"," 0614880039","","http://www.bessiewritescopy.com/","","","https://maps.google.com/?hl=en_US&cid=0x0:0xee958238dd0f187c",""
"business","business","N/A","","","Gauteng","","South Africa","","","","","","https://maps.google.com/?hl=en_US&cid=0x0:0xcf606cdce3f6be92",""
"business","business","N/A","","","Gauteng","","South Africa"," 0785728911","","","","","https://maps.google.com/?hl=en_US&cid=0x0:0x23b200be7b344a16",""
"business","business","N/A","","","Gauteng","","South Africa"," 0824514239","greg.lock@innovativesolutions.co.za","https://innovativesolutions.co.za/","","","https://maps.google.com/?hl=en_US&cid=0x0:0x2bc12cc4bf0a93a7",""
"business","business","N/A","","","Gauteng","","South Africa"," 0825665007","","https://garylees.myfreesites.net/","","","https://maps.google.com/?hl=en_US&cid=0x0:0xc874c664cbf4e226",""
"business","business","N/A","","","Gauteng","","South Africa"," 0810993196","heather@webmediacc.co.za","https://smallbusinessnetworking.co.za/","","","https://maps.google.com/?hl=en_US&cid=0x0:0x7615104062ba60b9",""
"business","Bookkeeping service","Business Accounting Network - Benoni","92 Simon St, Rynfield, Benoni, 1501","Benoni","Gauteng","","South Africa"," 0861226262","","","","","https://maps.google.com/?hl=en_US&cid=0x0:0xe6b0a3cee4055d43",""
"business","Software company","MP BUSINESS SOLUTIONS","16 Horsfall St, Benoni, 1501","Benoni","Gauteng","","South Africa"," 0731994077","","","","","https://maps.google.com/?hl=en_US&cid=0x0:0x9be75afa968fd196",""
"business","business","N/A","","","Gauteng","","South Africa"," 0842078264","","https://www.promoafrica.com/hellocorporate","","","https://maps.google.com/?hl=en_US&cid=0x0:0xceaefeee432b3e37",""
"business","Business management consultant","3-D Business Solutions (Pty) Ltd","72 Wordsworth Rd, Farrarmere, Benoni, 1501","Benoni","Gauteng","","South Africa"," 0118491634","","","","","https://maps.google.com/?hl=en_US&cid=0x0:0x7177d7ce3d97d826",""
"business","business","N/A","","","Gauteng","","South Africa"," 0785728911","","","","","https://maps.google.com/?hl=en_US&cid=0x0:0x23b200be7b344a16",""
"business","Business management consultant","ATECH","1866 Upudu Street Benoni Kingsway, 1501","Benoni","Gauteng","","South Africa"," 0658152206","","","","","https://maps.google.com/?hl=en_US&cid=0x0:0xed26d09ba37dcd96",""
"business","business","N/A","","","Gauteng","","South Africa","","","","","","https://maps.google.com/?hl=en_US&cid=0x0:0xcf606cdce3f6be92",""
"business","business","N/A","","","Gauteng","","South Africa"," 0100651467","","","","","https://maps.google.com/?hl=en_US&cid=0x0:0xaac90e63b1d62ff0",""
"business","","Company","No 30,unity no 4,Golden Drive, Morehill Ext 8, Benoni, 1501","Benoni","Gauteng","","South Africa"," 0114251345","","","","","https://maps.google.com/?hl=en_US&cid=0x0:0x22d41a7cda4ce033",""
"business","business","N/A","","","Gauteng","","South Africa"," 0827793086","","","","","https://maps.google.com/?hl=en_US&cid=0x0:0x85e92d127bb1659c",""
"business","Accounting firm","Zanzi Accountants and Business Services","16 Korhaan Ave, Mackenzie Park, Benoni, 1501","Benoni","Gauteng","","South Africa"," 0814142408","info@zaabs.co.za","http://zaabs.co.za/","","","https://maps.google.com/?hl=en_US&cid=0x0:0x459da75de4700b0e",""
"business","business","N/A","","","Gauteng","","South Africa"," 0827659238","","","","","https://maps.google.com/?hl=en_US&cid=0x0:0xc0c5aa84aa921a63",""
"business","Auditor","BVSA Accountants and Financial services Benoni","2 Fairbairn St, Rynfield, Benoni, 1501","Benoni","Gauteng","","South Africa"," 0114770003","info@bvsa.ltd","http://www.bvsa.co.za/","","","https://maps.google.com/?hl=en_US&cid=0x0:0x47d59b4680451286",""
"business","business","N/A","","","Gauteng","","South Africa"," 0828095491","","http://www.mitsa.co.za/","","","https://maps.google.com/?hl=en_US&cid=0x0:0x5bb4e2e1e040bf03",""
"business","Bookkeeping service","Business Accounting Network - Benoni","1095 Seedat St, Actonville, Benoni, 1501","Benoni","Gauteng","","South Africa"," 0861226226","","","","","https://maps.google.com/?hl=en_US&cid=0x0:0x6a593c276f20e211",""
"business","business","Benoni","","Benoni","Gauteng","","South Africa","","","","","","https://maps.google.com/?hl=en_US&cid=0x0:0x619c7f175429a6e0",""
"business","business","N/A","","","Gauteng","","South Africa"," 0744570826","","","","","https://maps.google.com/?hl=en_US&cid=0x0:0x69f94f4d76ea4458",""
"business","business","N/A","","","Gauteng","","South Africa"," 0114250096","info@madeleinhendricks.co.za","https://www.hrcompanysolutions.co.za/","","","https://maps.google.com/?hl=en_US&cid=0x0:0x726b679c888c173e",""
"business","business","N/A","","","Gauteng","","South Africa"," 0836542882","","","","","https://maps.google.com/?hl=en_US&cid=0x0:0xfcc03c5aa47fc1c0",""
"business","business","N/A","","","Gauteng","","South Africa","","","","","","https://maps.google.com/?hl=en_US&cid=0x0:0xa6406660cefd79f3",""
"business","Business management consultant","Intercall Business Group","28043 Zomba Avenue, Daveyton, Daveyton, Johannesburg, Benoni, 1520","Zomba Avenue","Gauteng","28043","South Africa"," 0871488100","","","","","https://maps.google.com/?hl=en_US&cid=0x0:0x81e2ed4dfab85f51",""
"business","business","N/A","","","Gauteng","","South Africa","","","","","","https://maps.google.com/?hl=en_US&cid=0x0:0x16d383cadc8566db",""
"business","business","N/A","","","Gauteng","","South Africa"," 0118496856","","","","","https://maps.google.com/?hl=en_US&cid=0x0:0xc5f470c40ec84738",""
"business","business","N/A","","","Gauteng","","South Africa"," 0828947269","","","","","https://maps.google.com/?hl=en_US&cid=0x0:0x1ee2e46194d28846",""
"business","business","N/A","","","Gauteng","","South Africa"," 0787170707","","","","","https://maps.google.com/?hl=en_US&cid=0x0:0x18823b7cf99787d7",""
"business","business","N/A","","","Gauteng","","South Africa"," 0662853723","","https://cleaningsouthafrica.co.za/cleaning-franchisees/cleaning-services-benoni/","","","https://maps.google.com/?hl=en_US&cid=0x0:0xf055eba5806ef212",""
"business","Business management consultant","3-D Business Solutions (Pty) Ltd","72 Wordsworth Rd, Farrarmere, Benoni, 1501","Benoni","Gauteng","","South Africa"," 0118491634","","","","","https://maps.google.com/?hl=en_US&cid=0x0:0x7177d7ce3d97d826",""
"business","Business management consultant","ATECH","1866 Upudu Street Benoni Kingsway, 1501","Benoni","Gauteng","","South Africa"," 0658152206","","","","","https://maps.google.com/?hl=en_US&cid=0x0:0xed26d09ba37dcd96",""
"business","Property management company","BENONI BOARD","89 Elston Ave, Benoni, 1501","Benoni","Gauteng","","South Africa"," 0114210111","","","","","https://maps.google.com/?hl=en_US&cid=0x0:0x760e17cafb48e5d0",""
"business","Warehouse","Business Park","Liverpool Rd, Benoni, 1500","Benoni","Gauteng","","South Africa","","","","","","https://maps.google.com/?hl=en_US&cid=0x0:0x468e931d050358f7",""
"business","business","N/A","","","Gauteng","","South Africa"," 0825665007","","https://garylees.myfreesites.net/","","","https://maps.google.com/?hl=en_US&cid=0x0:0xc874c664cbf4e226",""
"business","Business management consultant","Brentwood Employment Relations Specialists","212 Pretoria Rd, Rynfield, Benoni, 1501","Benoni","Gauteng","","South Africa"," 0119672237","admin@brentwood.co.za","http://www.brentwood.co.za/","","","https://maps.google.com/?hl=en_US&cid=0x0:0x27169fa5ce018c2e",""
"business","business","N/A","","","Gauteng","","South Africa","","","","","","https://maps.google.com/?hl=en_US&cid=0x0:0xa6406660cefd79f3",""
"business","Accountant","Business Manager","318 Tamarisk Rd, Benoni AH, Benoni, 1501","Benoni","Gauteng","","South Africa","","","","","","https://maps.google.com/?hl=en_US&cid=0x0:0x917ab8a58c94973a",""
"business","Auditor","BVSA Accountants and Financial services Benoni","2 Fairbairn St, Rynfield, Benoni, 1501","Benoni","Gauteng","","South Africa"," 0114770003","info@bvsa.ltd","http://www.bvsa.co.za/","","","https://maps.google.com/?hl=en_US&cid=0x0:0x47d59b4680451286",""
"business","Business management consultant","Chain Research (Pty) Ltd.","4 Masefield St, Farrarmere, Benoni, 1501","Benoni","Gauteng","","South Africa"," 0825796149","","","","","https://maps.google.com/?hl=en_US&cid=0x0:0x242e75858f0f344f",""
"business","Manufacturer","David Brown Santasalo","12 Birmingham St, Benoni South, Benoni, 1500","Benoni","Gauteng","","South Africa"," 0117480000","salessa@dbsantasalo.com","http://www.dbsantasalo.com/","","","https://maps.google.com/?hl=en_US&cid=0x0:0xb42bd2f6de7bf12",""
"business","Bookkeeping service","Business Accounting Network - Benoni","92 Simon St, Rynfield, Benoni, 1501","Benoni","Gauteng","","South Africa"," 0861226262","","","","","https://maps.google.com/?hl=en_US&cid=0x0:0xe6b0a3cee4055d43",""
"business","","Easy Companies","4th Floor, Office 404, 83 Woburn Ave, Benoni, Johannesburg, 1501","Johannesburg","Gauteng","","South Africa"," 0115681155","","","","","https://maps.google.com/?hl=en_US&cid=0x0:0xe959d413f6d319f9",""
"business","Establishment","@164","164 Pretoria Rd, Rynfield, Benoni, 1501","Benoni","Gauteng","","South Africa"," 0726013826","","","","","https://maps.google.com/?hl=en_US&cid=0x0:0xa3c7fbdc1eb6dd4f",""
"business","Corporate office","83 on Woburn","83 Woburn Ave, Benoni, 1500","Benoni","Gauteng","","South Africa","","","","","","https://maps.google.com/?hl=en_US&cid=0x0:0xed646a253496069a",""
"business","Business management consultant","Leadership Tomorrow","Private Estate, Benoni, 2 Scott St, Rynfield, Johannesburg, 1500","Johannesburg","Gauteng","","South Africa"," 0114253749","","","","","https://maps.google.com/?hl=en_US&cid=0x0:0x84268d46c392055a",""
"business","Internet marketing service","Ubuntu Business Advisory  Consulting","Ste611 Floor 6 Rentbel Bldg, 219 Bureau Ln, Pretoria Central, Pretoria, 0002","Pretoria","Gauteng","","South Africa"," 0123238067","info@ubac.co.za","http://www.ubac.co.za/","","","https://maps.google.com/?hl=en_US&cid=0x0:0xe0183f1b717b1fea",""
"business","Business management consultant","Vincor Imported Brands - Office","Farrarmere, Benoni, 1501","Benoni","Gauteng","","South Africa"," 0824489713","","","","","https://maps.google.com/?hl=en_US&cid=0x0:0x5ea1968110cd1a76",""
"business","business","Gauteng","","","Gauteng","","South Africa","","","","","","https://maps.google.com/?hl=en_US&cid=0x0:0x6d9ee7c7cb5438e2",""
"business","Business management consultant","Dedago Unified Business Solutions","17 Struben St, Rynfield, Benoni, 1501","Benoni","Gauteng","","South Africa"," 0101400600","","","","","https://maps.google.com/?hl=en_US&cid=0x0:0xa817062915abb1ee",""
"business","Business management consultant","Thuso Business Consulting","Protea Towers, 240 Paul Kruger St, Pretoria Central, Pretoria, 0001","Pretoria","Gauteng","","South Africa"," 0794803617","thuso@thusoconsulting.co.za","http://thusoconsulting.co.za/","","","https://maps.google.com/?hl=en_US&cid=0x0:0x40fe351b0ca9abe3",""
"business","Educational institution","MSC BUSINESS COLLEGE","55 Woburn Ave, Benoni, 1500","Benoni","Gauteng","","South Africa"," 0114218467","email@yourcompany.com","http://www.msccollege.co.za/","","","https://maps.google.com/?hl=en_US&cid=0x0:0xd2e2c4ea863499c9",""
"business","Accountant","Account n Tax Business Academy","274 Barbet Rd, Rynfield, Benoni, 1501","Benoni","Gauteng","","South Africa"," 0114253904","","","","","https://maps.google.com/?hl=en_US&cid=0x0:0x9946b2f71c6281",""
"business","Marketing agency","Register 360","76 Goodman St, Rynfield, Benoni, 1501","Benoni","Gauteng","","South Africa"," 0813052465","info@register360.co.za","http://register360.co.za/","","","https://maps.google.com/?hl=en_US&cid=0x0:0xc1d4acd0d84b513a",""
"business","business","N/A","","","Gauteng","","South Africa"," 0827793086","","","","","https://maps.google.com/?hl=en_US&cid=0x0:0x85e92d127bb1659c",""
"business","Life insurance agency","Umhlaba Risk Solutions","41 Fourteenth Ave, Northmead, Benoni, 1514","Benoni","Gauteng","","South Africa"," 0861347348","","","","","https://maps.google.com/?hl=en_US&cid=0x0:0xa513b18f8f404626",""
"business","Business to business service","Sir Charles Consulting (SCC Group)","6400 Didi St, Daveyton, Benoni, 1520","Benoni","Gauteng","","South Africa","","","","","","https://maps.google.com/?hl=en_US&cid=0x0:0x2c0c6cbe958a3fcb",""
"business","Accounting firm","Sepitsi Business Solutions","30 Fifth Ave, Northmead, Benoni, 1501","Benoni","Gauteng","","South Africa"," 0763790650","","","","","https://maps.google.com/?hl=en_US&cid=0x0:0x9c61e09563a5f637",""
"business","business","Benoni","","Benoni","Gauteng","","South Africa","","","","","","https://maps.google.com/?hl=en_US&cid=0x0:0x619c7f175429a6e0",""
"business","Business management consultant","3-D Business Solutions (Pty) Ltd","72 Wordsworth Rd, Farrarmere, Benoni, 1501","Benoni","Gauteng","","South Africa"," 0118491634","","","","","https://maps.google.com/?hl=en_US&cid=0x0:0x7177d7ce3d97d826",""
"business","Software company","MP BUSINESS SOLUTIONS","16 Horsfall St, Benoni, 1501","Benoni","Gauteng","","South Africa"," 0731994077","","","","","https://maps.google.com/?hl=en_US&cid=0x0:0x9be75afa968fd196",""
"business","Auditor","BVSA Accountants and Financial services Benoni","2 Fairbairn St, Rynfield, Benoni, 1501","Benoni","Gauteng","","South Africa"," 0114770003","info@bvsa.ltd","http://www.bvsa.co.za/","","","https://maps.google.com/?hl=en_US&cid=0x0:0x47d59b4680451286",""
"business","Business management consultant","ATECH","1866 Upudu Street Benoni Kingsway, 1501","Benoni","Gauteng","","South Africa"," 0658152206","","","","","https://maps.google.com/?hl=en_US&cid=0x0:0xed26d09ba37dcd96",""
"business","Warehouse","Fair-Que Business Park","19 Goud St, Goedeburg, Benoni, 1501","Benoni","Gauteng","","South Africa"," 0828722476","","","","","https://maps.google.com/?hl=en_US&cid=0x0:0x53b434e63c0b8b4b",""
"business","Business management consultant","Dedago Unified Business Solutions","17 Struben St, Rynfield, Benoni, 1501","Benoni","Gauteng","","South Africa"," 0101400600","","","","","https://maps.google.com/?hl=en_US&cid=0x0:0xa817062915abb1ee",""
"business","Business park","Business Partners Hive","60 Harpur Ave, Benoni 77-Ir, Benoni, 1500","Benoni","Gauteng","","South Africa"," 0832891748","","","","","https://maps.google.com/?hl=en_US&cid=0x0:0x80e18081904811d",""
"business","Property management company","BENONI BOARD","89 Elston Ave, Benoni, 1501","Benoni","Gauteng","","South Africa"," 0114210111","","","","","https://maps.google.com/?hl=en_US&cid=0x0:0x760e17cafb48e5d0",""
"business","Accounting firm","Adilisa Business Consultancy","91 Woburn Ave, Crenbourne Centre, Benoni, 1501","Benoni","Gauteng","","South Africa"," 0614731522","","","","","https://maps.google.com/?hl=en_US&cid=0x0:0x100bea8165295ae3",""
"business","Consultant","Prospekt Management","Johannesburg Benoni, Johannesburg, 1501","Johannesburg","Gauteng","","South Africa"," 0664932287","","","","","https://maps.google.com/?hl=en_US&cid=0x0:0x6f8094789ba75fea",""
"business","Warehouse","Business Park","Liverpool Rd, Benoni, 1500","Benoni","Gauteng","","South Africa","","","","","","https://maps.google.com/?hl=en_US&cid=0x0:0x468e931d050358f7",""
"business","Business park","Industrial Area - Benoni South","Benoni South, Benoni, 1501","Benoni","Gauteng","","South Africa","","","","","","https://maps.google.com/?hl=en_US&cid=0x0:0xa483d415c136b187",""
"business","Software company","Umbani Software","39 Miles Sharp St, Rynfield, Benoni, 1501","Benoni","Gauteng","","South Africa"," 0118497053","info@umbani.com","https://www.umbani.com/","","","https://maps.google.com/?hl=en_US&cid=0x0:0x9f4f3704b09207d6",""
"business","Accounting firm","Sepitsi Business Solutions","30 Fifth Ave, Northmead, Benoni, 1501","Benoni","Gauteng","","South Africa"," 0763790650","","","","","https://maps.google.com/?hl=en_US&cid=0x0:0x9c61e09563a5f637",""
"business","Business management consultant","Vincor Imported Brands - Office","Farrarmere, Benoni, 1501","Benoni","Gauteng","","South Africa"," 0824489713","","","","","https://maps.google.com/?hl=en_US&cid=0x0:0x5ea1968110cd1a76",""
"business","Bookkeeping service","Business Accounting Network - Benoni","92 Simon St, Rynfield, Benoni, 1501","Benoni","Gauteng","","South Africa"," 0861226262","","","","","https://maps.google.com/?hl=en_US&cid=0x0:0xe6b0a3cee4055d43",""
"business","Bus stop","Benoni","83 Woburn Ave, Benoni, 1500","Benoni","Gauteng","","South Africa","","","","","","https://maps.google.com/?hl=en_US&cid=0x0:0xf1be64159f8418a3",""
"business","Bookkeeping service","Business Accounting Network - Benoni","1095 Seedat St, Actonville, Benoni, 1501","Benoni","Gauteng","","South Africa"," 0861226226","","","","","https://maps.google.com/?hl=en_US&cid=0x0:0x6a593c276f20e211",""
"business","business","1501","","","Gauteng","","South Africa","","","","","","https://maps.google.com/?hl=en_US&cid=0x0:0x117daa0012f008ab",""
"business","Business management consultant","UNIQUE BRANDS MEDIA AND BUSINESS CONSULTANTS","97 Pretoria Rd, Rynfield, Benoni, 1514","Benoni","Gauteng","","South Africa"," 0719499495","","","","","https://maps.google.com/?hl=en_US&cid=0x0:0xed9e6b2e9861f452",""
"business","Accountant","Business Manager","318 Tamarisk Rd, Benoni AH, Benoni, 1501","Benoni","Gauteng","","South Africa","","","","","","https://maps.google.com/?hl=en_US&cid=0x0:0x917ab8a58c94973a",""
"business","Industrial equipment supplier","Imbasa Suppliers (Pty) Ltd","Industrial Sites, Unit 20 Hillman Mini Factories, No: 8 Lancaster Rd, Benoni, 1500","Benoni","Gauteng","","South Africa"," 0114200121","","http://imbasasuppliers.co.za/","","","https://maps.google.com/?hl=en_US&cid=0x0:0xce8e100e6c2ad75b",""
"business","Consultant","Fix Your Business","4 Anson Ave, Airfield, Benoni, 1501","Benoni","Gauteng","","South Africa"," 0828863643","","","","","https://maps.google.com/?hl=en_US&cid=0x0:0x1c7ffb4c8a91f276",""
"business","Marketing agency","Register 360","76 Goodman St, Rynfield, Benoni, 1501","Benoni","Gauteng","","South Africa"," 0813052465","info@register360.co.za","http://register360.co.za/","","","https://maps.google.com/?hl=en_US&cid=0x0:0xc1d4acd0d84b513a",""
"business","Business management consultant","N/A","","","Gauteng","","South Africa","","","","","","https://maps.google.com/?hl=en_US&cid=0x0:0x242e75858f0f344f",""
"business","Business management consultant","Brentwood Employment Relations Specialists","212 Pretoria Rd, Rynfield, Benoni, 1501","Benoni","Gauteng","","South Africa"," 0119672237","admin@brentwood.co.za","http://www.brentwood.co.za/","","","https://maps.google.com/?hl=en_US&cid=0x0:0x27169fa5ce018c2e",""
"business","Accountant","Account n Tax Business Academy","274 Barbet Rd, Rynfield, Benoni, 1501","Benoni","Gauteng","","South Africa"," 0114253904","","","","","https://maps.google.com/?hl=en_US&cid=0x0:0x9946b2f71c6281",""
"business","Bus stop","1501 Benoni","Benoni, 1500","Benoni","Gauteng","","South Africa","","","","","","https://maps.google.com/?hl=en_US&cid=0x0:0x5f0b691ff0e2f218",""
"business","Business management consultant","Orora Consulting","229 Hull Rd, Rynfield, Benoni, 1501","Benoni","Gauteng","","South Africa"," 0615155455","","","","","https://maps.google.com/?hl=en_US&cid=0x0:0x5cc0da5eec9640e7",""
"business","Manufacturer","Synergy Chemicals","16 Indiana St, Apex, Benoni, 1540","Benoni","Gauteng","","South Africa"," 0114223860","","","","","https://maps.google.com/?hl=en_US&cid=0x0:0xf1c3b300ba02d39f",""
"business","","Company","No 30,unity no 4,Golden Drive, Morehill Ext 8, Benoni, 1501","Benoni","Gauteng","","South Africa"," 0114251345","","","","","https://maps.google.com/?hl=en_US&cid=0x0:0x22d41a7cda4ce033",""
"business","Aluminum supplier","Zinchem","Cnr. Lincoln  Styx Rd Benoni South, Ext, Benoni, 1502","Benoni","Gauteng","","South Africa"," 0117465000","","http://www.zinchem.co.za/","","","https://maps.google.com/?hl=en_US&cid=0x0:0x3d95eec0d0f4e2d5",""
"business","Mining company","LenExCo (Pty) Ltd","14 Jeffrey Ave, Morehill, Benoni, 1501","Benoni","Gauteng","","South Africa"," 0760739432","lene@lenexco.co.za","http://lenexco.co.za/","","","https://maps.google.com/?hl=en_US&cid=0x0:0x565915e1d1ca37b3",""
"business","Car accessories store","Shield Chemicals","London Street , Antwerp St, Apex, Benoni, 1540","Benoni","Gauteng","","South Africa"," 0114217111","info@shieldchem.co.za","http://www.shieldchem.co.za/","","","https://maps.google.com/?hl=en_US&cid=0x0:0xcd1ac0920a03961f",""
"business","Property management company","BENONI BOARD","89 Elston Ave, Benoni, 1501","Benoni","Gauteng","","South Africa"," 0114210111","","","","","https://maps.google.com/?hl=en_US&cid=0x0:0x760e17cafb48e5d0",""
"business","Business management consultant","Volptec Solutions","2 Kerbel St, Northmead, Benoni, 1514","Benoni","Gauteng","","South Africa"," 0110254798","","","","","https://maps.google.com/?hl=en_US&cid=0x0:0xe3afb33c00108c8",""
"business","Chemical wholesaler","S A Chemical Products","30 3rd Rd, Van Ryn SH, Benoni, 1501","Benoni","Gauteng","","South Africa"," 0119693987","juandre@sachemical.co.za","http://sachemical.co.za/","","","https://maps.google.com/?hl=en_US&cid=0x0:0x2386e02b1c5f88da",""
"business","business","N/A","","","Gauteng","","South Africa"," 0825665007","","https://garylees.myfreesites.net/","","","https://maps.google.com/?hl=en_US&cid=0x0:0xc874c664cbf4e226",""
"business","Business management consultant","3-D Business Solutions (Pty) Ltd","72 Wordsworth Rd, Farrarmere, Benoni, 1501","Benoni","Gauteng","","South Africa"," 0118491634","","","","","https://maps.google.com/?hl=en_US&cid=0x0:0x7177d7ce3d97d826",""
"business","Consultant","Fraudetct (Pty) Ltd","37 Miles Sharp St, Rynfield, Benoni, 1514","Benoni","Gauteng","","South Africa"," 0861000874","info@fraudetect.co.za","http://www.fraudetect.co.za/","","","https://maps.google.com/?hl=en_US&cid=0x0:0xb95e2a0352d0aef4",""
"business","business","N/A","","","Gauteng","","South Africa","","","","","","https://maps.google.com/?hl=en_US&cid=0x0:0xa6406660cefd79f3",""
"business","Business management consultant","ATECH","1866 Upudu Street Benoni Kingsway, 1501","Benoni","Gauteng","","South Africa"," 0658152206","","","","","https://maps.google.com/?hl=en_US&cid=0x0:0xed26d09ba37dcd96",""
"business","Engineer","UL Engineering","207 Aloe Rd, Putfontein Rd, Benoni, 1515","Benoni","Gauteng","","South Africa"," 0119689815","ulrich@ulengineering.co.za","https://ulengineering.co.za/","","","https://maps.google.com/?hl=en_US&cid=0x0:0xb7a71415af834135",""
"business","Chemical plant","Achievo Chem (Pty) Ltd","31 Golden Dr, Morehill, Benoni, 1501","Benoni","Gauteng","","South Africa"," 0114252540","achievochem@icon.co.za","http://www.achievo.co.za/","","","https://maps.google.com/?hl=en_US&cid=0x0:0x6a8d7ad0f2438faf",""
"business","Consultant","Ekhuruleni Consulting Services","22 Elston Ave, Kleinfontein 67-Ir, Benoni, 1501","Benoni","Gauteng","","South Africa"," 0114202911","","","","","https://maps.google.com/?hl=en_US&cid=0x0:0x334db8b2e2d585e2",""
"business","Business management consultant","Dedago Unified Business Solutions","17 Struben St, Rynfield, Benoni, 1501","Benoni","Gauteng","","South Africa"," 0101400600","","","","","https://maps.google.com/?hl=en_US&cid=0x0:0xa817062915abb1ee",""
"business","Marketing agency","Register 360","76 Goodman St, Rynfield, Benoni, 1501","Benoni","Gauteng","","South Africa"," 0813052465","info@register360.co.za","http://register360.co.za/","","","https://maps.google.com/?hl=en_US&cid=0x0:0xc1d4acd0d84b513a",""
"business","business","Benoni","","Benoni","Gauteng","","South Africa","","","","","","https://maps.google.com/?hl=en_US&cid=0x0:0x619c7f175429a6e0",""
"business","Cleaning products supplier","BRCT Supply Services (PTY) Ltd","Unit 10, 12 Pittsburg St, Apex, Benoni, 1540","Benoni","Gauteng","","South Africa"," 0825695311","sales@brct.co.za","https://brct.co.za/","","","https://maps.google.com/?hl=en_US&cid=0x0:0x8dc95491074d3383",""
"business","business","N/A","","","Gauteng","","South Africa"," 0647835657","","","","","https://maps.google.com/?hl=en_US&cid=0x0:0x2ae68873e095221c",""
"business","business","N/A","","","Gauteng","","South Africa"," 0824514239","greg.lock@innovativesolutions.co.za","https://innovativesolutions.co.za/","","","https://maps.google.com/?hl=en_US&cid=0x0:0x2bc12cc4bf0a93a7",""
"business","Financial planner","Niche Consulting","47b Boundary Rd, Rynfield, Benoni, 1501","Benoni","Gauteng","","South Africa"," 0119630184","","http://www.azanko.com/","","","https://maps.google.com/?hl=en_US&cid=0x0:0xe6d1765de958d6fe",""
"business","","BLACKTHORN FACILITIES (Pty) Ltd","54 Nel St, Lilyvale, Benoni, 1513","Benoni","Gauteng","","South Africa"," 0843168969","info@blackthornf.co.za","http://blackthornf.co.za/","","","https://maps.google.com/?hl=en_US&cid=0x0:0xe6a35006235ef05b",""
"business","Business management consultant","MTS Consulting Services","12 Bella St, Lakefield, Benoni, 1501","Benoni","Gauteng","","South Africa"," 0823312885","","","","","https://maps.google.com/?hl=en_US&cid=0x0:0x9f75999be6de466e",""
"business","Engineering consultant","Inen-Engineering","CSI Business Park, Factory 3A, 110 Peenz St, Petit, Benoni","Benoni","Gauteng","","South Africa"," 0647569277","logan@inen-engineering.co.za","http://inen-engineering.co.za/","","","https://maps.google.com/?hl=en_US&cid=0x0:0x6dd41656da17bdf6",""
"business","Entertainment agency","GLB","1793 Idada street Kingsway Johannesburg, Benoni, 1501","Benoni","Gauteng","","South Africa"," 0789827190","","https://www.facebook.com/profile.php?id>>u003d61563588483609","","","https://maps.google.com/?hl=en_US&cid=0x0:0xf8f8f9a11308813b",""
"business","","Easy Companies","4th Floor, Office 404, 83 Woburn Ave, Benoni, Johannesburg, 1501","Johannesburg","Gauteng","","South Africa"," 0115681155","","","","","https://maps.google.com/?hl=en_US&cid=0x0:0xe959d413f6d319f9",""
"business","Internet marketing service","HONEYCOMB BEE RATINGS","27 Fourteenth Ave, Northmead, Benoni, 1501","Benoni","Gauteng","","South Africa"," 0118801630","info@honeycomb-bee.co.za","http://www.honeycomb-bee.co.za/","","","https://maps.google.com/?hl=en_US&cid=0x0:0xc9f7cdb9314de62",""
"business","Business management consultant","3-D Business Solutions (Pty) Ltd","72 Wordsworth Rd, Farrarmere, Benoni, 1501","Benoni","Gauteng","","South Africa"," 0118491634","","","","","https://maps.google.com/?hl=en_US&cid=0x0:0x7177d7ce3d97d826",""
"business","business","N/A","","","Gauteng","","South Africa"," 0810993196","heather@webmediacc.co.za","https://smallbusinessnetworking.co.za/","","","https://maps.google.com/?hl=en_US&cid=0x0:0x7615104062ba60b9",""
"business","Business management consultant","Contract Consulting (Pty) Ltd","35, 1501 Edward St, Westdene, Benoni, 1501","Benoni","Gauteng","","South Africa"," 0825100186","","","","","https://maps.google.com/?hl=en_US&cid=0x0:0x6f3b9b4860a27345",""
"business","Computer support and services","KorCom (Pty) Ltd","6 Devon Ave, Western Ext, Benoni, 1503","Benoni","Gauteng","","South Africa"," 0101100545","abc@abc.abc","https://www.korcom.co.za/","","","https://maps.google.com/?hl=en_US&cid=0x0:0x4643be0b3e68d32a",""
"business","Bus stop","Benoni","83 Woburn Ave, Benoni, 1500","Benoni","Gauteng","","South Africa","","","","","","https://maps.google.com/?hl=en_US&cid=0x0:0xf1be64159f8418a3",""
"business","Bookkeeping service","Business Accounting Network - Benoni","92 Simon St, Rynfield, Benoni, 1501","Benoni","Gauteng","","South Africa"," 0861226262","","","","","https://maps.google.com/?hl=en_US&cid=0x0:0xe6b0a3cee4055d43",""
"business","Bookkeeping service","Business Accounting Network - Benoni","1095 Seedat St, Actonville, Benoni, 1501","Benoni","Gauteng","","South Africa"," 0861226226","","","","","https://maps.google.com/?hl=en_US&cid=0x0:0x6a593c276f20e211",""
"business","","Easy Companies","4th Floor, Office 404, 83 Woburn Ave, Benoni, Johannesburg, 1501","Johannesburg","Gauteng","","South Africa"," 0115681155","","","","","https://maps.google.com/?hl=en_US&cid=0x0:0xe959d413f6d319f9",""
"business","Establishment","@164","164 Pretoria Rd, Rynfield, Benoni, 1501","Benoni","Gauteng","","South Africa"," 0726013826","","","","","https://maps.google.com/?hl=en_US&cid=0x0:0xa3c7fbdc1eb6dd4f",""
"business","Civil engineer","Burooj Enterprise Pty Ltd.","57 Moore Ave, Industrial, Benoni, 1501","Benoni","Gauteng","","South Africa"," 0119182654","","","","","https://maps.google.com/?hl=en_US&cid=0x0:0xf29d5587e0635dfa",""
"business","Business center","83 Woburn Avenue Benoni Eastrand Johannesburg","83 woburn avenue, Van Ryn SH, Benoni, 1500","Benoni","Gauteng","","South Africa","","","","","","https://maps.google.com/?hl=en_US&cid=0x0:0x1d3fa6b1aaead825",""
"business","business","N/A","","","Gauteng","","South Africa"," 0105960596","","","","","https://maps.google.com/?hl=en_US&cid=0x0:0x2e380e82ad181d",""
"business","Accountant","Business Manager","318 Tamarisk Rd, Benoni AH, Benoni, 1501","Benoni","Gauteng","","South Africa","","","","","","https://maps.google.com/?hl=en_US&cid=0x0:0x917ab8a58c94973a",""
"business","Legal services","Weiman Legal Consulting","35 Edward St, Westdene, Benoni, 1501","Benoni","Gauteng","","South Africa"," 0825100186","","","","","https://maps.google.com/?hl=en_US&cid=0x0:0x90ddb60c5300bfd7",""
"business","Accounting firm","Sepitsi Business Solutions","30 Fifth Ave, Northmead, Benoni, 1501","Benoni","Gauteng","","South Africa"," 0763790650","","","","","https://maps.google.com/?hl=en_US&cid=0x0:0x9c61e09563a5f637",""
"business","Corporate office","83 on Woburn","83 Woburn Ave, Benoni, 1500","Benoni","Gauteng","","South Africa","","","","","","https://maps.google.com/?hl=en_US&cid=0x0:0xed646a253496069a",""
"business","Business management consultant","PCS Management Consultants","Wyvenhoe Gardens, 4 Sunny Rd, Lakefield, Benoni, 1501","Benoni","Gauteng","","South Africa","","","","","","https://maps.google.com/?hl=en_US&cid=0x0:0xcb11468e45327838",""
"business","business","N/A","","","Gauteng","","South Africa"," 0727410696","myrightkareer@gmail.com","https://myrightkareer.wixsite.com/rightkareer","","","https://maps.google.com/?hl=en_US&cid=0x0:0x2c2a48a5dc310ab3",""
"business","business","N/A","","","Gauteng","","South Africa"," 0117468600","reception@fuisonp.co.za","https://www.fusionrecruitment.co.za/","","","https://maps.google.com/?hl=en_US&cid=0x0:0xdce5bbbe271a1cb1",""
"business","Software company","MP BUSINESS SOLUTIONS","16 Horsfall St, Benoni, 1501","Benoni","Gauteng","","South Africa"," 0731994077","","","","","https://maps.google.com/?hl=en_US&cid=0x0:0x9be75afa968fd196",""
"business","Business management consultant","Vincor Imported Brands - Office","Farrarmere, Benoni, 1501","Benoni","Gauteng","","South Africa"," 0824489713","","","","","https://maps.google.com/?hl=en_US&cid=0x0:0x5ea1968110cd1a76",""
"business","Business management consultant","ATECH","1866 Upudu Street Benoni Kingsway, 1501","Benoni","Gauteng","","South Africa"," 0658152206","","","","","https://maps.google.com/?hl=en_US&cid=0x0:0xed26d09ba37dcd96",""
"business","Business management consultant","RISIMI CONSULTING SERVICES","6 Back St, Morehill, Benoni, 1511","Benoni","Gauteng","","South Africa"," 0106256756","","","","","https://maps.google.com/?hl=en_US&cid=0x0:0x791f711426d8e14a",""
"business","Business park","Business Partners Hive","60 Harpur Ave, Benoni 77-Ir, Benoni, 1500","Benoni","Gauteng","","South Africa"," 0832891748","","","","","https://maps.google.com/?hl=en_US&cid=0x0:0x80e18081904811d",""
"business","Business management consultant","MAXIMUM DEVELOPMENT INSTITUTE (MDI)","BUILDING,SUITE 101, BOSTON COLLEGE, 83 Woburn Ave, Benoni, 1501","Benoni","Gauteng","","South Africa"," 0118973170","info@themdigroup.co.za","http://mdiservices.org/","","","https://maps.google.com/?hl=en_US&cid=0x0:0x252aae76e5d3241c",""
"business","Law firm","SISHI INC","114 Newlands Ave, Benoni, 1501","Benoni","Gauteng","","South Africa"," 0114210504","","","","","https://maps.google.com/?hl=en_US&cid=0x0:0xa2918fd7b8cba41",""
"business","business","N/A","","","Gauteng","","South Africa"," 0120232576","","http://www.specialisedsafety.co.za/","","","https://maps.google.com/?hl=en_US&cid=0x0:0xbfb3ac73c2aa7acf",""
"business","Employment agency","HRS Group","44 Main Rd, Farrarmere, Benoni, 1501","Benoni","Gauteng","","South Africa"," 0118491345","recruitment@hrsgroup.co.za","http://www.hrsgroup.co.za/","","","https://maps.google.com/?hl=en_US&cid=0x0:0x7deb11cd544cfc4e",""
"business","business","1503","Benoni Western, Benoni","Benoni","Gauteng","","South Africa","","","","","","https://maps.google.com/?hl=en_US&cid=0x0:0x312e8579dc17f337",""
"business","Business management consultant","3-D Business Solutions (Pty) Ltd","72 Wordsworth Rd, Farrarmere, Benoni, 1501","Benoni","Gauteng","","South Africa"," 0118491634","","","","","https://maps.google.com/?hl=en_US&cid=0x0:0x7177d7ce3d97d826",""
"business","Business management consultant","ATECH","1866 Upudu Street Benoni Kingsway, 1501","Benoni","Gauteng","","South Africa"," 0658152206","","","","","https://maps.google.com/?hl=en_US&cid=0x0:0xed26d09ba37dcd96",""
"business","Auditor","BVSA Accountants and Financial services Benoni","2 Fairbairn St, Rynfield, Benoni, 1501","Benoni","Gauteng","","South Africa"," 0114770003","info@bvsa.ltd","http://www.bvsa.co.za/","","","https://maps.google.com/?hl=en_US&cid=0x0:0x47d59b4680451286",""
"business","Property management company","BENONI BOARD","89 Elston Ave, Benoni, 1501","Benoni","Gauteng","","South Africa"," 0114210111","","","","","https://maps.google.com/?hl=en_US&cid=0x0:0x760e17cafb48e5d0",""
"business","Software company","MP BUSINESS SOLUTIONS","16 Horsfall St, Benoni, 1501","Benoni","Gauteng","","South Africa"," 0731994077","","","","","https://maps.google.com/?hl=en_US&cid=0x0:0x9be75afa968fd196",""
"business","Accounting firm","Propoint Accounting","9 2nd Rd, Rynfield, Benoni, 1501","Benoni","Gauteng","","South Africa"," 0649411897","","","","","https://maps.google.com/?hl=en_US&cid=0x0:0xe6b1f99b6804fcc7",""
"business","Computer service","Bit Cheaper","117 Newlands Ave, Benoni, 1501","Benoni","Gauteng","","South Africa"," 0861994441","","","","","https://maps.google.com/?hl=en_US&cid=0x0:0xa7c61d84b906015e",""
"business","Accounting firm","Zanzi Accountants and Business Services","16 Korhaan Ave, Mackenzie Park, Benoni, 1501","Benoni","Gauteng","","South Africa"," 0814142408","info@zaabs.co.za","http://zaabs.co.za/","","","https://maps.google.com/?hl=en_US&cid=0x0:0x459da75de4700b0e",""
"business","Business management consultant","Kei Advisory","116 Totius Rd, Crystal Park, Benoni, 1501","Benoni","Gauteng","","South Africa"," 0659115753","","","","","https://maps.google.com/?hl=en_US&cid=0x0:0x9b4426adef958116",""
"business","Bookkeeping service","Business Accounting Network - Benoni","92 Simon St, Rynfield, Benoni, 1501","Benoni","Gauteng","","South Africa"," 0861226262","","","","","https://maps.google.com/?hl=en_US&cid=0x0:0xe6b0a3cee4055d43",""
"business","Accounting firm","Intrigue Consulting","106 Lakefield Ave, Lakefield, Benoni, 1501","Benoni","Gauteng","","South Africa"," 0871492382","info@intrigueconsulting.co.za","http://www.intrigueconsulting.co.za/","","","https://maps.google.com/?hl=en_US&cid=0x0:0x7e02acde8e8f5709",""
"business","Warehouse","Business Park","Liverpool Rd, Benoni, 1500","Benoni","Gauteng","","South Africa","","","","","","https://maps.google.com/?hl=en_US&cid=0x0:0x468e931d050358f7",""
"business","business","N/A","","","Gauteng","","South Africa"," 0727410696","myrightkareer@gmail.com","https://myrightkareer.wixsite.com/rightkareer","","","https://maps.google.com/?hl=en_US&cid=0x0:0x2c2a48a5dc310ab3",""
"business","Accounting firm","Sepitsi Business Solutions","30 Fifth Ave, Northmead, Benoni, 1501","Benoni","Gauteng","","South Africa"," 0763790650","","","","","https://maps.google.com/?hl=en_US&cid=0x0:0x9c61e09563a5f637",""
"business","Establishment","@164","164 Pretoria Rd, Rynfield, Benoni, 1501","Benoni","Gauteng","","South Africa"," 0726013826","","","","","https://maps.google.com/?hl=en_US&cid=0x0:0xa3c7fbdc1eb6dd4f",""
"business","Consultant","Ekhuruleni Consulting Services","22 Elston Ave, Kleinfontein 67-Ir, Benoni, 1501","Benoni","Gauteng","","South Africa"," 0114202911","","","","","https://maps.google.com/?hl=en_US&cid=0x0:0x334db8b2e2d585e2",""
"business","Business management consultant","at reception","Industrial, 82 Apex Rd, East, Benoni, 1540","Benoni","Gauteng","","South Africa"," 0105008611","","","","","https://maps.google.com/?hl=en_US&cid=0x0:0x4d1e2ceb917759b4",""
"business","Business management consultant","Vincor Imported Brands - Office","Farrarmere, Benoni, 1501","Benoni","Gauteng","","South Africa"," 0824489713","","","","","https://maps.google.com/?hl=en_US&cid=0x0:0x5ea1968110cd1a76",""
"business","Shopping mall","Brentwood Business Park","Rd 3, Brentwood Park AH, Benoni","Benoni","Gauteng","","South Africa"," 0861374912","","","","","https://maps.google.com/?hl=en_US&cid=0x0:0x51878e144e207079",""
"business","business","Gauteng","","","Gauteng","","South Africa","","","","","","https://maps.google.com/?hl=en_US&cid=0x0:0x6d9ee7c7cb5438e2",""
"business","Financial planner","Niche Consulting","47b Boundary Rd, Rynfield, Benoni, 1501","Benoni","Gauteng","","South Africa"," 0119630184","","http://www.azanko.com/","","","https://maps.google.com/?hl=en_US&cid=0x0:0xe6d1765de958d6fe",""
"business","Marketing agency","Register 360","76 Goodman St, Rynfield, Benoni, 1501","Benoni","Gauteng","","South Africa"," 0813052465","info@register360.co.za","http://register360.co.za/","","","https://maps.google.com/?hl=en_US&cid=0x0:0xc1d4acd0d84b513a",""
"business","Consultant","Fraudetct (Pty) Ltd","37 Miles Sharp St, Rynfield, Benoni, 1514","Benoni","Gauteng","","South Africa"," 0861000874","info@fraudetect.co.za","http://www.fraudetect.co.za/","","","https://maps.google.com/?hl=en_US&cid=0x0:0xb95e2a0352d0aef4",""
"business","Business management consultant","Dedago Unified Business Solutions","17 Struben St, Rynfield, Benoni, 1501","Benoni","Gauteng","","South Africa"," 0101400600","","","","","https://maps.google.com/?hl=en_US&cid=0x0:0xa817062915abb1ee",""
"business","business","N/A","","","Gauteng","","South Africa"," 0825665007","","https://garylees.myfreesites.net/","","","https://maps.google.com/?hl=en_US&cid=0x0:0xc874c664cbf4e226",""
"business","Training centre","KVR Consulting - Skills Development Facilitation, Employment Equity  Business Support Services","40 Fourteenth Ave, Northmead, Benoni, 1501","Benoni","Gauteng","","South Africa"," 0118493526","maryke@kvrconsulting.co.za","http://www.kvrconsulting.co.za/","","","https://maps.google.com/?hl=en_US&cid=0x0:0xdbc551dae52a6a5c",""
"business","Business management consultant","Volptec Solutions","2 Kerbel St, Northmead, Benoni, 1514","Benoni","Gauteng","","South Africa"," 0110254798","","","","","https://maps.google.com/?hl=en_US&cid=0x0:0xe3afb33c00108c8",""
"business","Business management consultant","Target Management Consultants","120 6th Street, Northmead, Benoni, 1501","Benoni","Gauteng","","South Africa"," 0114252244","","https://targetman.co.za/","","","https://maps.google.com/?hl=en_US&cid=0x0:0xa4d362e17845577d",""
"business","Bookkeeping service","MEGRYAN FINANCIAL SERVICE CC","7 Fourteenth Ave, Northmead, Benoni, 1501","Benoni","Gauteng","","South Africa"," 0114254074","","","","","https://maps.google.com/?hl=en_US&cid=0x0:0x1dd6c62d8b81f14f",""
"business","","Company","No 30,unity no 4,Golden Drive, Morehill Ext 8, Benoni, 1501","Benoni","Gauteng","","South Africa"," 0114251345","","","","","https://maps.google.com/?hl=en_US&cid=0x0:0x22d41a7cda4ce033",""
"business","business","N/A","","","Gauteng","","South Africa"," 0842078264","","https://www.promoafrica.com/hellocorporate","","","https://maps.google.com/?hl=en_US&cid=0x0:0xceaefeee432b3e37",""
"business","Accountant","Mighty Bookkeepers Benoni","19 Cherry Creek, 21 Kirschner Rd, Brentwood Park, Benoni, 1501","Benoni","Gauteng","","South Africa"," 0629897983","info@mightybookkeepers.co.za","https://mightybookkeepers.co.za/?utm_source>>u003dgbp>>u0026utm_medium>>u003dorganic>>u0026utm_campaign>>u003dgbp","","","https://maps.google.com/?hl=en_US&cid=0x0:0x7c7f86b2fb97642",""
"business","Business management consultant","ATECH","1866 Upudu Street Benoni Kingsway, 1501","Benoni","Gauteng","","South Africa"," 0658152206","","","","","https://maps.google.com/?hl=en_US&cid=0x0:0xed26d09ba37dcd96",""
"business","","Taonga Group","Benoni Business Park, 1945, Brentwood, Benoni, 1501","Benoni","Gauteng","","South Africa"," 0822320622","info@taongagroup.co.za","https://www.taongagroup.co.za/","","","https://maps.google.com/?hl=en_US&cid=0x0:0xfb86e951e0948c7a",""
"business","Business management consultant","3-D Business Solutions (Pty) Ltd","72 Wordsworth Rd, Farrarmere, Benoni, 1501","Benoni","Gauteng","","South Africa"," 0118491634","","","","","https://maps.google.com/?hl=en_US&cid=0x0:0x7177d7ce3d97d826",""
"business","Business management consultant","Chain Research (Pty) Ltd.","4 Masefield St, Farrarmere, Benoni, 1501","Benoni","Gauteng","","South Africa"," 0825796149","","","","","https://maps.google.com/?hl=en_US&cid=0x0:0x242e75858f0f344f",""
"business","Accounting firm","D And N Business Services","28 Platinum St, Goedeburg, Benoni, 1501","Benoni","Gauteng","","South Africa"," 0824970677","","","","","https://maps.google.com/?hl=en_US&cid=0x0:0xd2859e5c58dbcf73",""
"business","Business center","83 Woburn Avenue Benoni Eastrand Johannesburg","83 woburn avenue, Van Ryn SH, Benoni, 1500","Benoni","Gauteng","","South Africa","","","","","","https://maps.google.com/?hl=en_US&cid=0x0:0x1d3fa6b1aaead825",""
"business","Business park","Business Partners Hive","60 Harpur Ave, Benoni 77-Ir, Benoni, 1500","Benoni","Gauteng","","South Africa"," 0832891748","","","","","https://maps.google.com/?hl=en_US&cid=0x0:0x80e18081904811d",""
"business","Software company","CO3_Group","Cnr Hurricane and, Martin St, Airfield, Benoni, 1501","Benoni","Gauteng","","South Africa"," 0621063443","","","","","https://maps.google.com/?hl=en_US&cid=0x0:0xd8d5afd9e970fbe8",""
"business","","Moolla's Corporate Services","874 Dajee St, Actonville, Benoni, 1501","Benoni","Gauteng","","South Africa"," 0114226347","","","","","https://maps.google.com/?hl=en_US&cid=0x0:0xd53b2279414fd81b",""
"business","Business management consultant","Vincor Imported Brands - Office","Farrarmere, Benoni, 1501","Benoni","Gauteng","","South Africa"," 0824489713","","","","","https://maps.google.com/?hl=en_US&cid=0x0:0x5ea1968110cd1a76",""
"business","Property management company","BENONI BOARD","89 Elston Ave, Benoni, 1501","Benoni","Gauteng","","South Africa"," 0114210111","","","","","https://maps.google.com/?hl=en_US&cid=0x0:0x760e17cafb48e5d0",""
"business","Corporate office","83 on Woburn","83 Woburn Ave, Benoni, 1500","Benoni","Gauteng","","South Africa","","","","","","https://maps.google.com/?hl=en_US&cid=0x0:0xed646a253496069a",""
"business","Consultant","Fix Your Business","4 Anson Ave, Airfield, Benoni, 1501","Benoni","Gauteng","","South Africa"," 0828863643","","","","","https://maps.google.com/?hl=en_US&cid=0x0:0x1c7ffb4c8a91f276",""
"business","","Easy Companies","4th Floor, Office 404, 83 Woburn Ave, Benoni, Johannesburg, 1501","Johannesburg","Gauteng","","South Africa"," 0115681155","","","","","https://maps.google.com/?hl=en_US&cid=0x0:0xe959d413f6d319f9",""
"business","Accountant","Business Manager","318 Tamarisk Rd, Benoni AH, Benoni, 1501","Benoni","Gauteng","","South Africa","","","","","","https://maps.google.com/?hl=en_US&cid=0x0:0x917ab8a58c94973a",""
"business","business","1505","Benoni","Benoni","Gauteng","","South Africa","","","","","","https://maps.google.com/?hl=en_US&cid=0x0:0xd5b479b69ba2e67a",""
"business","Business park","Apex Business Park","24 Auckland Street, Apex, Benoni, 1540","Benoni","Gauteng","","South Africa"," 0820808021","","","","","https://maps.google.com/?hl=en_US&cid=0x0:0xefd8e72e6bc3afa1",""
"business","business","N/A","","","Gauteng","","South Africa"," 0824514239","greg.lock@innovativesolutions.co.za","https://innovativesolutions.co.za/","","","https://maps.google.com/?hl=en_US&cid=0x0:0x2bc12cc4bf0a93a7",""
"business","business","N/A","","","Gauteng","","South Africa","","","","","","https://maps.google.com/?hl=en_US&cid=0x0:0xe3c9462dd90b1c5c",""
"business","Accounting firm","Tannev Konsultante BK","41 Felicia St, Northvilla, Benoni, 1501","Benoni","Gauteng","","South Africa"," 0114253191","","","","","https://maps.google.com/?hl=en_US&cid=0x0:0xdfcd5149d4cd9a5d",""
"business","business","N/A","","","Gauteng","","South Africa"," 0727410696","myrightkareer@gmail.com","https://myrightkareer.wixsite.com/rightkareer","","","https://maps.google.com/?hl=en_US&cid=0x0:0x2c2a48a5dc310ab3",""
"business","General practice attorney","Leoni Naude Inc","65 8th Ave, Northmead, Benoni, 1501","Benoni","Gauteng","","South Africa"," 0101405775","","","","","https://maps.google.com/?hl=en_US&cid=0x0:0xedfccc431f875c95",""
"business","Software company","MP BUSINESS SOLUTIONS","16 Horsfall St, Benoni, 1501","Benoni","Gauteng","","South Africa"," 0731994077","","","","","https://maps.google.com/?hl=en_US&cid=0x0:0x9be75afa968fd196",""
"business","Business park","Business Partners Hive","60 Harpur Ave, Benoni 77-Ir, Benoni, 1500","Benoni","Gauteng","","South Africa"," 0832891748","","","","","https://maps.google.com/?hl=en_US&cid=0x0:0x80e18081904811d",""
"business","Business park","Wydan Business Park","Rd 5, Brentwood Park AH, Benoni","Benoni","Gauteng","","South Africa"," 0824578646","","","","","https://maps.google.com/?hl=en_US&cid=0x0:0x60101c83f46c26ba",""
"business","Business management consultant","ATECH","1866 Upudu Street Benoni Kingsway, 1501","Benoni","Gauteng","","South Africa"," 0658152206","","","","","https://maps.google.com/?hl=en_US&cid=0x0:0xed26d09ba37dcd96",""
"business","Accounting firm","Zanzi Accountants and Business Services","16 Korhaan Ave, Mackenzie Park, Benoni, 1501","Benoni","Gauteng","","South Africa"," 0814142408","info@zaabs.co.za","http://zaabs.co.za/","","","https://maps.google.com/?hl=en_US&cid=0x0:0x459da75de4700b0e",""
"business","Auditor","BVSA Accountants and Financial services Benoni","2 Fairbairn St, Rynfield, Benoni, 1501","Benoni","Gauteng","","South Africa"," 0114770003","info@bvsa.ltd","http://www.bvsa.co.za/","","","https://maps.google.com/?hl=en_US&cid=0x0:0x47d59b4680451286",""
"business","Insurance agency","Pascali Business Consultants","9 Gannet Ave, Mackenzie Park, Benoni, 1501","Benoni","Gauteng","","South Africa"," 0114212664","","","","","https://maps.google.com/?hl=en_US&cid=0x0:0xfb38e5a784692562",""
"business","Bookkeeping service","Business Accounting Network - Benoni","92 Simon St, Rynfield, Benoni, 1501","Benoni","Gauteng","","South Africa"," 0861226262","","","","","https://maps.google.com/?hl=en_US&cid=0x0:0xe6b0a3cee4055d43",""
"business","Property management company","BENONI BOARD","89 Elston Ave, Benoni, 1501","Benoni","Gauteng","","South Africa"," 0114210111","","","","","https://maps.google.com/?hl=en_US&cid=0x0:0x760e17cafb48e5d0",""
"business","Insurance agency","Genero Brokers","34 Silver St, Goedeburg, Benoni, 1501","Benoni","Gauteng","","South Africa"," 0721344177","","http://genero.co.za/","","","https://maps.google.com/?hl=en_US&cid=0x0:0x77cda7158c59c4c3",""
"business","Accounting firm","Sepitsi Business Solutions","30 Fifth Ave, Northmead, Benoni, 1501","Benoni","Gauteng","","South Africa"," 0763790650","","","","","https://maps.google.com/?hl=en_US&cid=0x0:0x9c61e09563a5f637",""
"business","Establishment","@164","164 Pretoria Rd, Rynfield, Benoni, 1501","Benoni","Gauteng","","South Africa"," 0726013826","","","","","https://maps.google.com/?hl=en_US&cid=0x0:0xa3c7fbdc1eb6dd4f",""
"business","Accountant","Business Manager","318 Tamarisk Rd, Benoni AH, Benoni, 1501","Benoni","Gauteng","","South Africa","","","","","","https://maps.google.com/?hl=en_US&cid=0x0:0x917ab8a58c94973a",""
"business","Software company","FPM Business Solutions","83 Woburn Ave, Benoni, 1500","Benoni","Gauteng","","South Africa"," 0118457026","","","","","https://maps.google.com/?hl=en_US&cid=0x0:0x602ff8dc80a08b48",""
"business","","Easy Companies","4th Floor, Office 404, 83 Woburn Ave, Benoni, Johannesburg, 1501","Johannesburg","Gauteng","","South Africa"," 0115681155","","","","","https://maps.google.com/?hl=en_US&cid=0x0:0xe959d413f6d319f9",""
"business","Consultant","Fix Your Business","4 Anson Ave, Airfield, Benoni, 1501","Benoni","Gauteng","","South Africa"," 0828863643","","","","","https://maps.google.com/?hl=en_US&cid=0x0:0x1c7ffb4c8a91f276",""
"business","Financial planner","NLF Business Solutions","150 President Steyn Rd, Rynfield, Benoni, 1514","Benoni","Gauteng","","South Africa"," 0740324955","","","","","https://maps.google.com/?hl=en_US&cid=0x0:0xc15fbffefdc19fda",""
"business","Business management consultant","Vincor Imported Brands - Office","Farrarmere, Benoni, 1501","Benoni","Gauteng","","South Africa"," 0824489713","","","","","https://maps.google.com/?hl=en_US&cid=0x0:0x5ea1968110cd1a76",""
"business","Accounting firm","Propoint Accounting","9 2nd Rd, Rynfield, Benoni, 1501","Benoni","Gauteng","","South Africa"," 0649411897","","","","","https://maps.google.com/?hl=en_US&cid=0x0:0xe6b1f99b6804fcc7",""
"business","business","Gauteng","","","Gauteng","","South Africa","","","","","","https://maps.google.com/?hl=en_US&cid=0x0:0x6d9ee7c7cb5438e2",""
"business","business","N/A","","","Gauteng","","South Africa"," 0647835657","","","","","https://maps.google.com/?hl=en_US&cid=0x0:0x2ae68873e095221c",""
"business","business","N/A","","","Gauteng","","South Africa"," 0825665007","","https://garylees.myfreesites.net/","","","https://maps.google.com/?hl=en_US&cid=0x0:0xc874c664cbf4e226",""
"business","Business management consultant","3-D Business Solutions (Pty) Ltd","72 Wordsworth Rd, Farrarmere, Benoni, 1501","Benoni","Gauteng","","South Africa"," 0118491634","","","","","https://maps.google.com/?hl=en_US&cid=0x0:0x7177d7ce3d97d826",""
"business","business","N/A","","","Gauteng","","South Africa","","","","","","https://maps.google.com/?hl=en_US&cid=0x0:0xa6406660cefd79f3",""
"business","Business management consultant","Brentwood Employment Relations Specialists","212 Pretoria Rd, Rynfield, Benoni, 1501","Benoni","Gauteng","","South Africa"," 0119672237","admin@brentwood.co.za","http://www.brentwood.co.za/","","","https://maps.google.com/?hl=en_US&cid=0x0:0x27169fa5ce018c2e",""
"business","Business management consultant","Dedago Unified Business Solutions","17 Struben St, Rynfield, Benoni, 1501","Benoni","Gauteng","","South Africa"," 0101400600","","","","","https://maps.google.com/?hl=en_US&cid=0x0:0xa817062915abb1ee",""
"business","business","N/A","","","Gauteng","","South Africa"," 0827793086","","","","","https://maps.google.com/?hl=en_US&cid=0x0:0x85e92d127bb1659c",""
"business","Marketing agency","Register 360","76 Goodman St, Rynfield, Benoni, 1501","Benoni","Gauteng","","South Africa"," 0813052465","info@register360.co.za","http://register360.co.za/","","","https://maps.google.com/?hl=en_US&cid=0x0:0xc1d4acd0d84b513a",""
"business","Recruiter","Pereko Labour Consulting Services","58 Longmore Dr, Crystal Park, Benoni, 1501","Benoni","Gauteng","","South Africa"," 0119694332","","","","","https://maps.google.com/?hl=en_US&cid=0x0:0xf10daaa066b04013",""
"business","Building restoration service","Trading Company","22937 Sizamile St, Etwatwa, Benoni, 1519","Sizamile St","Gauteng","22937","South Africa"," 0682739691","","","","","https://maps.google.com/?hl=en_US&cid=0x0:0xa95eb7b2bfdee510",""
"business","","Company","No 30,unity no 4,Golden Drive, Morehill Ext 8, Benoni, 1501","Benoni","Gauteng","","South Africa"," 0114251345","","","","","https://maps.google.com/?hl=en_US&cid=0x0:0x22d41a7cda4ce033",""
"business","Business management consultant","ATECH","1866 Upudu Street Benoni Kingsway, 1501","Benoni","Gauteng","","South Africa"," 0658152206","","","","","https://maps.google.com/?hl=en_US&cid=0x0:0xed26d09ba37dcd96",""
"business","Software company","MP BUSINESS SOLUTIONS","16 Horsfall St, Benoni, 1501","Benoni","Gauteng","","South Africa"," 0731994077","","","","","https://maps.google.com/?hl=en_US&cid=0x0:0x9be75afa968fd196",""
"business","Business management consultant","3-D Business Solutions (Pty) Ltd","72 Wordsworth Rd, Farrarmere, Benoni, 1501","Benoni","Gauteng","","South Africa"," 0118491634","","","","","https://maps.google.com/?hl=en_US&cid=0x0:0x7177d7ce3d97d826",""
"business","Auditor","BVSA Accountants and Financial services Benoni","2 Fairbairn St, Rynfield, Benoni, 1501","Benoni","Gauteng","","South Africa"," 0114770003","info@bvsa.ltd","http://www.bvsa.co.za/","","","https://maps.google.com/?hl=en_US&cid=0x0:0x47d59b4680451286",""
"business","Business park","Industrial Area - Benoni South","Benoni South, Benoni, 1501","Benoni","Gauteng","","South Africa","","","","","","https://maps.google.com/?hl=en_US&cid=0x0:0xa483d415c136b187",""
"business","Business park","Wydan Business Park","Rd 5, Brentwood Park AH, Benoni","Benoni","Gauteng","","South Africa"," 0824578646","","","","","https://maps.google.com/?hl=en_US&cid=0x0:0x60101c83f46c26ba",""
"business","business","N/A","","","Gauteng","","South Africa"," 0827659238","","","","","https://maps.google.com/?hl=en_US&cid=0x0:0xc0c5aa84aa921a63",""
"business","Warehouse","Fair-Que Business Park","19 Goud St, Goedeburg, Benoni, 1501","Benoni","Gauteng","","South Africa"," 0828722476","","","","","https://maps.google.com/?hl=en_US&cid=0x0:0x53b434e63c0b8b4b",""
"business","Property management company","BENONI BOARD","89 Elston Ave, Benoni, 1501","Benoni","Gauteng","","South Africa"," 0114210111","","","","","https://maps.google.com/?hl=en_US&cid=0x0:0x760e17cafb48e5d0",""
"business","Business management consultant","Kei Advisory","116 Totius Rd, Crystal Park, Benoni, 1501","Benoni","Gauteng","","South Africa"," 0659115753","","","","","https://maps.google.com/?hl=en_US&cid=0x0:0x9b4426adef958116",""
"business","business","N/A","","","Gauteng","","South Africa"," 0736761456","","","","","https://maps.google.com/?hl=en_US&cid=0x0:0x2d331d7d7f48b75f",""
"business","Business management consultant","Chain Research (Pty) Ltd.","4 Masefield St, Farrarmere, Benoni, 1501","Benoni","Gauteng","","South Africa"," 0825796149","","","","","https://maps.google.com/?hl=en_US&cid=0x0:0x242e75858f0f344f",""
"business","Alcoholic beverage wholesaler","Africa Liquor Distribution","184 Pretoria Rd, Rynfield, Benoni, 1501","Benoni","Gauteng","","South Africa","","info@africaliquordistribution.co.za","http://africaliquor.co.za/","","","https://maps.google.com/?hl=en_US&cid=0x0:0x10eae148c0676b86",""
"business","Warehouse","Business Park","Liverpool Rd, Benoni, 1500","Benoni","Gauteng","","South Africa","","","","","","https://maps.google.com/?hl=en_US&cid=0x0:0x468e931d050358f7",""
"business","Bookkeeping service","Business Accounting Network - Benoni","92 Simon St, Rynfield, Benoni, 1501","Benoni","Gauteng","","South Africa"," 0861226262","","","","","https://maps.google.com/?hl=en_US&cid=0x0:0xe6b0a3cee4055d43",""
"business","Business park","Business Partners Hive","60 Harpur Ave, Benoni 77-Ir, Benoni, 1500","Benoni","Gauteng","","South Africa"," 0832891748","","","","","https://maps.google.com/?hl=en_US&cid=0x0:0x80e18081904811d",""
"business","Business management consultant","Vincor Imported Brands - Office","Farrarmere, Benoni, 1501","Benoni","Gauteng","","South Africa"," 0824489713","","","","","https://maps.google.com/?hl=en_US&cid=0x0:0x5ea1968110cd1a76",""
"business","business","1507","Daveyton, Benoni","Benoni","Gauteng","","South Africa","","","","","","https://maps.google.com/?hl=en_US&cid=0x0:0xaaefe5bd6a7acc8e",""
"business","Accounting firm","Zanzi Accountants and Business Services","16 Korhaan Ave, Mackenzie Park, Benoni, 1501","Benoni","Gauteng","","South Africa"," 0814142408","info@zaabs.co.za","http://zaabs.co.za/","","","https://maps.google.com/?hl=en_US&cid=0x0:0x459da75de4700b0e",""
"business","Consultant","Fix Your Business","4 Anson Ave, Airfield, Benoni, 1501","Benoni","Gauteng","","South Africa"," 0828863643","","","","","https://maps.google.com/?hl=en_US&cid=0x0:0x1c7ffb4c8a91f276",""
"business","Business to business service","Exclusive Business Traders","171 Gum Rd, Benoni AH, Benoni, 1501","Benoni","Gauteng","","South Africa","","","","","","https://maps.google.com/?hl=en_US&cid=0x0:0x420c01f6899960b5",""
"business","Commercial printer","Ivyline Group","3 Lakeside Pl, Kleinfontein, Benoni, 1500","Benoni","Gauteng","","South Africa"," 0114224210","","http://www.ivyline.co.za/","","","https://maps.google.com/?hl=en_US&cid=0x0:0xa12a728a52bb7c3d",""
"business","Manufacturer","Benoni Transmission products","25 Russel St, Benoni South, Benoni, 1502","Benoni","Gauteng","","South Africa"," 0110242644","","","","","https://maps.google.com/?hl=en_US&cid=0x0:0xffecc50b6dd783c6",""
"business","Business management consultant","Contract Consulting (Pty) Ltd","35, 1501 Edward St, Westdene, Benoni, 1501","Benoni","Gauteng","","South Africa"," 0825100186","","","","","https://maps.google.com/?hl=en_US&cid=0x0:0x6f3b9b4860a27345",""
"business","Establishment","@164","164 Pretoria Rd, Rynfield, Benoni, 1501","Benoni","Gauteng","","South Africa"," 0726013826","","","","","https://maps.google.com/?hl=en_US&cid=0x0:0xa3c7fbdc1eb6dd4f",""
"business","Business park","Liverpool Business Park","3 Liverpool Rd, Benoni South, Benoni, 1500","Benoni","Gauteng","","South Africa","","","","","","https://maps.google.com/?hl=en_US&cid=0x0:0xae0b1e0309b8e5b",""
"business","","Easy Companies","4th Floor, Office 404, 83 Woburn Ave, Benoni, Johannesburg, 1501","Johannesburg","Gauteng","","South Africa"," 0115681155","","","","","https://maps.google.com/?hl=en_US&cid=0x0:0xe959d413f6d319f9",""
"business","Business management consultant","3-D Business Solutions (Pty) Ltd","72 Wordsworth Rd, Farrarmere, Benoni, 1501","Benoni","Gauteng","","South Africa"," 0118491634","","","","","https://maps.google.com/?hl=en_US&cid=0x0:0x7177d7ce3d97d826",""
"business","Business management consultant","ATECH","1866 Upudu Street Benoni Kingsway, 1501","Benoni","Gauteng","","South Africa"," 0658152206","","","","","https://maps.google.com/?hl=en_US&cid=0x0:0xed26d09ba37dcd96",""
"business","Business park","Wydan Business Park","Rd 5, Brentwood Park AH, Benoni","Benoni","Gauteng","","South Africa"," 0824578646","","","","","https://maps.google.com/?hl=en_US&cid=0x0:0x60101c83f46c26ba",""
"business","","Data Combat","3240 Masetloa St, Wattville, Benoni, 1501","Benoni","Gauteng","","South Africa"," 0762229430","","","","","https://maps.google.com/?hl=en_US&cid=0x0:0x257bac74e4b85c7a",""
"business","Corporate office","83 on Woburn","83 Woburn Ave, Benoni, 1500","Benoni","Gauteng","","South Africa","","","","","","https://maps.google.com/?hl=en_US&cid=0x0:0xed646a253496069a",""
"business","Property management company","BENONI BOARD","89 Elston Ave, Benoni, 1501","Benoni","Gauteng","","South Africa"," 0114210111","","","","","https://maps.google.com/?hl=en_US&cid=0x0:0x760e17cafb48e5d0",""
"business","Establishment","@164","164 Pretoria Rd, Rynfield, Benoni, 1501","Benoni","Gauteng","","South Africa"," 0726013826","","","","","https://maps.google.com/?hl=en_US&cid=0x0:0xa3c7fbdc1eb6dd4f",""
"business","Business center","83 Woburn Avenue Benoni Eastrand Johannesburg","83 woburn avenue, Van Ryn SH, Benoni, 1500","Benoni","Gauteng","","South Africa","","","","","","https://maps.google.com/?hl=en_US&cid=0x0:0x1d3fa6b1aaead825",""
"business","Business management consultant","Intercall Business Group","28043 Zomba Avenue, Daveyton, Daveyton, Johannesburg, Benoni, 1520","Zomba Avenue","Gauteng","28043","South Africa"," 0871488100","","","","","https://maps.google.com/?hl=en_US&cid=0x0:0x81e2ed4dfab85f51",""
"business","","Easy Companies","4th Floor, Office 404, 83 Woburn Ave, Benoni, Johannesburg, 1501","Johannesburg","Gauteng","","South Africa"," 0115681155","","","","","https://maps.google.com/?hl=en_US&cid=0x0:0xe959d413f6d319f9",""
"business","Software company","MP BUSINESS SOLUTIONS","16 Horsfall St, Benoni, 1501","Benoni","Gauteng","","South Africa"," 0731994077","","","","","https://maps.google.com/?hl=en_US&cid=0x0:0x9be75afa968fd196",""
"business","Business park","Business Partners Hive","60 Harpur Ave, Benoni 77-Ir, Benoni, 1500","Benoni","Gauteng","","South Africa"," 0832891748","","","","","https://maps.google.com/?hl=en_US&cid=0x0:0x80e18081904811d",""
"business","Employment agency","V  A Personnel","Benoni South, Benoni, 1501","Benoni","Gauteng","","South Africa"," 0116094115","recruitment@vnapersonnel.co.za","https://www.vnapersonnel.co.za/","","","https://maps.google.com/?hl=en_US&cid=0x0:0xe041e699d4303437",""
"business","Computer support and services","Decer Computers","83 6th Street, Northmead, Benoni, 1501","Benoni","Gauteng","","South Africa"," 0114250245","info@decer.co.za","https://www.decer.co.za/","","","https://maps.google.com/?hl=en_US&cid=0x0:0x27a896da6cd15afc",""
"business","Accounting firm","Sepitsi Business Solutions","30 Fifth Ave, Northmead, Benoni, 1501","Benoni","Gauteng","","South Africa"," 0763790650","","","","","https://maps.google.com/?hl=en_US&cid=0x0:0x9c61e09563a5f637",""
"business","","The Accredited Installation Company TAIC","Shop 5, 7 Landau St, Morehill, Benoni, 1501","Benoni","Gauteng","","South Africa"," 0832280372","","","","","https://maps.google.com/?hl=en_US&cid=0x0:0x86f5a76ee6e0264",""
"business","Bookkeeping service","Business Accounting Network - Benoni","1095 Seedat St, Actonville, Benoni, 1501","Benoni","Gauteng","","South Africa"," 0861226226","","","","","https://maps.google.com/?hl=en_US&cid=0x0:0x6a593c276f20e211",""
"business","Employment agency","Benoni JOINTS company","54 Elston Ave, Benoni, 1501","Benoni","Gauteng","","South Africa"," 0112339566","","","","","https://maps.google.com/?hl=en_US&cid=0x0:0x36a0d30903bb4e67",""
"business","Consultant","Fix Your Business","4 Anson Ave, Airfield, Benoni, 1501","Benoni","Gauteng","","South Africa"," 0828863643","","","","","https://maps.google.com/?hl=en_US&cid=0x0:0x1c7ffb4c8a91f276",""
"business","business","N/A","","","Gauteng","","South Africa"," 0824514239","greg.lock@innovativesolutions.co.za","https://innovativesolutions.co.za/","","","https://maps.google.com/?hl=en_US&cid=0x0:0x2bc12cc4bf0a93a7",""
"business","business","N/A","","","Gauteng","","South Africa"," 0645514512","","","","","https://maps.google.com/?hl=en_US&cid=0x0:0xe8ab1e0a62b82f32",""
"business","business","N/A","","","Gauteng","","South Africa"," 0842078264","","https://www.promoafrica.com/hellocorporate","","","https://maps.google.com/?hl=en_US&cid=0x0:0xceaefeee432b3e37",""
"business","business","N/A","","","Gauteng","","South Africa"," 0647835657","","","","","https://maps.google.com/?hl=en_US&cid=0x0:0x2ae68873e095221c",""
"business","business","N/A","","","Gauteng","","South Africa"," 0825665007","","https://garylees.myfreesites.net/","","","https://maps.google.com/?hl=en_US&cid=0x0:0xc874c664cbf4e226",""
"business","business","N/A","","","Gauteng","","South Africa"," 0786129487","","","","","https://maps.google.com/?hl=en_US&cid=0x0:0x4c9e5d9dd6327c72",""
"business","business","N/A","","","Gauteng","","South Africa","","","","","","https://maps.google.com/?hl=en_US&cid=0x0:0x16d383cadc8566db",""
"business","business","N/A","","","Gauteng","","South Africa"," 0109800799","","","","","https://maps.google.com/?hl=en_US&cid=0x0:0x988d76f5e8045b5e",""
"business","business","N/A","","","Gauteng","","South Africa"," 0828947269","","","","","https://maps.google.com/?hl=en_US&cid=0x0:0x1ee2e46194d28846",""
"business","business","N/A","","","Gauteng","","South Africa"," 0114250096","info@madeleinhendricks.co.za","https://www.hrcompanysolutions.co.za/","","","https://maps.google.com/?hl=en_US&cid=0x0:0x726b679c888c173e",""
"business","Business park","Wydan Business Park","Rd 5, Brentwood Park AH, Benoni","Benoni","Gauteng","","South Africa"," 0824578646","","","","","https://maps.google.com/?hl=en_US&cid=0x0:0x60101c83f46c26ba",""
"business","Financial planner","Niche Consulting","47b Boundary Rd, Rynfield, Benoni, 1501","Benoni","Gauteng","","South Africa"," 0119630184","","http://www.azanko.com/","","","https://maps.google.com/?hl=en_US&cid=0x0:0xe6d1765de958d6fe",""
"business","Apartment complex","68 On High","66 High Rd, Norton's Home Estates, Benoni, 1514","Benoni","Gauteng","","South Africa"," 0633625026","cherise@ssimarketing.co.za","http://www.onhigh.co.za/","","","https://maps.google.com/?hl=en_US&cid=0x0:0x3e255c003e54244d",""
"business","Housing complex","Shand","28 Calvinia Rd, Benoni North AH, Benoni, 1509","Benoni","Gauteng","","South Africa","","","","","","https://maps.google.com/?hl=en_US&cid=0x0:0x7b05ed662eb863d6",""
"business","Townhouse complex","67 on High.","Koffiefontein Rd, Norton home estate, Benoni, 1501","Benoni","Gauteng","","South Africa","","","","","","https://maps.google.com/?hl=en_US&cid=0x0:0x31ef7f35a906aed0",""
"business","Apartment complex","69 On High","66 High Rd, Norton's Home Estate, Benoni, 1501","Benoni","Gauteng","","South Africa"," 0717204344","cherise@ssimarketing.co.za","http://www.onhigh.co.za/","","","https://maps.google.com/?hl=en_US&cid=0x0:0x1ef7101a3b214b18",""
"business","Accountant","Business Manager","318 Tamarisk Rd, Benoni AH, Benoni, 1501","Benoni","Gauteng","","South Africa","","","","","","https://maps.google.com/?hl=en_US&cid=0x0:0x917ab8a58c94973a",""
"business","Apartment complex","66 On High","4 Koffiefontein Rd, Norton's Home Estate, Benoni, 1501","Benoni","Gauteng","","South Africa"," 0717204344","","","","","https://maps.google.com/?hl=en_US&cid=0x0:0x2e7e3646191a7296",""
"business","Real estate consultant","Benoni","Van Ryn SH, Benoni","Benoni","Gauteng","","South Africa","","","","","","https://maps.google.com/?hl=en_US&cid=0x0:0x89fe50fa184ee2ec",""
"business","General contractor","Guest On Homes","4 Dobson St, Rynfield, Benoni, 1500","Benoni","Gauteng","","South Africa"," 0837753238","","https://guestonhomes.co.za/","","","https://maps.google.com/?hl=en_US&cid=0x0:0xbeed6d7607224f54",""
"business","Property management company","BENONI BOARD","89 Elston Ave, Benoni, 1501","Benoni","Gauteng","","South Africa"," 0114210111","","","","","https://maps.google.com/?hl=en_US&cid=0x0:0x760e17cafb48e5d0",""
"business","","Easy Companies","4th Floor, Office 404, 83 Woburn Ave, Benoni, Johannesburg, 1501","Johannesburg","Gauteng","","South Africa"," 0115681155","","","","","https://maps.google.com/?hl=en_US&cid=0x0:0xe959d413f6d319f9",""
"business","Bus stop","Benoni","83 Woburn Ave, Benoni, 1500","Benoni","Gauteng","","South Africa","","","","","","https://maps.google.com/?hl=en_US&cid=0x0:0xf1be64159f8418a3",""
"business","Real estate rental agency","benoni properties","84 Bedford Ave, Benoni, 1500","Benoni","Gauteng","","South Africa"," 0114213440","Emailinfo@benoniproperties.co.za","http://www.benoniproperties.co.za/","","","https://maps.google.com/?hl=en_US&cid=0x0:0x1624aa501c0bed84",""
"business","Business park","Business Partners Hive","60 Harpur Ave, Benoni 77-Ir, Benoni, 1500","Benoni","Gauteng","","South Africa"," 0832891748","","","","","https://maps.google.com/?hl=en_US&cid=0x0:0x80e18081904811d",""
"business","Real estate agency","Property.CoZa Benoni / Boksburg","97 Main Rd, Farrarmere, Benoni, 1501","Benoni","Gauteng","","South Africa"," 0104429415","","http://www.propertycoza.com/","","","https://maps.google.com/?hl=en_US&cid=0x0:0xeb6c9356a6feb451",""
"business","Real estate agency","Chas Everitt Benoni","192 Pretoria Rd, Rynfield, Benoni, 1501","Benoni","Gauteng","","South Africa"," 0114250502","info@chaseveritt.co.za","https://www.chaseveritt.co.za/results/residential/for-sale/benoni","","","https://maps.google.com/?hl=en_US&cid=0x0:0x69d0f66f8261e966",""
"business","Condominium complex","Jome","191 Uys St, Rynfield AH, Benoni, 1514","Benoni","Gauteng","","South Africa","","","","","","https://maps.google.com/?hl=en_US&cid=0x0:0x8887130232c7fa7c",""
"business","3-star hotel","Norton Ext 16, 25 and 26","75-80 Kirschner Rd, nbsp, Benoni, 1509","Benoni","Gauteng","","South Africa","","","","","","https://maps.google.com/?hl=en_US&cid=0x0:0x8011bb935dde232c",""
"business","business","1509","Benoni","Benoni","Gauteng","","South Africa","","","","","","https://maps.google.com/?hl=en_US&cid=0x0:0xfcfd7eaee839ad04",""
"business","Business center","83 Woburn Avenue Benoni Eastrand Johannesburg","83 woburn avenue, Van Ryn SH, Benoni, 1500","Benoni","Gauteng","","South Africa","","","","","","https://maps.google.com/?hl=en_US&cid=0x0:0x1d3fa6b1aaead825",""
"business","Condominium complex","Stanton Creek","1509, 13 Kirschner Rd, Benoni North AH, Benoni, 1509","Benoni","Gauteng","","South Africa","","","","","","https://maps.google.com/?hl=en_US&cid=0x0:0xfebc47c7b21831a0",""
"business","Corporate office","83 on Woburn","83 Woburn Ave, Benoni, 1500","Benoni","Gauteng","","South Africa","","","","","","https://maps.google.com/?hl=en_US&cid=0x0:0xed646a253496069a",""
"business","Real estate agency","Commerci Properties","132 O'Reilly Merry St, Northmead, Benoni, 1509","Benoni","Gauteng","","South Africa"," 0832735574","admin@commerci.co.za","http://www.commerci.co.za/","","","https://maps.google.com/?hl=en_US&cid=0x0:0x747cbdaea5750b04",""
"business","Real estate agency","CalBus Properties","86 Pretoria Rd, Rynfield, Benoni, 1514","Benoni","Gauteng","","South Africa"," 0118942135","admin@calbusproperties.co.za","http://www.calbusproperties.co.za/","","","https://maps.google.com/?hl=en_US&cid=0x0:0xaebdfea8570c996c",""
"business","Real estate agency","Rawson Benoni East","Cnr Norman Street Gauteng, 1501","Benoni","Gauteng","","South Africa"," 0115684942","","https://www.rawson.co.za/offices/benoni-east","","","https://maps.google.com/?hl=en_US&cid=0x0:0x13caf7b60b0ba200",""
"business","Real estate agency","Ebotse Estate Agents CC","131 Sarel Cilliers St, Ebotse Golf  Country Estate, Benoni, 1514","Benoni","Gauteng","","South Africa"," 0860700007","","http://www.ebotse.com/","","","https://maps.google.com/?hl=en_US&cid=0x0:0x310c6b4f89f0586a",""
"business","Business management consultant","Mteye Human Development  Projects (MteyeDev)","374 Schoeman St, Pretoria Central, Pretoria, 0002","Pretoria","Gauteng","","South Africa"," 0123223179","","","","","https://maps.google.com/?hl=en_US&cid=0x0:0x495553568e660aab",""
"business","Condominium complex","Nimbati Estate","99 4th Rd, Benoni, 1501","Benoni","Gauteng","","South Africa","","","","","","https://maps.google.com/?hl=en_US&cid=0x0:0x40377b17dce33da1",""
"business","Business management consultant","ATECH","1866 Upudu Street Benoni Kingsway, 1501","Benoni","Gauteng","","South Africa"," 0658152206","","","","","https://maps.google.com/?hl=en_US&cid=0x0:0xed26d09ba37dcd96",""
"business","Business park","Wydan Business Park","Rd 5, Brentwood Park AH, Benoni","Benoni","Gauteng","","South Africa"," 0824578646","","","","","https://maps.google.com/?hl=en_US&cid=0x0:0x60101c83f46c26ba",""
"business","Solar energy company","CSI Group","Corner , Pretoria Rd, Petit, Benoni, 1501","Benoni","Gauteng","","South Africa"," 0100030127","","","","","https://maps.google.com/?hl=en_US&cid=0x0:0xd2f8554ce2107eba",""
"business","Business management consultant","3-D Business Solutions (Pty) Ltd","72 Wordsworth Rd, Farrarmere, Benoni, 1501","Benoni","Gauteng","","South Africa"," 0118491634","","","","","https://maps.google.com/?hl=en_US&cid=0x0:0x7177d7ce3d97d826",""
"business","Accountant","Account n Tax Business Academy","274 Barbet Rd, Rynfield, Benoni, 1501","Benoni","Gauteng","","South Africa"," 0114253904","","","","","https://maps.google.com/?hl=en_US&cid=0x0:0x9946b2f71c6281",""
"business","Business management consultant","Dedago Unified Business Solutions","17 Struben St, Rynfield, Benoni, 1501","Benoni","Gauteng","","South Africa"," 0101400600","","","","","https://maps.google.com/?hl=en_US&cid=0x0:0xa817062915abb1ee",""
"business","Auditor","BVSA Accountants and Financial services Benoni","2 Fairbairn St, Rynfield, Benoni, 1501","Benoni","Gauteng","","South Africa"," 0114770003","info@bvsa.ltd","http://www.bvsa.co.za/","","","https://maps.google.com/?hl=en_US&cid=0x0:0x47d59b4680451286",""
"business","Warehouse","Business Park","Liverpool Rd, Benoni, 1500","Benoni","Gauteng","","South Africa","","","","","","https://maps.google.com/?hl=en_US&cid=0x0:0x468e931d050358f7",""
"business","Business management consultant","Volptec Solutions","2 Kerbel St, Northmead, Benoni, 1514","Benoni","Gauteng","","South Africa"," 0110254798","","","","","https://maps.google.com/?hl=en_US&cid=0x0:0xe3afb33c00108c8",""
"business","Computer support and services","Decer Computers","83 6th Street, Northmead, Benoni, 1501","Benoni","Gauteng","","South Africa"," 0114250245","info@decer.co.za","https://www.decer.co.za/","","","https://maps.google.com/?hl=en_US&cid=0x0:0x27a896da6cd15afc",""
"business","Marketing agency","Register 360","76 Goodman St, Rynfield, Benoni, 1501","Benoni","Gauteng","","South Africa"," 0813052465","info@register360.co.za","http://register360.co.za/","","","https://maps.google.com/?hl=en_US&cid=0x0:0xc1d4acd0d84b513a",""
"business","Business management consultant","Target Management Consultants","120 6th Street, Northmead, Benoni, 1501","Benoni","Gauteng","","South Africa"," 0114252244","","https://targetman.co.za/","","","https://maps.google.com/?hl=en_US&cid=0x0:0xa4d362e17845577d",""
"business","Accounting firm","Zanzi Accountants and Business Services","16 Korhaan Ave, Mackenzie Park, Benoni, 1501","Benoni","Gauteng","","South Africa"," 0814142408","info@zaabs.co.za","http://zaabs.co.za/","","","https://maps.google.com/?hl=en_US&cid=0x0:0x459da75de4700b0e",""
"business","Business management consultant","Brentwood Employment Relations Specialists","212 Pretoria Rd, Rynfield, Benoni, 1501","Benoni","Gauteng","","South Africa"," 0119672237","admin@brentwood.co.za","http://www.brentwood.co.za/","","","https://maps.google.com/?hl=en_US&cid=0x0:0x27169fa5ce018c2e",""
"business","Bookkeeping service","Business Accounting Network - Benoni","92 Simon St, Rynfield, Benoni, 1501","Benoni","Gauteng","","South Africa"," 0861226262","","","","","https://maps.google.com/?hl=en_US&cid=0x0:0xe6b0a3cee4055d43",""
"business","Property management company","BENONI BOARD","89 Elston Ave, Benoni, 1501","Benoni","Gauteng","","South Africa"," 0114210111","","","","","https://maps.google.com/?hl=en_US&cid=0x0:0x760e17cafb48e5d0",""
"business","Consultant","Fraudetct (Pty) Ltd","37 Miles Sharp St, Rynfield, Benoni, 1514","Benoni","Gauteng","","South Africa"," 0861000874","info@fraudetect.co.za","http://www.fraudetect.co.za/","","","https://maps.google.com/?hl=en_US&cid=0x0:0xb95e2a0352d0aef4",""
"business","Engineering consultant","CIRCUIT WATER ENGINEERING EQUIPMENT (PTY) LTD","23 North Rd, Cloverdene, Benoni, 1513","Benoni","Gauteng","","South Africa"," 0118131083","","","","","https://maps.google.com/?hl=en_US&cid=0x0:0x6a90975efc2d692a",""
"business","business","Benoni","","Benoni","Gauteng","","South Africa","","","","","","https://maps.google.com/?hl=en_US&cid=0x0:0x619c7f175429a6e0",""
"business","Business management consultant","Intercall Business Group","28043 Zomba Avenue, Daveyton, Daveyton, Johannesburg, Benoni, 1520","Zomba Avenue","Gauteng","28043","South Africa"," 0871488100","","","","","https://maps.google.com/?hl=en_US&cid=0x0:0x81e2ed4dfab85f51",""
"business","Software company","MP BUSINESS SOLUTIONS","16 Horsfall St, Benoni, 1501","Benoni","Gauteng","","South Africa"," 0731994077","","","","","https://maps.google.com/?hl=en_US&cid=0x0:0x9be75afa968fd196",""
"business","Engineer","UL Engineering","207 Aloe Rd, Putfontein Rd, Benoni, 1515","Benoni","Gauteng","","South Africa"," 0119689815","ulrich@ulengineering.co.za","https://ulengineering.co.za/","","","https://maps.google.com/?hl=en_US&cid=0x0:0xb7a71415af834135",""
"business","business","N/A","","","Gauteng","","South Africa","","","","","","https://maps.google.com/?hl=en_US&cid=0x0:0xa6406660cefd79f3",""
"business","business","N/A","","","Gauteng","","South Africa"," 0825665007","","https://garylees.myfreesites.net/","","","https://maps.google.com/?hl=en_US&cid=0x0:0xc874c664cbf4e226",""
"business","Business management consultant","Kei Advisory","116 Totius Rd, Crystal Park, Benoni, 1501","Benoni","Gauteng","","South Africa"," 0659115753","","","","","https://maps.google.com/?hl=en_US&cid=0x0:0x9b4426adef958116",""
"business","Business management consultant","Chain Research (Pty) Ltd.","4 Masefield St, Farrarmere, Benoni, 1501","Benoni","Gauteng","","South Africa"," 0825796149","","","","","https://maps.google.com/?hl=en_US&cid=0x0:0x242e75858f0f344f",""
"business","Business management consultant","Vincor Imported Brands - Office","Farrarmere, Benoni, 1501","Benoni","Gauteng","","South Africa"," 0824489713","","","","","https://maps.google.com/?hl=en_US&cid=0x0:0x5ea1968110cd1a76",""
"business","Business management consultant","Contract Consulting (Pty) Ltd","35, 1501 Edward St, Westdene, Benoni, 1501","Benoni","Gauteng","","South Africa"," 0825100186","","","","","https://maps.google.com/?hl=en_US&cid=0x0:0x6f3b9b4860a27345",""
"business","Establishment","@164","164 Pretoria Rd, Rynfield, Benoni, 1501","Benoni","Gauteng","","South Africa"," 0726013826","","","","","https://maps.google.com/?hl=en_US&cid=0x0:0xa3c7fbdc1eb6dd4f",""
"business","","Easy Companies","4th Floor, Office 404, 83 Woburn Ave, Benoni, Johannesburg, 1501","Johannesburg","Gauteng","","South Africa"," 0115681155","","","","","https://maps.google.com/?hl=en_US&cid=0x0:0xe959d413f6d319f9",""
"business","Business management consultant","Vincor Imported Brands - Office","Farrarmere, Benoni, 1501","Benoni","Gauteng","","South Africa"," 0824489713","","","","","https://maps.google.com/?hl=en_US&cid=0x0:0x5ea1968110cd1a76",""
"business","Consultant","Fix Your Business","4 Anson Ave, Airfield, Benoni, 1501","Benoni","Gauteng","","South Africa"," 0828863643","","","","","https://maps.google.com/?hl=en_US&cid=0x0:0x1c7ffb4c8a91f276",""
"business","Business management consultant","Chain Research (Pty) Ltd.","4 Masefield St, Farrarmere, Benoni, 1501","Benoni","Gauteng","","South Africa"," 0825796149","","","","","https://maps.google.com/?hl=en_US&cid=0x0:0x242e75858f0f344f",""
"business","Business management consultant","UNIQUE BRANDS MEDIA AND BUSINESS CONSULTANTS","97 Pretoria Rd, Rynfield, Benoni, 1514","Benoni","Gauteng","","South Africa"," 0719499495","","","","","https://maps.google.com/?hl=en_US&cid=0x0:0xed9e6b2e9861f452",""
"business","Business management consultant","ATECH","1866 Upudu Street Benoni Kingsway, 1501","Benoni","Gauteng","","South Africa"," 0658152206","","","","","https://maps.google.com/?hl=en_US&cid=0x0:0xed26d09ba37dcd96",""
"business","Business management consultant","3-D Business Solutions (Pty) Ltd","72 Wordsworth Rd, Farrarmere, Benoni, 1501","Benoni","Gauteng","","South Africa"," 0118491634","","","","","https://maps.google.com/?hl=en_US&cid=0x0:0x7177d7ce3d97d826",""
"business","Bookkeeping service","Business Accounting Network - Benoni","92 Simon St, Rynfield, Benoni, 1501","Benoni","Gauteng","","South Africa"," 0861226262","","","","","https://maps.google.com/?hl=en_US&cid=0x0:0xe6b0a3cee4055d43",""
"business","Business management consultant","Contract Consulting (Pty) Ltd","35, 1501 Edward St, Westdene, Benoni, 1501","Benoni","Gauteng","","South Africa"," 0825100186","","","","","https://maps.google.com/?hl=en_US&cid=0x0:0x6f3b9b4860a27345",""
"business","Business management consultant","Shesha Management Services (Pty) Ltd","162 President Brand Rd, Rynfield, Benoni, 1514","Benoni","Gauteng","","South Africa"," 0815273922","","","","","https://maps.google.com/?hl=en_US&cid=0x0:0x3552e2936e9158e",""
"business","Business management consultant","at reception","Industrial, 82 Apex Rd, East, Benoni, 1540","Benoni","Gauteng","","South Africa"," 0105008611","","","","","https://maps.google.com/?hl=en_US&cid=0x0:0x4d1e2ceb917759b4",""
"business","Business management consultant","Dedago Unified Business Solutions","17 Struben St, Rynfield, Benoni, 1501","Benoni","Gauteng","","South Africa"," 0101400600","","","","","https://maps.google.com/?hl=en_US&cid=0x0:0xa817062915abb1ee",""
"business","Business management consultant","InSync Premium","4 Howie St, Rynfield, Benoni, 1514","Benoni","Gauteng","","South Africa"," 0836280830","","","","","https://maps.google.com/?hl=en_US&cid=0x0:0xf794373df90c7473",""
"business","Business management consultant","Casey-Industries (Pty) LTD.","Unit 26, Eagles Hill, 13 Lesar Rd, Fairleads, Benoni, 1512","Benoni","Gauteng","","South Africa"," 0635349552","","","","","https://maps.google.com/?hl=en_US&cid=0x0:0xd885c5790c708bb5",""
"business","Financial planner","Billion Rand","111 Pretoria Rd, Rynfield, Benoni, 1501","Benoni","Gauteng","","South Africa","","","","","","https://maps.google.com/?hl=en_US&cid=0x0:0xbc756f48db51c28e",""
"business","Software company","Exec Genie ~ Executive Virtual Assistants","88 Simon St, Rynfield, Benoni, 1514","Benoni","Gauteng","","South Africa"," 0846155827","","","","","https://maps.google.com/?hl=en_US&cid=0x0:0x767f272b6791befc",""
"business","Accountant","Business Manager","318 Tamarisk Rd, Benoni AH, Benoni, 1501","Benoni","Gauteng","","South Africa","","","","","","https://maps.google.com/?hl=en_US&cid=0x0:0x917ab8a58c94973a",""
"business","Business management consultant","Kei Advisory","116 Totius Rd, Crystal Park, Benoni, 1501","Benoni","Gauteng","","South Africa"," 0659115753","","","","","https://maps.google.com/?hl=en_US&cid=0x0:0x9b4426adef958116",""
"business","business","Benoni","","Benoni","Gauteng","","South Africa","","","","","","https://maps.google.com/?hl=en_US&cid=0x0:0x619c7f175429a6e0",""
"business","Business park","Wydan Business Park","Rd 5, Brentwood Park AH, Benoni","Benoni","Gauteng","","South Africa"," 0824578646","","","","","https://maps.google.com/?hl=en_US&cid=0x0:0x60101c83f46c26ba",""
"business","Software company","MP BUSINESS SOLUTIONS","16 Horsfall St, Benoni, 1501","Benoni","Gauteng","","South Africa"," 0731994077","","","","","https://maps.google.com/?hl=en_US&cid=0x0:0x9be75afa968fd196",""
"business","Business park","Business Partners Hive","60 Harpur Ave, Benoni 77-Ir, Benoni, 1500","Benoni","Gauteng","","South Africa"," 0832891748","","","","","https://maps.google.com/?hl=en_US&cid=0x0:0x80e18081904811d",""
"business","Warehouse","Business Park","Liverpool Rd, Benoni, 1500","Benoni","Gauteng","","South Africa","","","","","","https://maps.google.com/?hl=en_US&cid=0x0:0x468e931d050358f7",""
"business","Business management consultant","MTS Consulting Services","12 Bella St, Lakefield, Benoni, 1501","Benoni","Gauteng","","South Africa"," 0823312885","","","","","https://maps.google.com/?hl=en_US&cid=0x0:0x9f75999be6de466e",""
"business","Financial planner","Niche Consulting","47b Boundary Rd, Rynfield, Benoni, 1501","Benoni","Gauteng","","South Africa"," 0119630184","","http://www.azanko.com/","","","https://maps.google.com/?hl=en_US&cid=0x0:0xe6d1765de958d6fe",""
"business","business","N/A","","","Gauteng","","South Africa","","","","","","https://maps.google.com/?hl=en_US&cid=0x0:0xa6406660cefd79f3",""
"business","Entertainment agency","GLB","1793 Idada street Kingsway Johannesburg, Benoni, 1501","Benoni","Gauteng","","South Africa"," 0789827190","","https://www.facebook.com/profile.php?id>>u003d61563588483609","","","https://maps.google.com/?hl=en_US&cid=0x0:0xf8f8f9a11308813b",""
"business","Property management company","BENONI BOARD","89 Elston Ave, Benoni, 1501","Benoni","Gauteng","","South Africa"," 0114210111","","","","","https://maps.google.com/?hl=en_US&cid=0x0:0x760e17cafb48e5d0",""
"business","Marketing agency","Register 360","76 Goodman St, Rynfield, Benoni, 1501","Benoni","Gauteng","","South Africa"," 0813052465","info@register360.co.za","http://register360.co.za/","","","https://maps.google.com/?hl=en_US&cid=0x0:0xc1d4acd0d84b513a",""
"business","Business center","83 Woburn Avenue Benoni Eastrand Johannesburg","83 woburn avenue, Van Ryn SH, Benoni, 1500","Benoni","Gauteng","","South Africa","","","","","","https://maps.google.com/?hl=en_US&cid=0x0:0x1d3fa6b1aaead825",""
"business","","BLACKTHORN FACILITIES (Pty) Ltd","54 Nel St, Lilyvale, Benoni, 1513","Benoni","Gauteng","","South Africa"," 0843168969","info@blackthornf.co.za","http://blackthornf.co.za/","","","https://maps.google.com/?hl=en_US&cid=0x0:0xe6a35006235ef05b",""
"business","Property management company","BENONI BOARD","89 Elston Ave, Benoni, 1501","Benoni","Gauteng","","South Africa"," 0114210111","","","","","https://maps.google.com/?hl=en_US&cid=0x0:0x760e17cafb48e5d0",""
"business","Manufacturer","Benoni Transmission products","25 Russel St, Benoni South, Benoni, 1502","Benoni","Gauteng","","South Africa"," 0110242644","","","","","https://maps.google.com/?hl=en_US&cid=0x0:0xffecc50b6dd783c6",""
"business","Business to business service","Sir Charles Consulting (SCC Group)","6400 Didi St, Daveyton, Benoni, 1520","Benoni","Gauteng","","South Africa","","","","","","https://maps.google.com/?hl=en_US&cid=0x0:0x2c0c6cbe958a3fcb",""
"business","Carpenter","Bluemotion Carpenter's","Ext 7, 6257 Mayfield, Benoni, 1520","Benoni","Gauteng","","South Africa"," 0828441745","","","","","https://maps.google.com/?hl=en_US&cid=0x0:0xd348cd6d2a40a911",""
"business","Marketing agency","PERISCOPE MARKETING","floor 5, floor5 83, 83 Woburn Ave, Benoni, 1500","Benoni","Gauteng","","South Africa"," 0680568210","PeriscopeMarketing@outlook.com","http://www.periscopeonestep.co.za/","","","https://maps.google.com/?hl=en_US&cid=0x0:0xbd4db7823739e1d0",""
"business","Bus stop","Benoni","83 Woburn Ave, Benoni, 1500","Benoni","Gauteng","","South Africa","","","","","","https://maps.google.com/?hl=en_US&cid=0x0:0xf1be64159f8418a3",""
"business","business","N/A","","","Gauteng","","South Africa"," 0727410696","myrightkareer@gmail.com","https://myrightkareer.wixsite.com/rightkareer","","","https://maps.google.com/?hl=en_US&cid=0x0:0x2c2a48a5dc310ab3",""
"business","Promotional products supplier","Great Minds Promotions","83 Woburn Ave, Benoni, 1500","Benoni","Gauteng","","South Africa"," 0114200894","","","","","https://maps.google.com/?hl=en_US&cid=0x0:0xf5249d8d70c54be2",""
"business","Corporate office","83 on Woburn","83 Woburn Ave, Benoni, 1500","Benoni","Gauteng","","South Africa","","","","","","https://maps.google.com/?hl=en_US&cid=0x0:0xed646a253496069a",""
"business","Newspaper publisher","Benoni Media","57 Pretoria Rd, Benoni, 1501","Benoni","Gauteng","","South Africa"," 0826574234","","","","","https://maps.google.com/?hl=en_US&cid=0x0:0x88cab1fbd773eacd",""
"business","Recruiter","CMC Global","97 Bedford Ave, Benoni, 1500","Benoni","Gauteng","","South Africa"," 0114202313","","","","","https://maps.google.com/?hl=en_US&cid=0x0:0x19df7769756dfd65",""
"business","Industrial equipment supplier","Enclosure","Rd 3, Brentwood Park AH, Benoni","Benoni","Gauteng","","South Africa","","","","","","https://maps.google.com/?hl=en_US&cid=0x0:0x8189e22226c39d53",""
"business","business","N/A","","","Gauteng","","South Africa"," 0117468600","reception@fuisonp.co.za","https://www.fusionrecruitment.co.za/","","","https://maps.google.com/?hl=en_US&cid=0x0:0xdce5bbbe271a1cb1",""
"business","Market","Benoni Market","Benoni Rd  Estate Rd, Jatniel, Benoni, 1509","Benoni","Gauteng","","South Africa"," 0613556676","","http://www.eastrandcraftersmarket.co.za/","","","https://maps.google.com/?hl=en_US&cid=0x0:0xb6db52d8fe81466d",""
"business","Bus stop","1501 Benoni","Benoni, 1500","Benoni","Gauteng","","South Africa","","","","","","https://maps.google.com/?hl=en_US&cid=0x0:0x5f0b691ff0e2f218",""
"business","Manufacturer","NEW GEN PACKAGING","14B Pittsburg St, Apex, Benoni, 1501","Benoni","Gauteng","","South Africa"," 0117493232","","","","","https://maps.google.com/?hl=en_US&cid=0x0:0xe33d7ad209fea554",""
"business","business","1513","Benoni","Benoni","Gauteng","","South Africa","","","","","","https://maps.google.com/?hl=en_US&cid=0x0:0x8e8a5f70f1b6f312",""
"business","Second hand store","Planet pawn brokers benoni","180 Pretoria Rd, Rynfield, Benoni, 1501","Benoni","Gauteng","","South Africa","","","","","","https://maps.google.com/?hl=en_US&cid=0x0:0xba025dbca9ca2955",""
"business","Business park","Industrial Area - Apex","Apex, Benoni, 1540","Benoni","Gauteng","","South Africa","","","","","","https://maps.google.com/?hl=en_US&cid=0x0:0x93969872fe01491b",""
"business","Car dealer","GWM Benoni","Cnr Mowbray Avenue, Tom Jones St, Benoni, Johannesburg, 1501","Johannesburg","Gauteng","","South Africa"," 0108236272","","https://www.havalbenoni.co.za/?utm_source>>u003dGoogle>>u0026utm_medium>>u003dGMB","","","https://maps.google.com/?hl=en_US&cid=0x0:0xbb05ecd2d6cb2fdb",""
"business","Housing complex","Daveyton Glen (Alliance Ext.10)","20 Citrus Swallowtail street Daveyton Glen Alliance EXT 10, Modderfontein 76-Ir, Benoni, 1501","Benoni","Gauteng","","South Africa"," 0726645228","goose@citydev.co.za","http://www.citydev.co.za/","","","https://maps.google.com/?hl=en_US&cid=0x0:0xe21d3f0c531f4fa7",""
"business","Battery store","VENSEQ AUTOMOTIVE SERVICES","23 Elston Ave, Benoni, 1501","Benoni","Gauteng","","South Africa"," 0118451265","","http://www.venseq.co.za/","","","https://maps.google.com/?hl=en_US&cid=0x0:0x8a528951ac1e5c8b",""
"business","Auto parts store","American Battery Company - Benoni","506 Pretoria Rd, Rynfield, Benoni, 1512","Benoni","Gauteng","","South Africa"," 0847597905","sales@americanbatterybenoni.co.za","https://www.americanbatterybenoni.co.za/","","","https://maps.google.com/?hl=en_US&cid=0x0:0xbc19343dae3bb139",""
"business","Public relations firm","mmprince","Sho No 3 Shercourt Building 334 Thabo Sehume , Nana Sita St, Pretoria, 0002","Pretoria","Gauteng","","South Africa"," 0632933075","orders@mmprince.co.za","http://www.mmprince.co.za/","","","https://maps.google.com/?hl=en_US&cid=0x0:0xcd9d8a335b7ac4f4",""
"business","Auto parts store","Formula-K (Pty) LTD","7 Golden Dr, Morehill, Benoni, 1501","Benoni","Gauteng","","South Africa"," 0739172405","","http://www.formula-k.co.za/","","","https://maps.google.com/?hl=en_US&cid=0x0:0x3642673b1d89fb65",""
"business","Business management consultant","Claricent Consulting Services Pty Ltd","337 Visagie St, Pretoria Central, Pretoria, 0001","Pretoria","Gauteng","","South Africa"," 0871520938","info@claricent-consulting.co.za","http://www.claricent-consulting.co.za/","","","https://maps.google.com/?hl=en_US&cid=0x0:0xe4d00c7e0d82a55",""
"business","Business management consultant","Volptec Solutions","2 Kerbel St, Northmead, Benoni, 1514","Benoni","Gauteng","","South Africa"," 0110254798","","","","","https://maps.google.com/?hl=en_US&cid=0x0:0xe3afb33c00108c8",""
"business","Business management consultant","ATECH","1866 Upudu Street Benoni Kingsway, 1501","Benoni","Gauteng","","South Africa"," 0658152206","","","","","https://maps.google.com/?hl=en_US&cid=0x0:0xed26d09ba37dcd96",""
"business","Bookkeeping service","MEGRYAN FINANCIAL SERVICE CC","7 Fourteenth Ave, Northmead, Benoni, 1501","Benoni","Gauteng","","South Africa"," 0114254074","","","","","https://maps.google.com/?hl=en_US&cid=0x0:0x1dd6c62d8b81f14f",""
"business","business","N/A","","","Gauteng","","South Africa"," 0825665007","","https://garylees.myfreesites.net/","","","https://maps.google.com/?hl=en_US&cid=0x0:0xc874c664cbf4e226",""
"business","Consultant","Fraudetct (Pty) Ltd","37 Miles Sharp St, Rynfield, Benoni, 1514","Benoni","Gauteng","","South Africa"," 0861000874","info@fraudetect.co.za","http://www.fraudetect.co.za/","","","https://maps.google.com/?hl=en_US&cid=0x0:0xb95e2a0352d0aef4",""
"business","Financial planner","Niche Consulting","47b Boundary Rd, Rynfield, Benoni, 1501","Benoni","Gauteng","","South Africa"," 0119630184","","http://www.azanko.com/","","","https://maps.google.com/?hl=en_US&cid=0x0:0xe6d1765de958d6fe",""
"business","","Company","No 30,unity no 4,Golden Drive, Morehill Ext 8, Benoni, 1501","Benoni","Gauteng","","South Africa"," 0114251345","","","","","https://maps.google.com/?hl=en_US&cid=0x0:0x22d41a7cda4ce033",""
"business","Business management consultant","Dedago Unified Business Solutions","17 Struben St, Rynfield, Benoni, 1501","Benoni","Gauteng","","South Africa"," 0101400600","","","","","https://maps.google.com/?hl=en_US&cid=0x0:0xa817062915abb1ee",""
"business","business","N/A","","","Gauteng","","South Africa","","","","","","https://maps.google.com/?hl=en_US&cid=0x0:0xa6406660cefd79f3",""
"business","Business management consultant","Shesha Management Services (Pty) Ltd","162 President Brand Rd, Rynfield, Benoni, 1514","Benoni","Gauteng","","South Africa"," 0815273922","","","","","https://maps.google.com/?hl=en_US&cid=0x0:0x3552e2936e9158e",""
"business","Business management consultant","Kei Advisory","116 Totius Rd, Crystal Park, Benoni, 1501","Benoni","Gauteng","","South Africa"," 0659115753","","","","","https://maps.google.com/?hl=en_US&cid=0x0:0x9b4426adef958116",""
"business","Marketing agency","Register 360","76 Goodman St, Rynfield, Benoni, 1501","Benoni","Gauteng","","South Africa"," 0813052465","info@register360.co.za","http://register360.co.za/","","","https://maps.google.com/?hl=en_US&cid=0x0:0xc1d4acd0d84b513a",""
"business","Accountant","Account n Tax Business Academy","274 Barbet Rd, Rynfield, Benoni, 1501","Benoni","Gauteng","","South Africa"," 0114253904","","","","","https://maps.google.com/?hl=en_US&cid=0x0:0x9946b2f71c6281",""
"business","Law firm","Dhooge Law Inc","130 B President Pretorius Rd, Rynfield AH, Benoni, 1501","Benoni","Gauteng","","South Africa"," 0114251497","info@dhoogelaw.co.za","http://www.dhoogelaw.co.za/","","","https://maps.google.com/?hl=en_US&cid=0x0:0xffb35d6f082d6e0d",""
"business","Business management consultant","Orora Consulting","229 Hull Rd, Rynfield, Benoni, 1501","Benoni","Gauteng","","South Africa"," 0615155455","","","","","https://maps.google.com/?hl=en_US&cid=0x0:0x5cc0da5eec9640e7",""
"business","business","Billson Inc.","30 O'Reilly Merry St, Northmead, Benoni, 1501","Benoni","Gauteng","","South Africa"," 0784112220","","","","","https://maps.google.com/?hl=en_US&cid=0x0:0x75a3dcf65beadd3b",""
"business","","QuickTrusts","17 9th Ave, Northmead, Benoni, 1501","Benoni","Gauteng","","South Africa"," 0114252800","help@quicktrusts.co.za","http://quicktrusts.co.za/","","","https://maps.google.com/?hl=en_US&cid=0x0:0x1f73c13f91082e14",""
"business","business","1514","Benoni","Benoni","Gauteng","","South Africa","","","","","","https://maps.google.com/?hl=en_US&cid=0x0:0xd6c9394024f2a173",""
"business","Business management consultant","Brentwood Employment Relations Specialists","212 Pretoria Rd, Rynfield, Benoni, 1501","Benoni","Gauteng","","South Africa"," 0119672237","admin@brentwood.co.za","http://www.brentwood.co.za/","","","https://maps.google.com/?hl=en_US&cid=0x0:0x27169fa5ce018c2e",""
"business","Business management consultant","Rock Lilly Training","Block B, 2, Davidson Office Park, 2 Davidson St, Rynfield, Benoni, 1514","Benoni","Gauteng","","South Africa"," 0100232486","info@rocklilly.co.za","http://rocklilly.co.za/","","","https://maps.google.com/?hl=en_US&cid=0x0:0x49846908e3db30f9",""
"business","business","N/A","","","Gauteng","","South Africa"," 0744570826","","","","","https://maps.google.com/?hl=en_US&cid=0x0:0x69f94f4d76ea4458",""
"business","business","N/A","","","Gauteng","","South Africa"," 0828947269","","","","","https://maps.google.com/?hl=en_US&cid=0x0:0x1ee2e46194d28846",""
"business","Accounting firm","Accounting, Bookkeeping, Tax, Deceased Estate and Business Services.","55 4th St, Northmead, Benoni, 1501","Benoni","Gauteng","","South Africa"," 0734494669","","","","","https://maps.google.com/?hl=en_US&cid=0x0:0x748bd193be47eaed",""
"business","Business management consultant","3-D Business Solutions (Pty) Ltd","72 Wordsworth Rd, Farrarmere, Benoni, 1501","Benoni","Gauteng","","South Africa"," 0118491634","","","","","https://maps.google.com/?hl=en_US&cid=0x0:0x7177d7ce3d97d826",""
"business","Warehouse","Business Park","Liverpool Rd, Benoni, 1500","Benoni","Gauteng","","South Africa","","","","","","https://maps.google.com/?hl=en_US&cid=0x0:0x468e931d050358f7",""
"business","Business park","Wydan Business Park","Rd 5, Brentwood Park AH, Benoni","Benoni","Gauteng","","South Africa"," 0824578646","","","","","https://maps.google.com/?hl=en_US&cid=0x0:0x60101c83f46c26ba",""
"business","Warehouse","Fair-Que Business Park","19 Goud St, Goedeburg, Benoni, 1501","Benoni","Gauteng","","South Africa"," 0828722476","","","","","https://maps.google.com/?hl=en_US&cid=0x0:0x53b434e63c0b8b4b",""
"business","Business park","Business Partners Hive","60 Harpur Ave, Benoni 77-Ir, Benoni, 1500","Benoni","Gauteng","","South Africa"," 0832891748","","","","","https://maps.google.com/?hl=en_US&cid=0x0:0x80e18081904811d",""
"business","Training centre","Deep Learning Academy","Suite Kamogelo Building, 37 Lakefield Ave, Benoni, 1501","Benoni","Gauteng","","South Africa"," 0115682221","","https://dpla.co.za/","","","https://maps.google.com/?hl=en_US&cid=0x0:0xbc5d5189dfb38a75",""
"business","Business management consultant","ATECH","1866 Upudu Street Benoni Kingsway, 1501","Benoni","Gauteng","","South Africa"," 0658152206","","","","","https://maps.google.com/?hl=en_US&cid=0x0:0xed26d09ba37dcd96",""
"business","Business management consultant","Kei Advisory","116 Totius Rd, Crystal Park, Benoni, 1501","Benoni","Gauteng","","South Africa"," 0659115753","","","","","https://maps.google.com/?hl=en_US&cid=0x0:0x9b4426adef958116",""
"business","Business management consultant","Intercall Business Group","28043 Zomba Avenue, Daveyton, Daveyton, Johannesburg, Benoni, 1520","Zomba Avenue","Gauteng","28043","South Africa"," 0871488100","","","","","https://maps.google.com/?hl=en_US&cid=0x0:0x81e2ed4dfab85f51",""
"business","Bookkeeping service","Business Accounting Network - Benoni","92 Simon St, Rynfield, Benoni, 1501","Benoni","Gauteng","","South Africa"," 0861226262","","","","","https://maps.google.com/?hl=en_US&cid=0x0:0xe6b0a3cee4055d43",""
"business","Computer support and services","Decer Computers","83 6th Street, Northmead, Benoni, 1501","Benoni","Gauteng","","South Africa"," 0114250245","info@decer.co.za","https://www.decer.co.za/","","","https://maps.google.com/?hl=en_US&cid=0x0:0x27a896da6cd15afc",""
"business","Marketing consultant","Lionheart Marketing (Pty) Ltd","60 Elston Ave, Benoni, 1500","Benoni","Gauteng","","South Africa"," 0118457898","","","","","https://maps.google.com/?hl=en_US&cid=0x0:0xf3bc903a884202db",""
"business","Architecture firm","Macx  Marx Projects (Pty) Ltd","19 Austral Rd, Crystal Park, Benoni, 1515","Benoni","Gauteng","","South Africa"," 0119692681","","","","","https://maps.google.com/?hl=en_US&cid=0x0:0x8288cb99e3f4bab1",""
"business","Recruiter","Pereko Labour Consulting Services","58 Longmore Dr, Crystal Park, Benoni, 1501","Benoni","Gauteng","","South Africa"," 0119694332","","","","","https://maps.google.com/?hl=en_US&cid=0x0:0xf10daaa066b04013",""
"business","Business center","RedLine Business Center","14 Tom Jones St, Benoni, 1500","Benoni","Gauteng","","South Africa"," 0634421994","","","","","https://maps.google.com/?hl=en_US&cid=0x0:0xfec473c8a03c3ec7",""
"business","business","N/A","","","Gauteng","","South Africa"," 0635018606","","","","","https://maps.google.com/?hl=en_US&cid=0x0:0x82b45a40e8282cbe",""
"business","Property management company","BENONI BOARD","89 Elston Ave, Benoni, 1501","Benoni","Gauteng","","South Africa"," 0114210111","","","","","https://maps.google.com/?hl=en_US&cid=0x0:0x760e17cafb48e5d0",""
"business","Auditor","BVSA Accountants and Financial services Benoni","2 Fairbairn St, Rynfield, Benoni, 1501","Benoni","Gauteng","","South Africa"," 0114770003","info@bvsa.ltd","http://www.bvsa.co.za/","","","https://maps.google.com/?hl=en_US&cid=0x0:0x47d59b4680451286",""
"business","Business park","Business Partners Hive","60 Harpur Ave, Benoni 77-Ir, Benoni, 1500","Benoni","Gauteng","","South Africa"," 0832891748","","","","","https://maps.google.com/?hl=en_US&cid=0x0:0x80e18081904811d",""
"business","Business park","Wydan Business Park","Rd 5, Brentwood Park AH, Benoni","Benoni","Gauteng","","South Africa"," 0824578646","","","","","https://maps.google.com/?hl=en_US&cid=0x0:0x60101c83f46c26ba",""
"business","business","N/A","","","Gauteng","","South Africa"," 0810993196","heather@webmediacc.co.za","https://smallbusinessnetworking.co.za/","","","https://maps.google.com/?hl=en_US&cid=0x0:0x7615104062ba60b9",""
"business","Accounting firm","Adilisa Business Consultancy","91 Woburn Ave, Crenbourne Centre, Benoni, 1501","Benoni","Gauteng","","South Africa"," 0614731522","","","","","https://maps.google.com/?hl=en_US&cid=0x0:0x100bea8165295ae3",""
"business","Business center","83 Woburn Avenue Benoni Eastrand Johannesburg","83 woburn avenue, Van Ryn SH, Benoni, 1500","Benoni","Gauteng","","South Africa","","","","","","https://maps.google.com/?hl=en_US&cid=0x0:0x1d3fa6b1aaead825",""
"business","Software company","MP BUSINESS SOLUTIONS","16 Horsfall St, Benoni, 1501","Benoni","Gauteng","","South Africa"," 0731994077","","","","","https://maps.google.com/?hl=en_US&cid=0x0:0x9be75afa968fd196",""
"business","business","1515","Crystal Park, Benoni","Benoni","Gauteng","","South Africa","","","","","","https://maps.google.com/?hl=en_US&cid=0x0:0x973d4f18923f4b3f",""
"business","Business management consultant","Chain Research (Pty) Ltd.","4 Masefield St, Farrarmere, Benoni, 1501","Benoni","Gauteng","","South Africa"," 0825796149","","","","","https://maps.google.com/?hl=en_US&cid=0x0:0x242e75858f0f344f",""
"business","Construction company","KGOBISA PROJECTS","12 Raven St, Crystal Park, Benoni, 1501","Benoni","Gauteng","","South Africa"," 0870579491","","http://www.kgobisa.com/","","","https://maps.google.com/?hl=en_US&cid=0x0:0x7aa7685024c10231",""
"business","Warehouse","Business Park","Liverpool Rd, Benoni, 1500","Benoni","Gauteng","","South Africa","","","","","","https://maps.google.com/?hl=en_US&cid=0x0:0x468e931d050358f7",""
"business","business","N/A","","","Gauteng","","South Africa"," 0647835657","","","","","https://maps.google.com/?hl=en_US&cid=0x0:0x2ae68873e095221c",""
"business","business","N/A","","","Gauteng","","South Africa"," 0744570826","","","","","https://maps.google.com/?hl=en_US&cid=0x0:0x69f94f4d76ea4458",""
"business","business","N/A","","","Gauteng","","South Africa"," 0824514239","greg.lock@innovativesolutions.co.za","https://innovativesolutions.co.za/","","","https://maps.google.com/?hl=en_US&cid=0x0:0x2bc12cc4bf0a93a7",""
"business","business","N/A","","","Gauteng","","South Africa","","","","","","https://maps.google.com/?hl=en_US&cid=0x0:0xa6406660cefd79f3",""
"business","Graphic designer","Andile's production","1hooppe st, Crystal Park, Benoni, 1515","Benoni","Gauteng","","South Africa"," 0670807487","","","","","https://maps.google.com/?hl=en_US&cid=0x0:0x23fc9bc8c3abcd58",""
"business","Website designer","Business Connection Hub","34 Chrome St, Farrarmere, Benoni, 1501","Benoni","Gauteng","","South Africa"," 0662012810","","","","","https://maps.google.com/?hl=en_US&cid=0x0:0xd176a38004375496",""
"business","business","N/A","","","Gauteng","","South Africa"," 0104497304","cherie@livewide.co.za","http://www.livewide.co.za/","","","https://maps.google.com/?hl=en_US&cid=0x0:0x9854e96dc69734ff",""
"business","","Moolla's Corporate Services","874 Dajee St, Actonville, Benoni, 1501","Benoni","Gauteng","","South Africa"," 0114226347","","","","","https://maps.google.com/?hl=en_US&cid=0x0:0xd53b2279414fd81b",""
"business","Business management consultant","ATECH","1866 Upudu Street Benoni Kingsway, 1501","Benoni","Gauteng","","South Africa"," 0658152206","","","","","https://maps.google.com/?hl=en_US&cid=0x0:0xed26d09ba37dcd96",""
"business","Software company","MP BUSINESS SOLUTIONS","16 Horsfall St, Benoni, 1501","Benoni","Gauteng","","South Africa"," 0731994077","","","","","https://maps.google.com/?hl=en_US&cid=0x0:0x9be75afa968fd196",""
"business","business","N/A","","","Gauteng","","South Africa"," 0810993196","heather@webmediacc.co.za","https://smallbusinessnetworking.co.za/","","","https://maps.google.com/?hl=en_US&cid=0x0:0x7615104062ba60b9",""
"business","Property management company","BENONI BOARD","89 Elston Ave, Benoni, 1501","Benoni","Gauteng","","South Africa"," 0114210111","","","","","https://maps.google.com/?hl=en_US&cid=0x0:0x760e17cafb48e5d0",""
"business","Auditor","BVSA Accountants and Financial services Benoni","2 Fairbairn St, Rynfield, Benoni, 1501","Benoni","Gauteng","","South Africa"," 0114770003","info@bvsa.ltd","http://www.bvsa.co.za/","","","https://maps.google.com/?hl=en_US&cid=0x0:0x47d59b4680451286",""
"business","Business management consultant","Chain Research (Pty) Ltd.","4 Masefield St, Farrarmere, Benoni, 1501","Benoni","Gauteng","","South Africa"," 0825796149","","","","","https://maps.google.com/?hl=en_US&cid=0x0:0x242e75858f0f344f",""
"business","Business park","Business Partners Hive","60 Harpur Ave, Benoni 77-Ir, Benoni, 1500","Benoni","Gauteng","","South Africa"," 0832891748","","","","","https://maps.google.com/?hl=en_US&cid=0x0:0x80e18081904811d",""
"business","Manufacturer","David Brown Santasalo","12 Birmingham St, Benoni South, Benoni, 1500","Benoni","Gauteng","","South Africa"," 0117480000","salessa@dbsantasalo.com","http://www.dbsantasalo.com/","","","https://maps.google.com/?hl=en_US&cid=0x0:0xb42bd2f6de7bf12",""
"business","Business management consultant","Contract Consulting (Pty) Ltd","35, 1501 Edward St, Westdene, Benoni, 1501","Benoni","Gauteng","","South Africa"," 0825100186","","","","","https://maps.google.com/?hl=en_US&cid=0x0:0x6f3b9b4860a27345",""
"business","Business park","Industrial Area - Apex","Apex, Benoni, 1540","Benoni","Gauteng","","South Africa","","","","","","https://maps.google.com/?hl=en_US&cid=0x0:0x93969872fe01491b",""
"business","Consultant","Fix Your Business","4 Anson Ave, Airfield, Benoni, 1501","Benoni","Gauteng","","South Africa"," 0828863643","","","","","https://maps.google.com/?hl=en_US&cid=0x0:0x1c7ffb4c8a91f276",""
"business","Employment agency","V  A Personnel","Benoni South, Benoni, 1501","Benoni","Gauteng","","South Africa"," 0116094115","recruitment@vnapersonnel.co.za","https://www.vnapersonnel.co.za/","","","https://maps.google.com/?hl=en_US&cid=0x0:0xe041e699d4303437",""
"business","Business management consultant","at reception","Industrial, 82 Apex Rd, East, Benoni, 1540","Benoni","Gauteng","","South Africa"," 0105008611","","","","","https://maps.google.com/?hl=en_US&cid=0x0:0x4d1e2ceb917759b4",""
"business","Accountant","Business Manager","318 Tamarisk Rd, Benoni AH, Benoni, 1501","Benoni","Gauteng","","South Africa","","","","","","https://maps.google.com/?hl=en_US&cid=0x0:0x917ab8a58c94973a",""
"business","Manufacturer","Actom Electrical Machines","Cnr Van Dyk , Aberdeen Rd, Benoni Industrial Site, Benoni, 1501","Benoni","Gauteng","","South Africa"," 0118991111","support@myactive.co.za","http://www.actom.co.za/","","","https://maps.google.com/?hl=en_US&cid=0x0:0xeff07fd9b16588cf",""
"business","Internet cafe","1 ACCORD INNOVATION HUB","31A Lincoln Rd, Benoni South, Benoni, 1501","Benoni","Gauteng","","South Africa"," 0110292298","","","","","https://maps.google.com/?hl=en_US&cid=0x0:0x51b42321be939871",""
"business","Accounting firm","TACC ACCOUNTANTS","3099 Rabotata Ave, Wattville, Benoni, 1501","Benoni","Gauteng","","South Africa"," 0730506784","","","","","https://maps.google.com/?hl=en_US&cid=0x0:0x976b84ed0ee692e2",""
"business","Establishment","@164","164 Pretoria Rd, Rynfield, Benoni, 1501","Benoni","Gauteng","","South Africa"," 0726013826","","","","","https://maps.google.com/?hl=en_US&cid=0x0:0xa3c7fbdc1eb6dd4f",""
"business","business","1516","Benoni","Benoni","Gauteng","","South Africa","","","","","","https://maps.google.com/?hl=en_US&cid=0x0:0x708d9a75bf4adf3b",""
"business","Marketing agency","Petrichor Group (Pty) Ltd","Cnr Commissioner , Christopher St, Boksburg East, 1459","Boksburg","Gauteng","","South Africa"," 0119165000","","","","","https://maps.google.com/?hl=en_US&cid=0x0:0x6e95194fcd90b5c4",""
"business","business","N/A","","","Gauteng","","South Africa"," 0618679376","","","","","https://maps.google.com/?hl=en_US&cid=0x0:0x89d21f012d4798e7",""
"business","Software company","Smart Worx","Office G13 – Unit 1, Van Dyk Secure Business Park, 249 Brakpan Rd, Boksburg East Industrial, Boksburg, 1459","Boksburg","Gauteng","","South Africa"," 0100720953","info@smartworxgroup.com","http://smartworxgroup.com/","","","https://maps.google.com/?hl=en_US&cid=0x0:0xcef89002222ffbb5",""
"business","Business management consultant","Ncoded Solutions","Reservoir Rd , Van Dyk Rd, Boksburg East, Boksburg, 1459","Boksburg","Gauteng","","South Africa"," 0861123526","","","","","https://maps.google.com/?hl=en_US&cid=0x0:0x4e0b0e7f9bc04f8a",""
"business","","Easy Companies","4th Floor, Office 404, 83 Woburn Ave, Benoni, Johannesburg, 1501","Johannesburg","Gauteng","","South Africa"," 0115681155","","","","","https://maps.google.com/?hl=en_US&cid=0x0:0xe959d413f6d319f9",""
"business","business","N/A","","","Gauteng","","South Africa"," 0744570826","","","","","https://maps.google.com/?hl=en_US&cid=0x0:0x69f94f4d76ea4458",""
"business","Business management consultant","MbitaHulu Holdings","603 Anchor Towers Rentals 2 Plain Street Cnr, Harrison St, Benoni South, Benoni, 1501","Benoni","Gauteng","","South Africa"," 0631926533","","","","","https://maps.google.com/?hl=en_US&cid=0x0:0xdef60441b66eef9c",""
"business","business","N/A","","","Gauteng","","South Africa"," 0825665007","","https://garylees.myfreesites.net/","","","https://maps.google.com/?hl=en_US&cid=0x0:0xc874c664cbf4e226",""
"business","business","N/A","","","Gauteng","","South Africa","","","","","","https://maps.google.com/?hl=en_US&cid=0x0:0x16d383cadc8566db",""
"business","Business management consultant","3-D Business Solutions (Pty) Ltd","72 Wordsworth Rd, Farrarmere, Benoni, 1501","Benoni","Gauteng","","South Africa"," 0118491634","","","","","https://maps.google.com/?hl=en_US&cid=0x0:0x7177d7ce3d97d826",""
"business","Consultant","Fraudetct (Pty) Ltd","37 Miles Sharp St, Rynfield, Benoni, 1514","Benoni","Gauteng","","South Africa"," 0861000874","info@fraudetect.co.za","http://www.fraudetect.co.za/","","","https://maps.google.com/?hl=en_US&cid=0x0:0xb95e2a0352d0aef4",""
"business","Business park","Wydan Business Park","Rd 5, Brentwood Park AH, Benoni","Benoni","Gauteng","","South Africa"," 0824578646","","","","","https://maps.google.com/?hl=en_US&cid=0x0:0x60101c83f46c26ba",""
"business","Business management consultant","Target Management Consultants","120 6th Street, Northmead, Benoni, 1501","Benoni","Gauteng","","South Africa"," 0114252244","","https://targetman.co.za/","","","https://maps.google.com/?hl=en_US&cid=0x0:0xa4d362e17845577d",""
"business","Business management consultant","Volptec Solutions","2 Kerbel St, Northmead, Benoni, 1514","Benoni","Gauteng","","South Africa"," 0110254798","","","","","https://maps.google.com/?hl=en_US&cid=0x0:0xe3afb33c00108c8",""
"business","Business management consultant","Dedago Unified Business Solutions","17 Struben St, Rynfield, Benoni, 1501","Benoni","Gauteng","","South Africa"," 0101400600","","","","","https://maps.google.com/?hl=en_US&cid=0x0:0xa817062915abb1ee",""
"business","Property management company","BENONI BOARD","89 Elston Ave, Benoni, 1501","Benoni","Gauteng","","South Africa"," 0114210111","","","","","https://maps.google.com/?hl=en_US&cid=0x0:0x760e17cafb48e5d0",""
"business","Financial planner","Niche Consulting","47b Boundary Rd, Rynfield, Benoni, 1501","Benoni","Gauteng","","South Africa"," 0119630184","","http://www.azanko.com/","","","https://maps.google.com/?hl=en_US&cid=0x0:0xe6d1765de958d6fe",""
"business","Solar energy company","CSI Group","Corner , Pretoria Rd, Petit, Benoni, 1501","Benoni","Gauteng","","South Africa"," 0100030127","","","","","https://maps.google.com/?hl=en_US&cid=0x0:0xd2f8554ce2107eba",""
"business","Bookkeeping service","MEGRYAN FINANCIAL SERVICE CC","7 Fourteenth Ave, Northmead, Benoni, 1501","Benoni","Gauteng","","South Africa"," 0114254074","","","","","https://maps.google.com/?hl=en_US&cid=0x0:0x1dd6c62d8b81f14f",""
"business","Accountant","Account n Tax Business Academy","274 Barbet Rd, Rynfield, Benoni, 1501","Benoni","Gauteng","","South Africa"," 0114253904","","","","","https://maps.google.com/?hl=en_US&cid=0x0:0x9946b2f71c6281",""
"business","Warehouse","Fair-Que Business Park","19 Goud St, Goedeburg, Benoni, 1501","Benoni","Gauteng","","South Africa"," 0828722476","","","","","https://maps.google.com/?hl=en_US&cid=0x0:0x53b434e63c0b8b4b",""
"business","Business management consultant","Contract Consulting (Pty) Ltd","35, 1501 Edward St, Westdene, Benoni, 1501","Benoni","Gauteng","","South Africa"," 0825100186","","","","","https://maps.google.com/?hl=en_US&cid=0x0:0x6f3b9b4860a27345",""
"business","Business park","Business Partners Hive","60 Harpur Ave, Benoni 77-Ir, Benoni, 1500","Benoni","Gauteng","","South Africa"," 0832891748","","","","","https://maps.google.com/?hl=en_US&cid=0x0:0x80e18081904811d",""
"business","Engineer","UL Engineering","207 Aloe Rd, Putfontein Rd, Benoni, 1515","Benoni","Gauteng","","South Africa"," 0119689815","ulrich@ulengineering.co.za","https://ulengineering.co.za/","","","https://maps.google.com/?hl=en_US&cid=0x0:0xb7a71415af834135",""
"business","Business management consultant","Chain Research (Pty) Ltd.","4 Masefield St, Farrarmere, Benoni, 1501","Benoni","Gauteng","","South Africa"," 0825796149","","","","","https://maps.google.com/?hl=en_US&cid=0x0:0x242e75858f0f344f",""
"business","business","N/A","","","Gauteng","","South Africa","","","","","","https://maps.google.com/?hl=en_US&cid=0x0:0xa6406660cefd79f3",""
"business","Marketing agency","Register 360","76 Goodman St, Rynfield, Benoni, 1501","Benoni","Gauteng","","South Africa"," 0813052465","info@register360.co.za","http://register360.co.za/","","","https://maps.google.com/?hl=en_US&cid=0x0:0xc1d4acd0d84b513a",""
"business","business","N/A","","","Gauteng","","South Africa"," 0825665007","","https://garylees.myfreesites.net/","","","https://maps.google.com/?hl=en_US&cid=0x0:0xc874c664cbf4e226",""
"business","Accountant","Business Manager","318 Tamarisk Rd, Benoni AH, Benoni, 1501","Benoni","Gauteng","","South Africa","","","","","","https://maps.google.com/?hl=en_US&cid=0x0:0x917ab8a58c94973a",""
"business","Software company","MP BUSINESS SOLUTIONS","16 Horsfall St, Benoni, 1501","Benoni","Gauteng","","South Africa"," 0731994077","","","","","https://maps.google.com/?hl=en_US&cid=0x0:0x9be75afa968fd196",""
"business","Logistics service","Transport Holdings","106 Loper Ave, Spartan, Kempton Park, 1619","Kempton Park","Gauteng","","South Africa"," 0113951414","info@transportholdings.com","https://transportholdings.com/","","","https://maps.google.com/?hl=en_US&cid=0x0:0x3a134ec6cd88d79a",""
"business","Business management consultant","Vincor Imported Brands - Office","Farrarmere, Benoni, 1501","Benoni","Gauteng","","South Africa"," 0824489713","","","","","https://maps.google.com/?hl=en_US&cid=0x0:0x5ea1968110cd1a76",""
"business","Bookkeeping service","Business Accounting Network - Benoni","92 Simon St, Rynfield, Benoni, 1501","Benoni","Gauteng","","South Africa"," 0861226262","","","","","https://maps.google.com/?hl=en_US&cid=0x0:0xe6b0a3cee4055d43",""
"business","Business management consultant","Brentwood Employment Relations Specialists","212 Pretoria Rd, Rynfield, Benoni, 1501","Benoni","Gauteng","","South Africa"," 0119672237","admin@brentwood.co.za","http://www.brentwood.co.za/","","","https://maps.google.com/?hl=en_US&cid=0x0:0x27169fa5ce018c2e",""
"business","Business management consultant","Kei Advisory","116 Totius Rd, Crystal Park, Benoni, 1501","Benoni","Gauteng","","South Africa"," 0659115753","","","","","https://maps.google.com/?hl=en_US&cid=0x0:0x9b4426adef958116",""
"business","Insurance agency","Genero Brokers","34 Silver St, Goedeburg, Benoni, 1501","Benoni","Gauteng","","South Africa"," 0721344177","","http://genero.co.za/","","","https://maps.google.com/?hl=en_US&cid=0x0:0x77cda7158c59c4c3",""
"business","Auditor","BVSA Accountants and Financial services Benoni","2 Fairbairn St, Rynfield, Benoni, 1501","Benoni","Gauteng","","South Africa"," 0114770003","info@bvsa.ltd","http://www.bvsa.co.za/","","","https://maps.google.com/?hl=en_US&cid=0x0:0x47d59b4680451286",""
"business","Business management consultant","Tranding business","12488 ndlovu street Maphupheni, 12488 ndlovu str maphupheni, Daveyton, Benoni, 1519","ndlovu street Maphupheni","Gauteng","12488","South Africa"," 0638093476","","","","","https://maps.google.com/?hl=en_US&cid=0x0:0xedac3537f23789ab",""
"business","Business management consultant","Vincor Imported Brands - Office","Farrarmere, Benoni, 1501","Benoni","Gauteng","","South Africa"," 0824489713","","","","","https://maps.google.com/?hl=en_US&cid=0x0:0x5ea1968110cd1a76",""
"business","Business management consultant","3-D Business Solutions (Pty) Ltd","72 Wordsworth Rd, Farrarmere, Benoni, 1501","Benoni","Gauteng","","South Africa"," 0118491634","","","","","https://maps.google.com/?hl=en_US&cid=0x0:0x7177d7ce3d97d826",""
"business","Business management consultant","Combustion Consulting Africa (Pty) Ltd","7 Weaver Grove, Farrarmere, Benoni, 1501","Benoni","Gauteng","","South Africa"," 0615816058","","","","","https://maps.google.com/?hl=en_US&cid=0x0:0x480de0e74b4a064f",""
"business","Consultant","Fix Your Business","4 Anson Ave, Airfield, Benoni, 1501","Benoni","Gauteng","","South Africa"," 0828863643","","","","","https://maps.google.com/?hl=en_US&cid=0x0:0x1c7ffb4c8a91f276",""
"business","Payroll service","XP Consulting","29 Gamtoos St, Farrarmere, Benoni, 1501","Benoni","Gauteng","","South Africa"," 0619606181","8c4075d5481d476e945486754f783364@sentry.io","http://xpconsulting.co.za/","","","https://maps.google.com/?hl=en_US&cid=0x0:0x3aa9555a2a64d60b",""
"business","Business management consultant","Contract Consulting (Pty) Ltd","35, 1501 Edward St, Westdene, Benoni, 1501","Benoni","Gauteng","","South Africa"," 0825100186","","","","","https://maps.google.com/?hl=en_US&cid=0x0:0x6f3b9b4860a27345",""
"business","Business center","Demix","12 Jukskei Rd, Farrarmere, Benoni, 1501","Benoni","Gauteng","","South Africa","","","","","","https://maps.google.com/?hl=en_US&cid=0x0:0x2a3708543d77f049",""
"business","Business management consultant","Farradata Consulting Services","37 Cloudy St, Farrarmere, Benoni, 1501","Benoni","Gauteng","","South Africa"," 0118491988","","","","","https://maps.google.com/?hl=en_US&cid=0x0:0xb4b05a86ec3d0f05",""
"business","business","N/A","","","Gauteng","","South Africa","","","","","","https://maps.google.com/?hl=en_US&cid=0x0:0xcf606cdce3f6be92",""
"business","Business management consultant","kempromech","Whitman St, Farrarmere, Benoni, 1501","Benoni","Gauteng","","South Africa"," 0848427656","","","","","https://maps.google.com/?hl=en_US&cid=0x0:0x37a232e2d49f984d",""
"business","","Easy Companies","4th Floor, Office 404, 83 Woburn Ave, Benoni, Johannesburg, 1501","Johannesburg","Gauteng","","South Africa"," 0115681155","","","","","https://maps.google.com/?hl=en_US&cid=0x0:0xe959d413f6d319f9",""
"business","Consultant","Paradigm Health","1, Rodos, 19 Virgo St, Farrarmere, Benoni, 1501","Benoni","Gauteng","","South Africa"," 0114250234","ruleen@paradigmhealth.co.za","http://paradigmhealth.co.za/","","","https://maps.google.com/?hl=en_US&cid=0x0:0x584e1fd4800e9814",""
"business","Accounting firm","Sepitsi Business Solutions","30 Fifth Ave, Northmead, Benoni, 1501","Benoni","Gauteng","","South Africa"," 0763790650","","","","","https://maps.google.com/?hl=en_US&cid=0x0:0x9c61e09563a5f637",""
"business","Business management consultant","at reception","Industrial, 82 Apex Rd, East, Benoni, 1540","Benoni","Gauteng","","South Africa"," 0105008611","","","","","https://maps.google.com/?hl=en_US&cid=0x0:0x4d1e2ceb917759b4",""
"business","Legal services","Legal Business Counsulting","Gauteng, 109 Kemston Ave, Benoni, 1501","Benoni","Gauteng","","South Africa"," 0118162287","","","","","https://maps.google.com/?hl=en_US&cid=0x0:0x3d371cd54a2c6c92",""
"business","Accounting firm","Carpenter  Co Chartered Accountants","13 Jupiter Rd, Farrarmere, Benoni, 1501","Benoni","Gauteng","","South Africa"," 0845632442","","","","","https://maps.google.com/?hl=en_US&cid=0x0:0xc6dc6877e02b3f94",""
"business","business","N/A","","","Gauteng","","South Africa"," 0825665007","","https://garylees.myfreesites.net/","","","https://maps.google.com/?hl=en_US&cid=0x0:0xc874c664cbf4e226",""
"business","Business management consultant","Target Management Consultants","120 6th Street, Northmead, Benoni, 1501","Benoni","Gauteng","","South Africa"," 0114252244","","https://targetman.co.za/","","","https://maps.google.com/?hl=en_US&cid=0x0:0xa4d362e17845577d",""
"business","business","1518","Benoni","Benoni","Gauteng","","South Africa","","","","","","https://maps.google.com/?hl=en_US&cid=0x0:0x6af9af3efc77f246",""
"business","Bookkeeping service","Business Accounting Network - Benoni","1095 Seedat St, Actonville, Benoni, 1501","Benoni","Gauteng","","South Africa"," 0861226226","","","","","https://maps.google.com/?hl=en_US&cid=0x0:0x6a593c276f20e211",""
"business","business","N/A","","","Gauteng","","South Africa"," 0878034434","","","","","https://maps.google.com/?hl=en_US&cid=0x0:0x34be500455d16548",""
"business","business","N/A","","","Gauteng","","South Africa"," 0645514512","","","","","https://maps.google.com/?hl=en_US&cid=0x0:0xe8ab1e0a62b82f32",""
"business","Business management consultant","ATECH","1866 Upudu Street Benoni Kingsway, 1501","Benoni","Gauteng","","South Africa"," 0658152206","","","","","https://maps.google.com/?hl=en_US&cid=0x0:0xed26d09ba37dcd96",""
"business","business","N/A","","","Gauteng","","South Africa"," 0824514239","greg.lock@innovativesolutions.co.za","https://innovativesolutions.co.za/","","","https://maps.google.com/?hl=en_US&cid=0x0:0x2bc12cc4bf0a93a7",""
"business","business","N/A","","","Gauteng","","South Africa"," 0114250096","info@madeleinhendricks.co.za","https://www.hrcompanysolutions.co.za/","","","https://maps.google.com/?hl=en_US&cid=0x0:0x726b679c888c173e",""
"business","business","N/A","","","Gauteng","","South Africa"," 0104497304","cherie@livewide.co.za","http://www.livewide.co.za/","","","https://maps.google.com/?hl=en_US&cid=0x0:0x9854e96dc69734ff",""
"business","Business to business service","Sir Charles Consulting (SCC Group)","6400 Didi St, Daveyton, Benoni, 1520","Benoni","Gauteng","","South Africa","","","","","","https://maps.google.com/?hl=en_US&cid=0x0:0x2c0c6cbe958a3fcb",""
"business","Mining company","Leshnco Mining (Pty) Ltd","Postnet Suite 3 Private Bag X01, Farrarmere, 1518","Benoni","Gauteng","","South Africa"," 0732688972","","","","","https://maps.google.com/?hl=en_US&cid=0x0:0x1a8ad39d3b6fb64a",""
"business","business","N/A","","","Gauteng","","South Africa"," 0645187236","info@banquetly.co.za","https://www.banquetly.co.za/","","","https://maps.google.com/?hl=en_US&cid=0x0:0x526fb92f9aa9262a",""
"business","Business management consultant","3-D Business Solutions (Pty) Ltd","72 Wordsworth Rd, Farrarmere, Benoni, 1501","Benoni","Gauteng","","South Africa"," 0118491634","","","","","https://maps.google.com/?hl=en_US&cid=0x0:0x7177d7ce3d97d826",""
"business","Business park","Business Partners Hive","60 Harpur Ave, Benoni 77-Ir, Benoni, 1500","Benoni","Gauteng","","South Africa"," 0832891748","","","","","https://maps.google.com/?hl=en_US&cid=0x0:0x80e18081904811d",""
"business","Establishment","@164","164 Pretoria Rd, Rynfield, Benoni, 1501","Benoni","Gauteng","","South Africa"," 0726013826","","","","","https://maps.google.com/?hl=en_US&cid=0x0:0xa3c7fbdc1eb6dd4f",""
"business","Corporate office","in2food Benoni","34 Van Dyk Rd, Boksburg East Industrial, Benoni, 1500","Benoni","Gauteng","","South Africa"," 0107450790","","http://www.in2food.co.za/","","","https://maps.google.com/?hl=en_US&cid=0x0:0x7e2b79f34078bf6a",""
"business","Business management consultant","ATECH","1866 Upudu Street Benoni Kingsway, 1501","Benoni","Gauteng","","South Africa"," 0658152206","","","","","https://maps.google.com/?hl=en_US&cid=0x0:0xed26d09ba37dcd96",""
"business","Bookkeeping service","Business Accounting Network - Benoni","92 Simon St, Rynfield, Benoni, 1501","Benoni","Gauteng","","South Africa"," 0861226262","","","","","https://maps.google.com/?hl=en_US&cid=0x0:0xe6b0a3cee4055d43",""
"business","Business center","83 Woburn Avenue Benoni Eastrand Johannesburg","83 woburn avenue, Van Ryn SH, Benoni, 1500","Benoni","Gauteng","","South Africa","","","","","","https://maps.google.com/?hl=en_US&cid=0x0:0x1d3fa6b1aaead825",""
"business","Bus stop","Benoni","83 Woburn Ave, Benoni, 1500","Benoni","Gauteng","","South Africa","","","","","","https://maps.google.com/?hl=en_US&cid=0x0:0xf1be64159f8418a3",""
"business","Business to business service","Lukhulu Research  Consulting (Pty) (Ltd)","25055 Thandixholo St, Daveyton, Benoni","Thandixholo St","Gauteng","25055","South Africa"," 0718807535","","","","","https://maps.google.com/?hl=en_US&cid=0x0:0xc8649d87dc1b754a",""
"business","Accountant","Business Manager","318 Tamarisk Rd, Benoni AH, Benoni, 1501","Benoni","Gauteng","","South Africa","","","","","","https://maps.google.com/?hl=en_US&cid=0x0:0x917ab8a58c94973a",""
"business","Promotional products supplier","Great Minds Promotions","83 Woburn Ave, Benoni, 1500","Benoni","Gauteng","","South Africa"," 0114200894","","","","","https://maps.google.com/?hl=en_US&cid=0x0:0xf5249d8d70c54be2",""
"business","Corporate office","83 on Woburn","83 Woburn Ave, Benoni, 1500","Benoni","Gauteng","","South Africa","","","","","","https://maps.google.com/?hl=en_US&cid=0x0:0xed646a253496069a",""
"business","business","N/A","","","Gauteng","","South Africa"," 0727410696","myrightkareer@gmail.com","https://myrightkareer.wixsite.com/rightkareer","","","https://maps.google.com/?hl=en_US&cid=0x0:0x2c2a48a5dc310ab3",""
"business","","Easy Companies","4th Floor, Office 404, 83 Woburn Ave, Benoni, Johannesburg, 1501","Johannesburg","Gauteng","","South Africa"," 0115681155","","","","","https://maps.google.com/?hl=en_US&cid=0x0:0xe959d413f6d319f9",""
"business","Marketing agency","No name to show","95 Pretoria Rd, Rynfield, Benoni, 1501","Benoni","Gauteng","","South Africa"," 0613829957","","","","","https://maps.google.com/?hl=en_US&cid=0x0:0x3284196ea4011e9",""
"business","Newspaper publisher","Benoni Media","57 Pretoria Rd, Benoni, 1501","Benoni","Gauteng","","South Africa"," 0826574234","","","","","https://maps.google.com/?hl=en_US&cid=0x0:0x88cab1fbd773eacd",""
"business","business","N/A","","","Gauteng","","South Africa"," 0817242488","","","","","https://maps.google.com/?hl=en_US&cid=0x0:0xdfa83b004fca21e0",""
"business","Bus stop","1501 Benoni","Benoni, 1500","Benoni","Gauteng","","South Africa","","","","","","https://maps.google.com/?hl=en_US&cid=0x0:0x5f0b691ff0e2f218",""
"business","Business park","Industrial Area - Apex","Apex, Benoni, 1540","Benoni","Gauteng","","South Africa","","","","","","https://maps.google.com/?hl=en_US&cid=0x0:0x93969872fe01491b",""
"business","business","1519","Benoni","Benoni","Gauteng","","South Africa","","","","","","https://maps.google.com/?hl=en_US&cid=0x0:0x4877122ac61e9568",""
"business","Software company","MP BUSINESS SOLUTIONS","16 Horsfall St, Benoni, 1501","Benoni","Gauteng","","South Africa"," 0731994077","","","","","https://maps.google.com/?hl=en_US&cid=0x0:0x9be75afa968fd196",""
"business","Website designer","Business Connection Hub","34 Chrome St, Farrarmere, Benoni, 1501","Benoni","Gauteng","","South Africa"," 0662012810","","","","","https://maps.google.com/?hl=en_US&cid=0x0:0xd176a38004375496",""
"business","Catering food and drink supplier","The Hotspot 1519","8710 Bul -Bul Street Emaphupheni, Etwatwa, Benoni, 1519","Benoni","Gauteng","","South Africa"," 0717510084","","","","","https://maps.google.com/?hl=en_US&cid=0x0:0xb6041bbef374e85b",""
"business","business","N/A","","","Gauteng","","South Africa"," 0117468600","reception@fuisonp.co.za","https://www.fusionrecruitment.co.za/","","","https://maps.google.com/?hl=en_US&cid=0x0:0xdce5bbbe271a1cb1",""
"business","Employment agency","P R O N T O","49 Golden Dr, Morehill, Benoni, 1501","Benoni","Gauteng","","South Africa"," 0118491983","joan@prontolt.co.za","http://www.pronto-staff.com/","","","https://maps.google.com/?hl=en_US&cid=0x0:0xc50c0dfe43cea58c",""
"business","Employment agency","V  A Personnel","Benoni South, Benoni, 1501","Benoni","Gauteng","","South Africa"," 0116094115","recruitment@vnapersonnel.co.za","https://www.vnapersonnel.co.za/","","","https://maps.google.com/?hl=en_US&cid=0x0:0xe041e699d4303437",""
"business","Employment agency","Personnel Avenue","97 Fifth Ave, Northmead, Benoni, 1501","Benoni","Gauteng","","South Africa"," 0118498818","","http://personnelavenue.co.za/","","","https://maps.google.com/?hl=en_US&cid=0x0:0x7b7cddea332c994b",""
"business","Recruiter","CMC Global","97 Bedford Ave, Benoni, 1500","Benoni","Gauteng","","South Africa"," 0114202313","","","","","https://maps.google.com/?hl=en_US&cid=0x0:0x19df7769756dfd65",""
"business","Coffee shop","The Venue at Route 162","162 President Brand Rd, Rynfield, Benoni, 1518","Benoni","Gauteng","","South Africa"," 0114251530","","","","","https://maps.google.com/?hl=en_US&cid=0x0:0x55986c02d16a33d8",""
"business","Corporate office","1520 Group","6548 Gasela St, Daveyton, Benoni, 1507","Benoni","Gauteng","","South Africa"," 0743261322","","","","","https://maps.google.com/?hl=en_US&cid=0x0:0xc4e8621ee47901af",""
"business","Transportation service","1520Online Solutions Pty Ltd","Alliance Rd, Daveyton, Benoni, 1507","Benoni","Gauteng","","South Africa"," 0721727827","","","","","https://maps.google.com/?hl=en_US&cid=0x0:0xe7413f973ecf1260",""
"business","Business to business service","Sir Charles Consulting (SCC Group)","6400 Didi St, Daveyton, Benoni, 1520","Benoni","Gauteng","","South Africa","","","","","","https://maps.google.com/?hl=en_US&cid=0x0:0x2c0c6cbe958a3fcb",""
"business","business","N/A","","","Gauteng","","South Africa"," 0827659238","","","","","https://maps.google.com/?hl=en_US&cid=0x0:0xc0c5aa84aa921a63",""
"business","","Company","No 30,unity no 4,Golden Drive, Morehill Ext 8, Benoni, 1501","Benoni","Gauteng","","South Africa"," 0114251345","","","","","https://maps.google.com/?hl=en_US&cid=0x0:0x22d41a7cda4ce033",""
"business","Business park","Wydan Business Park","Rd 5, Brentwood Park AH, Benoni","Benoni","Gauteng","","South Africa"," 0824578646","","","","","https://maps.google.com/?hl=en_US&cid=0x0:0x60101c83f46c26ba",""
"business","Business management consultant","Brentwood Employment Relations Specialists","212 Pretoria Rd, Rynfield, Benoni, 1501","Benoni","Gauteng","","South Africa"," 0119672237","admin@brentwood.co.za","http://www.brentwood.co.za/","","","https://maps.google.com/?hl=en_US&cid=0x0:0x27169fa5ce018c2e",""
"business","Software company","MP BUSINESS SOLUTIONS","16 Horsfall St, Benoni, 1501","Benoni","Gauteng","","South Africa"," 0731994077","","","","","https://maps.google.com/?hl=en_US&cid=0x0:0x9be75afa968fd196",""
"business","Business management consultant","ATECH","1866 Upudu Street Benoni Kingsway, 1501","Benoni","Gauteng","","South Africa"," 0658152206","","","","","https://maps.google.com/?hl=en_US&cid=0x0:0xed26d09ba37dcd96",""
"business","Business management consultant","3-D Business Solutions (Pty) Ltd","72 Wordsworth Rd, Farrarmere, Benoni, 1501","Benoni","Gauteng","","South Africa"," 0118491634","","","","","https://maps.google.com/?hl=en_US&cid=0x0:0x7177d7ce3d97d826",""
"business","Business management consultant","Dedago Unified Business Solutions","17 Struben St, Rynfield, Benoni, 1501","Benoni","Gauteng","","South Africa"," 0101400600","","","","","https://maps.google.com/?hl=en_US&cid=0x0:0xa817062915abb1ee",""
"business","Construction company","One Stop Construction Services","37 Fifth Ave, Northmead, Benoni, 1501","Benoni","Gauteng","","South Africa"," 0118494655","marius@onestopconstruction.co.za","http://www.onestopconstruction.co.za/","","","https://maps.google.com/?hl=en_US&cid=0x0:0xf08a12be3a3c1fab",""
"business","General contractor","Guest On Homes","4 Dobson St, Rynfield, Benoni, 1500","Benoni","Gauteng","","South Africa"," 0837753238","","https://guestonhomes.co.za/","","","https://maps.google.com/?hl=en_US&cid=0x0:0xbeed6d7607224f54",""
"business","Property management company","BENONI BOARD","89 Elston Ave, Benoni, 1501","Benoni","Gauteng","","South Africa"," 0114210111","","","","","https://maps.google.com/?hl=en_US&cid=0x0:0x760e17cafb48e5d0",""
"business","Business management consultant","Volptec Solutions","2 Kerbel St, Northmead, Benoni, 1514","Benoni","Gauteng","","South Africa"," 0110254798","","","","","https://maps.google.com/?hl=en_US&cid=0x0:0xe3afb33c00108c8",""
"business","Shopping mall","Brentwood Business Park","Rd 3, Brentwood Park AH, Benoni","Benoni","Gauteng","","South Africa"," 0861374912","","","","","https://maps.google.com/?hl=en_US&cid=0x0:0x51878e144e207079",""
"business","Engineer","UL Engineering","207 Aloe Rd, Putfontein Rd, Benoni, 1515","Benoni","Gauteng","","South Africa"," 0119689815","ulrich@ulengineering.co.za","https://ulengineering.co.za/","","","https://maps.google.com/?hl=en_US&cid=0x0:0xb7a71415af834135",""
"business","Business management consultant","Vincor Imported Brands - Office","Farrarmere, Benoni, 1501","Benoni","Gauteng","","South Africa"," 0824489713","","","","","https://maps.google.com/?hl=en_US&cid=0x0:0x5ea1968110cd1a76",""
"business","Business management consultant","Kei Advisory","116 Totius Rd, Crystal Park, Benoni, 1501","Benoni","Gauteng","","South Africa"," 0659115753","","","","","https://maps.google.com/?hl=en_US&cid=0x0:0x9b4426adef958116",""
"business","Consultant","Fraudetct (Pty) Ltd","37 Miles Sharp St, Rynfield, Benoni, 1514","Benoni","Gauteng","","South Africa"," 0861000874","info@fraudetect.co.za","http://www.fraudetect.co.za/","","","https://maps.google.com/?hl=en_US&cid=0x0:0xb95e2a0352d0aef4",""
"business","Marketing agency","Register 360","76 Goodman St, Rynfield, Benoni, 1501","Benoni","Gauteng","","South Africa"," 0813052465","info@register360.co.za","http://register360.co.za/","","","https://maps.google.com/?hl=en_US&cid=0x0:0xc1d4acd0d84b513a",""
"business","Bus stop","Benoni","83 Woburn Ave, Benoni, 1500","Benoni","Gauteng","","South Africa","","","","","","https://maps.google.com/?hl=en_US&cid=0x0:0xf1be64159f8418a3",""
"business","Business management consultant","Contract Consulting (Pty) Ltd","35, 1501 Edward St, Westdene, Benoni, 1501","Benoni","Gauteng","","South Africa"," 0825100186","","","","","https://maps.google.com/?hl=en_US&cid=0x0:0x6f3b9b4860a27345",""
"business","business","Benoni","","Benoni","Gauteng","","South Africa","","","","","","https://maps.google.com/?hl=en_US&cid=0x0:0x619c7f175429a6e0",""
"business","Business park","Business Partners Hive","60 Harpur Ave, Benoni 77-Ir, Benoni, 1500","Benoni","Gauteng","","South Africa"," 0832891748","","","","","https://maps.google.com/?hl=en_US&cid=0x0:0x80e18081904811d",""
"business","Establishment","@164","164 Pretoria Rd, Rynfield, Benoni, 1501","Benoni","Gauteng","","South Africa"," 0726013826","","","","","https://maps.google.com/?hl=en_US&cid=0x0:0xa3c7fbdc1eb6dd4f",""
"business","Warehouse","Business Park","Liverpool Rd, Benoni, 1500","Benoni","Gauteng","","South Africa","","","","","","https://maps.google.com/?hl=en_US&cid=0x0:0x468e931d050358f7",""
"business","Business management consultant","Chain Research (Pty) Ltd.","4 Masefield St, Farrarmere, Benoni, 1501","Benoni","Gauteng","","South Africa"," 0825796149","","","","","https://maps.google.com/?hl=en_US&cid=0x0:0x242e75858f0f344f",""
"business","","Easy Companies","4th Floor, Office 404, 83 Woburn Ave, Benoni, Johannesburg, 1501","Johannesburg","Gauteng","","South Africa"," 0115681155","","","","","https://maps.google.com/?hl=en_US&cid=0x0:0xe959d413f6d319f9",""
"business","Corporate office","83 on Woburn","83 Woburn Ave, Benoni, 1500","Benoni","Gauteng","","South Africa","","","","","","https://maps.google.com/?hl=en_US&cid=0x0:0xed646a253496069a",""
"business","Business center","83 Woburn Avenue Benoni Eastrand Johannesburg","83 woburn avenue, Van Ryn SH, Benoni, 1500","Benoni","Gauteng","","South Africa","","","","","","https://maps.google.com/?hl=en_US&cid=0x0:0x1d3fa6b1aaead825",""
"business","Plant and machinery hire","Engineering  Construction Company","Westwood, Van Ryn SH, Benoni, 1477","Benoni","Gauteng","","South Africa"," 0813849763","","","","","https://maps.google.com/?hl=en_US&cid=0x0:0x41a0c3f9a644cb6b",""
"business","business","Gauteng","","","Gauteng","","South Africa","","","","","","https://maps.google.com/?hl=en_US&cid=0x0:0x6d9ee7c7cb5438e2",""
"business","Business management consultant","ATECH","1866 Upudu Street Benoni Kingsway, 1501","Benoni","Gauteng","","South Africa"," 0658152206","","","","","https://maps.google.com/?hl=en_US&cid=0x0:0xed26d09ba37dcd96",""
"business","Business park","Business Partners Hive","60 Harpur Ave, Benoni 77-Ir, Benoni, 1500","Benoni","Gauteng","","South Africa"," 0832891748","","","","","https://maps.google.com/?hl=en_US&cid=0x0:0x80e18081904811d",""
"business","Computer support and services","Decer Computers","83 6th Street, Northmead, Benoni, 1501","Benoni","Gauteng","","South Africa"," 0114250245","info@decer.co.za","https://www.decer.co.za/","","","https://maps.google.com/?hl=en_US&cid=0x0:0x27a896da6cd15afc",""
"business","Marketing agency","PERISCOPE MARKETING","floor 5, floor5 83, 83 Woburn Ave, Benoni, 1500","Benoni","Gauteng","","South Africa"," 0680568210","PeriscopeMarketing@outlook.com","http://www.periscopeonestep.co.za/","","","https://maps.google.com/?hl=en_US&cid=0x0:0xbd4db7823739e1d0",""
"business","Solar energy company","CSI Group","Corner , Pretoria Rd, Petit, Benoni, 1501","Benoni","Gauteng","","South Africa"," 0100030127","","","","","https://maps.google.com/?hl=en_US&cid=0x0:0xd2f8554ce2107eba",""
"business","Computer store","Matrix Warehouse Benoni","Off Snake Road, No. 1 6th Ave, Benoni, Gauteng, 1501","Gauteng","Gauteng","","South Africa"," 0118499249","","https://matrixwarehouse.co.za/benoni-in-store-promotion/?utm_source>>u003dgmb_benoni>>u0026utm_medium>>u003dgmb_benoni>>u0026utm_campaign>>u003dgmb_benoni>>u0026utm_term>>u003dgmb_benoni","","","https://maps.google.com/?hl=en_US&cid=0x0:0x2ca7339df57314ed",""
"business","Accounting firm","Intrigue Consulting","106 Lakefield Ave, Lakefield, Benoni, 1501","Benoni","Gauteng","","South Africa"," 0871492382","info@intrigueconsulting.co.za","http://www.intrigueconsulting.co.za/","","","https://maps.google.com/?hl=en_US&cid=0x0:0x7e02acde8e8f5709",""
"business","Accountant","Mighty Bookkeepers Benoni","19 Cherry Creek, 21 Kirschner Rd, Brentwood Park, Benoni, 1501","Benoni","Gauteng","","South Africa"," 0629897983","info@mightybookkeepers.co.za","https://mightybookkeepers.co.za/?utm_source>>u003dgbp>>u0026utm_medium>>u003dorganic>>u0026utm_campaign>>u003dgbp","","","https://maps.google.com/?hl=en_US&cid=0x0:0x7c7f86b2fb97642",""
"business","Business management consultant","Volptec Solutions","2 Kerbel St, Northmead, Benoni, 1514","Benoni","Gauteng","","South Africa"," 0110254798","","","","","https://maps.google.com/?hl=en_US&cid=0x0:0xe3afb33c00108c8",""
"business","Business management consultant","Dedago Unified Business Solutions","17 Struben St, Rynfield, Benoni, 1501","Benoni","Gauteng","","South Africa"," 0101400600","","","","","https://maps.google.com/?hl=en_US&cid=0x0:0xa817062915abb1ee",""
"business","Property management company","BENONI BOARD","89 Elston Ave, Benoni, 1501","Benoni","Gauteng","","South Africa"," 0114210111","","","","","https://maps.google.com/?hl=en_US&cid=0x0:0x760e17cafb48e5d0",""
"business","Business management consultant","Brentwood Employment Relations Specialists","212 Pretoria Rd, Rynfield, Benoni, 1501","Benoni","Gauteng","","South Africa"," 0119672237","admin@brentwood.co.za","http://www.brentwood.co.za/","","","https://maps.google.com/?hl=en_US&cid=0x0:0x27169fa5ce018c2e",""
"business","Marketing agency","Register 360","76 Goodman St, Rynfield, Benoni, 1501","Benoni","Gauteng","","South Africa"," 0813052465","info@register360.co.za","http://register360.co.za/","","","https://maps.google.com/?hl=en_US&cid=0x0:0xc1d4acd0d84b513a",""
"business","Business management consultant","Kei Advisory","116 Totius Rd, Crystal Park, Benoni, 1501","Benoni","Gauteng","","South Africa"," 0659115753","","","","","https://maps.google.com/?hl=en_US&cid=0x0:0x9b4426adef958116",""
"business","Business management consultant","Target Management Consultants","120 6th Street, Northmead, Benoni, 1501","Benoni","Gauteng","","South Africa"," 0114252244","","https://targetman.co.za/","","","https://maps.google.com/?hl=en_US&cid=0x0:0xa4d362e17845577d",""
"business","Business management consultant","Orora Consulting","229 Hull Rd, Rynfield, Benoni, 1501","Benoni","Gauteng","","South Africa"," 0615155455","","","","","https://maps.google.com/?hl=en_US&cid=0x0:0x5cc0da5eec9640e7",""
"business","Business management consultant","Rock Lilly Training","Block B, 2, Davidson Office Park, 2 Davidson St, Rynfield, Benoni, 1514","Benoni","Gauteng","","South Africa"," 0100232486","info@rocklilly.co.za","http://rocklilly.co.za/","","","https://maps.google.com/?hl=en_US&cid=0x0:0x49846908e3db30f9",""
"business","Business management consultant","Chain Research (Pty) Ltd.","4 Masefield St, Farrarmere, Benoni, 1501","Benoni","Gauteng","","South Africa"," 0825796149","","","","","https://maps.google.com/?hl=en_US&cid=0x0:0x242e75858f0f344f",""
"business","Accountant","Business Manager","318 Tamarisk Rd, Benoni AH, Benoni, 1501","Benoni","Gauteng","","South Africa","","","","","","https://maps.google.com/?hl=en_US&cid=0x0:0x917ab8a58c94973a",""
"business","business","Benoni","","Benoni","Gauteng","","South Africa","","","","","","https://maps.google.com/?hl=en_US&cid=0x0:0x619c7f175429a6e0",""
"business","Software company","MP BUSINESS SOLUTIONS","16 Horsfall St, Benoni, 1501","Benoni","Gauteng","","South Africa"," 0731994077","","","","","https://maps.google.com/?hl=en_US&cid=0x0:0x9be75afa968fd196",""
"business","Corporate office","Accuisition innovation","83 Woburn Ave, Benoni, 1500","Benoni","Gauteng","","South Africa","","","","","","https://maps.google.com/?hl=en_US&cid=0x0:0x48c8e2b8b40e8e98",""
"business","Accounting firm","Sepitsi Business Solutions","30 Fifth Ave, Northmead, Benoni, 1501","Benoni","Gauteng","","South Africa"," 0763790650","","","","","https://maps.google.com/?hl=en_US&cid=0x0:0x9c61e09563a5f637",""
"business","Business center","83 Woburn Avenue Benoni Eastrand Johannesburg","83 woburn avenue, Van Ryn SH, Benoni, 1500","Benoni","Gauteng","","South Africa","","","","","","https://maps.google.com/?hl=en_US&cid=0x0:0x1d3fa6b1aaead825",""
"business","Business management consultant","RISIMI CONSULTING SERVICES","6 Back St, Morehill, Benoni, 1511","Benoni","Gauteng","","South Africa"," 0106256756","","","","","https://maps.google.com/?hl=en_US&cid=0x0:0x791f711426d8e14a",""
"business","Accounting firm","The Business Guru","23 Madeley St, Rynfield, Benoni, 1501","Benoni","Gauteng","","South Africa"," 0798984566","","","","","https://maps.google.com/?hl=en_US&cid=0x0:0xb2360ecfe5f4914b",""
"business","Accounting firm","Integrity Accounting and Business Solutions","Saldanha St, Crystal Park, Benoni, 1501","Benoni","Gauteng","","South Africa"," 0618395170","","","","","https://maps.google.com/?hl=en_US&cid=0x0:0xea978bd3327d263f",""
"business","Bookkeeping service","Business Accounting Network - Benoni","92 Simon St, Rynfield, Benoni, 1501","Benoni","Gauteng","","South Africa"," 0861226262","","","","","https://maps.google.com/?hl=en_US&cid=0x0:0xe6b0a3cee4055d43",""
"business","Accountant","Cubeke Group","6 Malherbe Rd, Rynfield, Benoni, 1501","Benoni","Gauteng","","South Africa"," 0794214645","","https://cubeke.co.za/","","","https://maps.google.com/?hl=en_US&cid=0x0:0xb1b96d8d619e64db",""
"business","Business management consultant","MTS Consulting Services","12 Bella St, Lakefield, Benoni, 1501","Benoni","Gauteng","","South Africa"," 0823312885","","","","","https://maps.google.com/?hl=en_US&cid=0x0:0x9f75999be6de466e",""
"business","Computer service","Bit Cheaper","117 Newlands Ave, Benoni, 1501","Benoni","Gauteng","","South Africa"," 0861994441","","","","","https://maps.google.com/?hl=en_US&cid=0x0:0xa7c61d84b906015e",""
"business","Training centre","Deep Learning Academy","Suite Kamogelo Building, 37 Lakefield Ave, Benoni, 1501","Benoni","Gauteng","","South Africa"," 0115682221","info@dpla.co.za","https://dpla.co.za/","","","https://maps.google.com/?hl=en_US&cid=0x0:0xbc5d5189dfb38a75",""
"business","Corporate office","in2food Benoni","34 Van Dyk Rd, Boksburg East Industrial, Benoni, 1500","Benoni","Gauteng","","South Africa"," 0107450790","","http://www.in2food.co.za/","","","https://maps.google.com/?hl=en_US&cid=0x0:0x7e2b79f34078bf6a",""
"business","Business management consultant","Primestar Consulting Pty (LTD)","206, 39 Lakefield Ave, Lakefield, Benoni, 1501","Benoni","Gauteng","","South Africa"," 0103001256","","http://www.primestarconsulting.co.za/","","","https://maps.google.com/?hl=en_US&cid=0x0:0x9bd5ef38720f60dd",""
"business","Business center","RedLine Business Center","14 Tom Jones St, Benoni, 1500","Benoni","Gauteng","","South Africa"," 0634421994","","","","","https://maps.google.com/?hl=en_US&cid=0x0:0xfec473c8a03c3ec7",""
"business","","Company","No 30,unity no 4,Golden Drive, Morehill Ext 8, Benoni, 1501","Benoni","Gauteng","","South Africa"," 0114251345","","","","","https://maps.google.com/?hl=en_US&cid=0x0:0x22d41a7cda4ce033",""
"business","Software company","MP BUSINESS SOLUTIONS","16 Horsfall St, Benoni, 1501","Benoni","Gauteng","","South Africa"," 0731994077","","","","","https://maps.google.com/?hl=en_US&cid=0x0:0x9be75afa968fd196",""
"business","Business management consultant","PCS Management Consultants","Wyvenhoe Gardens, 4 Sunny Rd, Lakefield, Benoni, 1501","Benoni","Gauteng","","South Africa","","","","","","https://maps.google.com/?hl=en_US&cid=0x0:0xcb11468e45327838",""
"business","Property management company","BENONI BOARD","89 Elston Ave, Benoni, 1501","Benoni","Gauteng","","South Africa"," 0114210111","","","","","https://maps.google.com/?hl=en_US&cid=0x0:0x760e17cafb48e5d0",""
"business","Bus stop","Benoni","83 Woburn Ave, Benoni, 1500","Benoni","Gauteng","","South Africa","","","","","","https://maps.google.com/?hl=en_US&cid=0x0:0xf1be64159f8418a3",""
"business","Computer support and services","Decer Computers","83 6th Street, Northmead, Benoni, 1501","Benoni","Gauteng","","South Africa"," 0114250245","info@decer.co.za","https://www.decer.co.za/","","","https://maps.google.com/?hl=en_US&cid=0x0:0x27a896da6cd15afc",""
"business","Auditor","BVSA Accountants and Financial services Benoni","2 Fairbairn St, Rynfield, Benoni, 1501","Benoni","Gauteng","","South Africa"," 0114770003","info@bvsa.ltd","http://www.bvsa.co.za/","","","https://maps.google.com/?hl=en_US&cid=0x0:0x47d59b4680451286",""
"business","Business management consultant","3-D Business Solutions (Pty) Ltd","72 Wordsworth Rd, Farrarmere, Benoni, 1501","Benoni","Gauteng","","South Africa"," 0118491634","","","","","https://maps.google.com/?hl=en_US&cid=0x0:0x7177d7ce3d97d826",""
"business","business","N/A","","","Gauteng","","South Africa"," 0810993196","heather@webmediacc.co.za","https://smallbusinessnetworking.co.za/","","","https://maps.google.com/?hl=en_US&cid=0x0:0x7615104062ba60b9",""
"business","Clothing store","Ambella Corporate  Promotional Gifts","Kamagelo place, 39 Lakefield Ave, Lakefield, Benoni, 1609","Benoni","Gauteng","","South Africa"," 0872559861","info@ambella.co.za","https://ambella.co.za/","","","https://maps.google.com/?hl=en_US&cid=0x0:0x745ea289fe23ea61",""
"business","Business management consultant","Vincor Imported Brands - Office","Farrarmere, Benoni, 1501","Benoni","Gauteng","","South Africa"," 0824489713","","","","","https://maps.google.com/?hl=en_US&cid=0x0:0x5ea1968110cd1a76",""
"business","Business management consultant","People Dynamics / DUX","5 Thatch Way, Lakefield, Benoni, 1501","Benoni","Gauteng","","South Africa"," 0118941853","info@peopledynamics.co.za","http://www.peopledynamics.co.za/","","","https://maps.google.com/?hl=en_US&cid=0x0:0x907c57c8b9b30031",""
"business","business","1525","Lakefield, Benoni","Benoni","Gauteng","","South Africa","","","","","","https://maps.google.com/?hl=en_US&cid=0x0:0x77b08915f752586d",""
"business","Business management consultant","Intercall Business Group","28043 Zomba Avenue, Daveyton, Daveyton, Johannesburg, Benoni, 1520","Zomba Avenue","Gauteng","28043","South Africa"," 0871488100","","","","","https://maps.google.com/?hl=en_US&cid=0x0:0x81e2ed4dfab85f51",""
"business","Accounting firm","Intrigue Consulting","106 Lakefield Ave, Lakefield, Benoni, 1501","Benoni","Gauteng","","South Africa"," 0871492382","info@intrigueconsulting.co.za","http://www.intrigueconsulting.co.za/","","","https://maps.google.com/?hl=en_US&cid=0x0:0x7e02acde8e8f5709",""
"business","Business park","Wydan Business Park","Rd 5, Brentwood Park AH, Benoni","Benoni","Gauteng","","South Africa"," 0824578646","","","","","https://maps.google.com/?hl=en_US&cid=0x0:0x60101c83f46c26ba",""
"business","Accountant","goodbooks","37 Lakefield Avenue, 104 Colltin Place, Lakefield, Benoni, 1501","Benoni","Gauteng","","South Africa"," 0114200084","","https://www.goodbooks.co.za/about-us/","","","https://maps.google.com/?hl=en_US&cid=0x0:0xcdc086f77ccbed4d",""
"business","Warehouse","Fair-Que Business Park","19 Goud St, Goedeburg, Benoni, 1501","Benoni","Gauteng","","South Africa"," 0828722476","","","","","https://maps.google.com/?hl=en_US&cid=0x0:0x53b434e63c0b8b4b",""
"business","Corporate office","83 on Woburn","83 Woburn Ave, Benoni, 1500","Benoni","Gauteng","","South Africa","","","","","","https://maps.google.com/?hl=en_US&cid=0x0:0xed646a253496069a",""
"business","Business management consultant","ATECH","1866 Upudu Street Benoni Kingsway, 1501","Benoni","Gauteng","","South Africa"," 0658152206","","","","","https://maps.google.com/?hl=en_US&cid=0x0:0xed26d09ba37dcd96",""
"business","Warehouse","Business Park","Liverpool Rd, Benoni, 1500","Benoni","Gauteng","","South Africa","","","","","","https://maps.google.com/?hl=en_US&cid=0x0:0x468e931d050358f7",""
"business","Business park","Business Partners Hive","60 Harpur Ave, Benoni 77-Ir, Benoni, 1500","Benoni","Gauteng","","South Africa"," 0832891748","","","","","https://maps.google.com/?hl=en_US&cid=0x0:0x80e18081904811d",""
"business","Shopping mall","Brentwood Business Park","Rd 3, Brentwood Park AH, Benoni","Benoni","Gauteng","","South Africa"," 0861374912","","","","","https://maps.google.com/?hl=en_US&cid=0x0:0x51878e144e207079",""
"business","Business management consultant","3-D Business Solutions (Pty) Ltd","72 Wordsworth Rd, Farrarmere, Benoni, 1501","Benoni","Gauteng","","South Africa"," 0118491634","","","","","https://maps.google.com/?hl=en_US&cid=0x0:0x7177d7ce3d97d826",""
"business","Business management consultant","ATECH","1866 Upudu Street Benoni Kingsway, 1501","Benoni","Gauteng","","South Africa"," 0658152206","","","","","https://maps.google.com/?hl=en_US&cid=0x0:0xed26d09ba37dcd96",""
"business","Property management company","BENONI BOARD","89 Elston Ave, Benoni, 1501","Benoni","Gauteng","","South Africa"," 0114210111","","","","","https://maps.google.com/?hl=en_US&cid=0x0:0x760e17cafb48e5d0",""
"business","Business park","Business Partners Hive","60 Harpur Ave, Benoni 77-Ir, Benoni, 1500","Benoni","Gauteng","","South Africa"," 0832891748","","","","","https://maps.google.com/?hl=en_US&cid=0x0:0x80e18081904811d",""
"business","Software company","MP BUSINESS SOLUTIONS","16 Horsfall St, Benoni, 1501","Benoni","Gauteng","","South Africa"," 0731994077","","","","","https://maps.google.com/?hl=en_US&cid=0x0:0x9be75afa968fd196",""
"business","Auditor","BVSA Accountants and Financial services Benoni","2 Fairbairn St, Rynfield, Benoni, 1501","Benoni","Gauteng","","South Africa"," 0114770003","info@bvsa.ltd","http://www.bvsa.co.za/","","","https://maps.google.com/?hl=en_US&cid=0x0:0x47d59b4680451286",""
"business","Business park","Industrial Area - Benoni South","Benoni South, Benoni, 1501","Benoni","Gauteng","","South Africa","","","","","","https://maps.google.com/?hl=en_US&cid=0x0:0xa483d415c136b187",""
"business","Warehouse","Fair-Que Business Park","19 Goud St, Goedeburg, Benoni, 1501","Benoni","Gauteng","","South Africa"," 0828722476","","","","","https://maps.google.com/?hl=en_US&cid=0x0:0x53b434e63c0b8b4b",""
"business","Business management consultant","Chain Research (Pty) Ltd.","4 Masefield St, Farrarmere, Benoni, 1501","Benoni","Gauteng","","South Africa"," 0825796149","","","","","https://maps.google.com/?hl=en_US&cid=0x0:0x242e75858f0f344f",""
"business","Business park","Wydan Business Park","Rd 5, Brentwood Park AH, Benoni","Benoni","Gauteng","","South Africa"," 0824578646","","","","","https://maps.google.com/?hl=en_US&cid=0x0:0x60101c83f46c26ba",""
"business","Consultant","Ekhuruleni Consulting Services","22 Elston Ave, Kleinfontein 67-Ir, Benoni, 1501","Benoni","Gauteng","","South Africa"," 0114202911","","","","","https://maps.google.com/?hl=en_US&cid=0x0:0x334db8b2e2d585e2",""
"business","Freight forwarding service","Sinadad Logistics","10b Eva Rd, Petit, Benoni, 1512","Benoni","Gauteng","","South Africa"," 0114254335","michelle@sinadad.co.za","http://www.sinadad.co.za/","","","https://maps.google.com/?hl=en_US&cid=0x0:0xb5aae3789cf5bbdc",""
"business","Business management consultant","Vincor Imported Brands - Office","Farrarmere, Benoni, 1501","Benoni","Gauteng","","South Africa"," 0824489713","","","","","https://maps.google.com/?hl=en_US&cid=0x0:0x5ea1968110cd1a76",""
"business","Bookkeeping service","Business Accounting Network - Benoni","92 Simon St, Rynfield, Benoni, 1501","Benoni","Gauteng","","South Africa"," 0861226262","","","","","https://maps.google.com/?hl=en_US&cid=0x0:0xe6b0a3cee4055d43",""
"business","Business management consultant","Contract Consulting (Pty) Ltd","35, 1501 Edward St, Westdene, Benoni, 1501","Benoni","Gauteng","","South Africa"," 0825100186","","","","","https://maps.google.com/?hl=en_US&cid=0x0:0x6f3b9b4860a27345",""
"business","Accountant","Business Manager","318 Tamarisk Rd, Benoni AH, Benoni, 1501","Benoni","Gauteng","","South Africa","","","","","","https://maps.google.com/?hl=en_US&cid=0x0:0x917ab8a58c94973a",""
"business","Freight forwarding service","International Trade and Transport Agents CC","20 Van Wyk Rd, Goedeburg, Benoni, 1501","Benoni","Gauteng","","South Africa"," 0113903900","","http://www.freightforward.co.za/","","","https://maps.google.com/?hl=en_US&cid=0x0:0x53ebb0b8f0763707",""
"business","Accounting firm","Zanzi Accountants and Business Services","16 Korhaan Ave, Mackenzie Park, Benoni, 1501","Benoni","Gauteng","","South Africa"," 0814142408","info@zaabs.co.za","http://zaabs.co.za/","","","https://maps.google.com/?hl=en_US&cid=0x0:0x459da75de4700b0e",""
"business","Accounting firm","Propoint Accounting","9 2nd Rd, Rynfield, Benoni, 1501","Benoni","Gauteng","","South Africa"," 0649411897","","","","","https://maps.google.com/?hl=en_US&cid=0x0:0xe6b1f99b6804fcc7",""
"business","business","Gauteng","","","Gauteng","","South Africa","","","","","","https://maps.google.com/?hl=en_US&cid=0x0:0x6d9ee7c7cb5438e2",""
"business","business","N/A","","","Gauteng","","South Africa"," 0825665007","","https://garylees.myfreesites.net/","","","https://maps.google.com/?hl=en_US&cid=0x0:0xc874c664cbf4e226",""
"business","Business management consultant","Intercall Business Group","28043 Zomba Avenue, Daveyton, Daveyton, Johannesburg, Benoni, 1520","Zomba Avenue","Gauteng","28043","South Africa"," 0871488100","","","","","https://maps.google.com/?hl=en_US&cid=0x0:0x81e2ed4dfab85f51",""
"business","Business management consultant","Brentwood Employment Relations Specialists","212 Pretoria Rd, Rynfield, Benoni, 1501","Benoni","Gauteng","","South Africa"," 0119672237","admin@brentwood.co.za","http://www.brentwood.co.za/","","","https://maps.google.com/?hl=en_US&cid=0x0:0x27169fa5ce018c2e",""
"business","Insurance agency","Genero Brokers","34 Silver St, Goedeburg, Benoni, 1501","Benoni","Gauteng","","South Africa"," 0721344177","","http://genero.co.za/","","","https://maps.google.com/?hl=en_US&cid=0x0:0x77cda7158c59c4c3",""
"business","Accounting firm","Sepitsi Business Solutions","30 Fifth Ave, Northmead, Benoni, 1501","Benoni","Gauteng","","South Africa"," 0763790650","","","","","https://maps.google.com/?hl=en_US&cid=0x0:0x9c61e09563a5f637",""
"business","","Easy Companies","4th Floor, Office 404, 83 Woburn Ave, Benoni, Johannesburg, 1501","Johannesburg","Gauteng","","South Africa"," 0115681155","","","","","https://maps.google.com/?hl=en_US&cid=0x0:0xe959d413f6d319f9",""
"business","Legal services","Legal Business Counsulting","Gauteng, 109 Kemston Ave, Benoni, 1501","Benoni","Gauteng","","South Africa"," 0118162287","","","","","https://maps.google.com/?hl=en_US&cid=0x0:0x3d371cd54a2c6c92",""
"business","Solar energy company","CSI Group","Corner , Pretoria Rd, Petit, Benoni, 1501","Benoni","Gauteng","","South Africa"," 0100030127","","","","","https://maps.google.com/?hl=en_US&cid=0x0:0xd2f8554ce2107eba",""
"business","Financial planner","Niche Consulting","47b Boundary Rd, Rynfield, Benoni, 1501","Benoni","Gauteng","","South Africa"," 0119630184","","http://www.azanko.com/","","","https://maps.google.com/?hl=en_US&cid=0x0:0xe6d1765de958d6fe",""
"business","","Company","No 30,unity no 4,Golden Drive, Morehill Ext 8, Benoni, 1501","Benoni","Gauteng","","South Africa"," 0114251345","","","","","https://maps.google.com/?hl=en_US&cid=0x0:0x22d41a7cda4ce033",""
"business","Business management consultant","ATECH","1866 Upudu Street Benoni Kingsway, 1501","Benoni","Gauteng","","South Africa"," 0658152206","","","","","https://maps.google.com/?hl=en_US&cid=0x0:0xed26d09ba37dcd96",""
"business","Business center","RedLine Business Center","14 Tom Jones St, Benoni, 1500","Benoni","Gauteng","","South Africa"," 0634421994","","","","","https://maps.google.com/?hl=en_US&cid=0x0:0xfec473c8a03c3ec7",""
"business","Business management consultant","3-D Business Solutions (Pty) Ltd","72 Wordsworth Rd, Farrarmere, Benoni, 1501","Benoni","Gauteng","","South Africa"," 0118491634","","","","","https://maps.google.com/?hl=en_US&cid=0x0:0x7177d7ce3d97d826",""
"business","Business park","Wydan Business Park","Rd 5, Brentwood Park AH, Benoni","Benoni","Gauteng","","South Africa"," 0824578646","","","","","https://maps.google.com/?hl=en_US&cid=0x0:0x60101c83f46c26ba",""
"business","Law firm","JP BARNARD ATTORNEYS","3 Holding Rd, Petit, Benoni, 1512","Benoni","Gauteng","","South Africa"," 0119650130","contact@sansoxygen.com","http://www.jpbarnard.com/","","","https://maps.google.com/?hl=en_US&cid=0x0:0x7381cee414df5054",""
"business","Accounting firm","Zanzi Accountants and Business Services","16 Korhaan Ave, Mackenzie Park, Benoni, 1501","Benoni","Gauteng","","South Africa"," 0814142408","info@zaabs.co.za","http://zaabs.co.za/","","","https://maps.google.com/?hl=en_US&cid=0x0:0x459da75de4700b0e",""
"business","Auditor","BVSA Accountants and Financial services Benoni","2 Fairbairn St, Rynfield, Benoni, 1501","Benoni","Gauteng","","South Africa"," 0114770003","info@bvsa.ltd","http://www.bvsa.co.za/","","","https://maps.google.com/?hl=en_US&cid=0x0:0x47d59b4680451286",""
"business","Business park","Business Partners Hive","60 Harpur Ave, Benoni 77-Ir, Benoni, 1500","Benoni","Gauteng","","South Africa"," 0832891748","","","","","https://maps.google.com/?hl=en_US&cid=0x0:0x80e18081904811d",""
"business","Accountant","Business Manager","318 Tamarisk Rd, Benoni AH, Benoni, 1501","Benoni","Gauteng","","South Africa","","","","","","https://maps.google.com/?hl=en_US&cid=0x0:0x917ab8a58c94973a",""
"business","Trucking company","DGH Transport","183 Botha St, Putfontein, Benoni, 1501","Benoni","Gauteng","","South Africa"," 0710035502","info@dghtransport.co.za","http://dghtransport.co.za/","","","https://maps.google.com/?hl=en_US&cid=0x0:0x38bc9e1f3a1e0126",""
"business","Auto repair shop","CARtime Benoni","Unit 5, Alpine Industrial Park, 507 Pretoria Rd, Fairleads, Benoni, 1501","Benoni","Gauteng","","South Africa"," 0100066213","benoni@cartime.co.za","https://cartime.co.za/find-a-branch/benoni-branch/","","","https://maps.google.com/?hl=en_US&cid=0x0:0xc9cd89fb09c0bea5",""
"business","Building restoration service","Trading Company","22937 Sizamile St, Etwatwa, Benoni, 1519","Sizamile St","Gauteng","22937","South Africa"," 0682739691","","","","","https://maps.google.com/?hl=en_US&cid=0x0:0xa95eb7b2bfdee510",""
"business","Property management company","BENONI BOARD","89 Elston Ave, Benoni, 1501","Benoni","Gauteng","","South Africa"," 0114210111","","","","","https://maps.google.com/?hl=en_US&cid=0x0:0x760e17cafb48e5d0",""
"business","Warehouse","Fair-Que Business Park","19 Goud St, Goedeburg, Benoni, 1501","Benoni","Gauteng","","South Africa"," 0828722476","","","","","https://maps.google.com/?hl=en_US&cid=0x0:0x53b434e63c0b8b4b",""
"business","Warehouse","Business Park","Liverpool Rd, Benoni, 1500","Benoni","Gauteng","","South Africa","","","","","","https://maps.google.com/?hl=en_US&cid=0x0:0x468e931d050358f7",""
"business","Manufacturer","Benoni Transmission products","25 Russel St, Benoni South, Benoni, 1502","Benoni","Gauteng","","South Africa"," 0110242644","","","","","https://maps.google.com/?hl=en_US&cid=0x0:0xffecc50b6dd783c6",""
"business","Employment agency","Benoni JOINTS company","54 Elston Ave, Benoni, 1501","Benoni","Gauteng","","South Africa"," 0112339566","","","","","https://maps.google.com/?hl=en_US&cid=0x0:0x36a0d30903bb4e67",""
"business","Store","Business man","892 Singh street ( next to actonville driving school ) actonville, Benoni, 1020","Benoni","Gauteng","","South Africa","","","","","","https://maps.google.com/?hl=en_US&cid=0x0:0x4d1f8f24edf082e1",""
"business","business","1527","Benoni Orchards, Benoni","Benoni","Gauteng","","South Africa","","","","","","https://maps.google.com/?hl=en_US&cid=0x0:0x24dadbd45e9cf420",""
"business","Software company","MP BUSINESS SOLUTIONS","16 Horsfall St, Benoni, 1501","Benoni","Gauteng","","South Africa"," 0731994077","","","","","https://maps.google.com/?hl=en_US&cid=0x0:0x9be75afa968fd196",""
"business","Accounting firm","D And N Business Services","28 Platinum St, Goedeburg, Benoni, 1501","Benoni","Gauteng","","South Africa"," 0824970677","","","","","https://maps.google.com/?hl=en_US&cid=0x0:0xd2859e5c58dbcf73",""
"business","Business management consultant","Chain Research (Pty) Ltd.","4 Masefield St, Farrarmere, Benoni, 1501","Benoni","Gauteng","","South Africa"," 0825796149","","","","","https://maps.google.com/?hl=en_US&cid=0x0:0x242e75858f0f344f",""
"business","Business management consultant","Vincor Imported Brands - Office","Farrarmere, Benoni, 1501","Benoni","Gauteng","","South Africa"," 0824489713","","","","","https://maps.google.com/?hl=en_US&cid=0x0:0x5ea1968110cd1a76",""
"business","Bookkeeping service","Business Accounting Network - Benoni","1095 Seedat St, Actonville, Benoni, 1501","Benoni","Gauteng","","South Africa"," 0861226226","","","","","https://maps.google.com/?hl=en_US&cid=0x0:0x6a593c276f20e211",""
"business","Shopping mall","Brentwood Business Park","Rd 3, Brentwood Park AH, Benoni","Benoni","Gauteng","","South Africa"," 0861374912","","","","","https://maps.google.com/?hl=en_US&cid=0x0:0x51878e144e207079",""
"business","Corporate office","83 on Woburn","83 Woburn Ave, Benoni, 1500","Benoni","Gauteng","","South Africa","","","","","","https://maps.google.com/?hl=en_US&cid=0x0:0xed646a253496069a",""
"business","Employment agency","V  A Personnel","Benoni South, Benoni, 1501","Benoni","Gauteng","","South Africa"," 0116094115","recruitment@vnapersonnel.co.za","https://www.vnapersonnel.co.za/","","","https://maps.google.com/?hl=en_US&cid=0x0:0xe041e699d4303437",""
"business","Industrial equipment supplier","Imbasa Suppliers (Pty) Ltd","Industrial Sites, Unit 20 Hillman Mini Factories, No: 8 Lancaster Rd, Benoni, 1500","Benoni","Gauteng","","South Africa"," 0114200121","","http://imbasasuppliers.co.za/","","","https://maps.google.com/?hl=en_US&cid=0x0:0xce8e100e6c2ad75b",""
"business","Business management consultant","at reception","Industrial, 82 Apex Rd, East, Benoni, 1540","Benoni","Gauteng","","South Africa"," 0105008611","","","","","https://maps.google.com/?hl=en_US&cid=0x0:0x4d1e2ceb917759b4",""
"business","Accountant","Business Manager","318 Tamarisk Rd, Benoni AH, Benoni, 1501","Benoni","Gauteng","","South Africa","","","","","","https://maps.google.com/?hl=en_US&cid=0x0:0x917ab8a58c94973a",""
"business","Bookkeeping service","Business Accounting Network - Benoni","92 Simon St, Rynfield, Benoni, 1501","Benoni","Gauteng","","South Africa"," 0861226262","","","","","https://maps.google.com/?hl=en_US&cid=0x0:0xe6b0a3cee4055d43",""
"business","Employment agency","Benoni JOINTS company","54 Elston Ave, Benoni, 1501","Benoni","Gauteng","","South Africa"," 0112339566","","","","","https://maps.google.com/?hl=en_US&cid=0x0:0x36a0d30903bb4e67",""
"business","Business management consultant","Chain Research (Pty) Ltd.","4 Masefield St, Farrarmere, Benoni, 1501","Benoni","Gauteng","","South Africa"," 0825796149","","","","","https://maps.google.com/?hl=en_US&cid=0x0:0x242e75858f0f344f",""
"business","Business management consultant","ATECH","1866 Upudu Street Benoni Kingsway, 1501","Benoni","Gauteng","","South Africa"," 0658152206","","","","","https://maps.google.com/?hl=en_US&cid=0x0:0xed26d09ba37dcd96",""
"business","Legal services","Legal Business Counsulting","Gauteng, 109 Kemston Ave, Benoni, 1501","Benoni","Gauteng","","South Africa"," 0118162287","","","","","https://maps.google.com/?hl=en_US&cid=0x0:0x3d371cd54a2c6c92",""
"business","Auditor","BVSA Accountants and Financial services Benoni","2 Fairbairn St, Rynfield, Benoni, 1501","Benoni","Gauteng","","South Africa"," 0114770003","info@bvsa.ltd","http://www.bvsa.co.za/","","","https://maps.google.com/?hl=en_US&cid=0x0:0x47d59b4680451286",""
"business","Business park","Wydan Business Park","Rd 5, Brentwood Park AH, Benoni","Benoni","Gauteng","","South Africa"," 0824578646","","","","","https://maps.google.com/?hl=en_US&cid=0x0:0x60101c83f46c26ba",""
"business","Business management consultant","Vincor Imported Brands - Office","Farrarmere, Benoni, 1501","Benoni","Gauteng","","South Africa"," 0824489713","","","","","https://maps.google.com/?hl=en_US&cid=0x0:0x5ea1968110cd1a76",""
"business","Business park","Business Partners Hive","60 Harpur Ave, Benoni 77-Ir, Benoni, 1500","Benoni","Gauteng","","South Africa"," 0832891748","","","","","https://maps.google.com/?hl=en_US&cid=0x0:0x80e18081904811d",""
"business","Machine shop","Bausch Business Enterprise cc","Unit 2, 12 Pittsburg St, Apex, Benoni, 1540","Benoni","Gauteng","","South Africa"," 0824664133","","","","","https://maps.google.com/?hl=en_US&cid=0x0:0xc56ce19f5539f0d",""
"business","","Easy Companies","4th Floor, Office 404, 83 Woburn Ave, Benoni, Johannesburg, 1501","Johannesburg","Gauteng","","South Africa"," 0115681155","","","","","https://maps.google.com/?hl=en_US&cid=0x0:0xe959d413f6d319f9",""
"business","Business park","Apex Business Park","24 Auckland Street, Apex, Benoni, 1540","Benoni","Gauteng","","South Africa"," 0820808021","","","","","https://maps.google.com/?hl=en_US&cid=0x0:0xefd8e72e6bc3afa1",""
"business","Warehouse","Business Park","Liverpool Rd, Benoni, 1500","Benoni","Gauteng","","South Africa","","","","","","https://maps.google.com/?hl=en_US&cid=0x0:0x468e931d050358f7",""
"business","Law firm","procurement","183b Uys St, Benoni AH, Benoni, 1514","Benoni","Gauteng","","South Africa"," 0679009573","","","","","https://maps.google.com/?hl=en_US&cid=0x0:0xb48629155786d4aa",""
"business","Business management consultant","Leadership Tomorrow","Private Estate, Benoni, 2 Scott St, Rynfield, Johannesburg, 1500","Johannesburg","Gauteng","","South Africa"," 0114253749","","","","","https://maps.google.com/?hl=en_US&cid=0x0:0x84268d46c392055a",""
"business","Business management consultant","3-D Business Solutions (Pty) Ltd","72 Wordsworth Rd, Farrarmere, Benoni, 1501","Benoni","Gauteng","","South Africa"," 0118491634","","","","","https://maps.google.com/?hl=en_US&cid=0x0:0x7177d7ce3d97d826",""
"business","Property management company","BENONI BOARD","89 Elston Ave, Benoni, 1501","Benoni","Gauteng","","South Africa"," 0114210111","","","","","https://maps.google.com/?hl=en_US&cid=0x0:0x760e17cafb48e5d0",""
"business","Software company","MP BUSINESS SOLUTIONS","16 Horsfall St, Benoni, 1501","Benoni","Gauteng","","South Africa"," 0731994077","","","","","https://maps.google.com/?hl=en_US&cid=0x0:0x9be75afa968fd196",""
"business","Employment agency","V  A Personnel","Benoni South, Benoni, 1501","Benoni","Gauteng","","South Africa"," 0116094115","recruitment@vnapersonnel.co.za","https://www.vnapersonnel.co.za/","","","https://maps.google.com/?hl=en_US&cid=0x0:0xe041e699d4303437",""
"business","Recruiter","CMC Global","97 Bedford Ave, Benoni, 1500","Benoni","Gauteng","","South Africa"," 0114202313","","","","","https://maps.google.com/?hl=en_US&cid=0x0:0x19df7769756dfd65",""
"business","Business center","83 Woburn Avenue Benoni Eastrand Johannesburg","83 woburn avenue, Van Ryn SH, Benoni, 1500","Benoni","Gauteng","","South Africa","","","","","","https://maps.google.com/?hl=en_US&cid=0x0:0x1d3fa6b1aaead825",""
"business","Corporate office","83 on Woburn","83 Woburn Ave, Benoni, 1500","Benoni","Gauteng","","South Africa","","","","","","https://maps.google.com/?hl=en_US&cid=0x0:0xed646a253496069a",""
"business","business","N/A","","","Gauteng","","South Africa"," 0727410696","myrightkareer@gmail.com","https://myrightkareer.wixsite.com/rightkareer","","","https://maps.google.com/?hl=en_US&cid=0x0:0x2c2a48a5dc310ab3",""
"business","Print shop","Jetline Benoni","155 Pretoria Rd, Rynfield, Benoni, 1501","Benoni","Gauteng","","South Africa"," 0105900496","","https://www.jetline.co.za/store/jetline-benoni/","","","https://maps.google.com/?hl=en_US&cid=0x0:0x33f10e43f53c813c",""
"business","business","N/A","","","Gauteng","","South Africa"," 0647835657","","","","","https://maps.google.com/?hl=en_US&cid=0x0:0x2ae68873e095221c",""
"business","business","N/A","","","Gauteng","","South Africa"," 0825665007","","https://garylees.myfreesites.net/","","","https://maps.google.com/?hl=en_US&cid=0x0:0xc874c664cbf4e226",""
"business","Business management consultant","Brentwood Employment Relations Specialists","212 Pretoria Rd, Rynfield, Benoni, 1501","Benoni","Gauteng","","South Africa"," 0119672237","admin@brentwood.co.za","http://www.brentwood.co.za/","","","https://maps.google.com/?hl=en_US&cid=0x0:0x27169fa5ce018c2e",""
"business","business","N/A","","","Gauteng","","South Africa"," 0825665007","","https://garylees.myfreesites.net/","","","https://maps.google.com/?hl=en_US&cid=0x0:0xc874c664cbf4e226",""
"business","business","N/A","","","Gauteng","","South Africa"," 0824514239","greg.lock@innovativesolutions.co.za","https://innovativesolutions.co.za/","","","https://maps.google.com/?hl=en_US&cid=0x0:0x2bc12cc4bf0a93a7",""
"business","business","N/A","","","Gauteng","","South Africa"," 0842078264","","https://www.promoafrica.com/hellocorporate","","","https://maps.google.com/?hl=en_US&cid=0x0:0xceaefeee432b3e37",""
"business","business","N/A","","","Gauteng","","South Africa"," 0114253620","","","","","https://maps.google.com/?hl=en_US&cid=0x0:0x59e205e2dcf13f9c",""
"business","business","N/A","","","Gauteng","","South Africa"," 0645514512","","","","","https://maps.google.com/?hl=en_US&cid=0x0:0xe8ab1e0a62b82f32",""
"business","Property management company","BENONI BOARD","89 Elston Ave, Benoni, 1501","Benoni","Gauteng","","South Africa"," 0114210111","","","","","https://maps.google.com/?hl=en_US&cid=0x0:0x760e17cafb48e5d0",""
"business","business","N/A","","","Gauteng","","South Africa"," 0635018606","","","","","https://maps.google.com/?hl=en_US&cid=0x0:0x82b45a40e8282cbe",""
"business","business","N/A","","","Gauteng","","South Africa"," 0827793086","","","","","https://maps.google.com/?hl=en_US&cid=0x0:0x85e92d127bb1659c",""
"business","business","N/A","","","Gauteng","","South Africa"," 0826551201","","","","","https://maps.google.com/?hl=en_US&cid=0x0:0x6d4fef953b17f543",""
"business","business","N/A","","","Gauteng","","South Africa"," 0827659238","","","","","https://maps.google.com/?hl=en_US&cid=0x0:0xc0c5aa84aa921a63",""
"business","business","N/A","","","Gauteng","","South Africa"," 0814782407","","http://www.descendropeaccess.co.za/","","","https://maps.google.com/?hl=en_US&cid=0x0:0x7fd26746a89d362c",""
"business","Cleaning products supplier","BRCT Supply Services (PTY) Ltd","Unit 10, 12 Pittsburg St, Apex, Benoni, 1540","Benoni","Gauteng","","South Africa"," 0825695311","sales@brct.co.za","https://brct.co.za/","","","https://maps.google.com/?hl=en_US&cid=0x0:0x8dc95491074d3383",""
"business","business","N/A","","","Gauteng","","South Africa"," 0836010580","","","","","https://maps.google.com/?hl=en_US&cid=0x0:0x350b629f9256125d",""
"business","business","N/A","","","Gauteng","","South Africa"," 0736761456","","","","","https://maps.google.com/?hl=en_US&cid=0x0:0x2d331d7d7f48b75f",""
"business","business","N/A","","","Gauteng","","South Africa","","","","","","https://maps.google.com/?hl=en_US&cid=0x0:0xcf606cdce3f6be92",""
"business","Auditor","BVSA Accountants and Financial services Benoni","2 Fairbairn St, Rynfield, Benoni, 1501","Benoni","Gauteng","","South Africa"," 0114770003","info@bvsa.ltd","http://www.bvsa.co.za/","","","https://maps.google.com/?hl=en_US&cid=0x0:0x47d59b4680451286",""
"business","business","N/A","","","Gauteng","","South Africa"," 0727410696","myrightkareer@gmail.com","https://myrightkareer.wixsite.com/rightkareer","","","https://maps.google.com/?hl=en_US&cid=0x0:0x2c2a48a5dc310ab3",""
"business","Accountant","Business Manager","318 Tamarisk Rd, Benoni AH, Benoni, 1501","Benoni","Gauteng","","South Africa","","","","","","https://maps.google.com/?hl=en_US&cid=0x0:0x917ab8a58c94973a",""
"business","business","Benoni","","Benoni","Gauteng","","South Africa","","","","","","https://maps.google.com/?hl=en_US&cid=0x0:0x619c7f175429a6e0",""
"business","business","N/A","","","Gauteng","","South Africa"," 0828947269","","","","","https://maps.google.com/?hl=en_US&cid=0x0:0x1ee2e46194d28846",""
"business","business","N/A","","","Gauteng","","South Africa"," 0647835657","","","","","https://maps.google.com/?hl=en_US&cid=0x0:0x2ae68873e095221c",""
"business","Software company","MP BUSINESS SOLUTIONS","16 Horsfall St, Benoni, 1501","Benoni","Gauteng","","South Africa"," 0731994077","","","","","https://maps.google.com/?hl=en_US&cid=0x0:0x9be75afa968fd196",""
"business","business","N/A","","","Gauteng","","South Africa"," 0767489082","","","","","https://maps.google.com/?hl=en_US&cid=0x0:0x7d41f1c5d3377aa",""
"business","business","N/A","","","Gauteng","","South Africa"," 0878034434","","","","","https://maps.google.com/?hl=en_US&cid=0x0:0x34be500455d16548",""
"business","Business management consultant","ATECH","1866 Upudu Street Benoni Kingsway, 1501","Benoni","Gauteng","","South Africa"," 0658152206","","","","","https://maps.google.com/?hl=en_US&cid=0x0:0xed26d09ba37dcd96",""
"business","business","N/A","","","Gauteng","","South Africa"," 0847770902","amkryukov@gmail.com","http://www.normanmasiya.com/","","","https://maps.google.com/?hl=en_US&cid=0x0:0xa99dc379fb1a956c",""
"business","business","N/A","","","Gauteng","","South Africa"," 0787170707","","","","","https://maps.google.com/?hl=en_US&cid=0x0:0x18823b7cf99787d7",""
"business","business","N/A","","","Gauteng","","South Africa"," 0733055259","","","","","https://maps.google.com/?hl=en_US&cid=0x0:0x27376fb00f9975e4",""
"business","business","N/A","","","Gauteng","","South Africa"," 0826551201","","","","","https://maps.google.com/?hl=en_US&cid=0x0:0x841141910d562c98",""
"business","Travel agency","Corporate Traveller South Africa | Corporate Travel Management","299 Pendoring Rd, Blackheath, Randburg, 2195","Randburg","Gauteng","","South Africa"," 0877405090","","","","","https://maps.google.com/?hl=en_US&cid=0x0:0xf7e562d4f60c3503",""
"business","Accountant","Virtual Accounting Firm","299 Pendoring Rd, Blackheath, Randburg, 2196","Randburg","Gauteng","","South Africa"," 0823884300","info@virtualaccountingfirm.co.za","https://www.virtualaccountingfirm.co.za/","","","https://maps.google.com/?hl=en_US&cid=0x0:0xc9aed9180fbbbaca",""
"business","Legal services","Venter and Associates","Pendoring Office Park, 299 Pendoring Rd, Blackheath, Johannesburg, 2195","Johannesburg","Gauteng","","South Africa"," 0879450300","info@venterinc.co.za","http://venterinc.co.za/","","","https://maps.google.com/?hl=en_US&cid=0x0:0xb08d8e731754d5ba",""
"business","Software company","WKT Business Solutions","Unit 1, The Workspace, Pendoring Office Park, 299 Pendoring Rd, Blackheath, Randburg, 2195","Randburg","Gauteng","","South Africa","","","","","","https://maps.google.com/?hl=en_US&cid=0x0:0x26fa393a5060ab1e",""
"business","Civil law attorney","Mbat Attorneys","18 Badenhorst Rd, Blackheath, Randburg, 2195","Randburg","Gauteng","","South Africa"," 0113262111","","","","","https://maps.google.com/?hl=en_US&cid=0x0:0xd4af11a63ed62db4",""
"business","Law firm","NGCOBO SN INC","18 Badenhorst Rd, Blackheath, Randburg, 2195","Randburg","Gauteng","","South Africa"," 0676151739","info@nsninc.co.za","http://nsninc.co.za/","","","https://maps.google.com/?hl=en_US&cid=0x0:0x9f60ab103bb1443a",""
"business","Software company","NALE Technologies","5, Block 1, 299 Pendoring Rd, Blackheath, Randburg, 2195","Randburg","Gauteng","","South Africa"," 0115895804","","","","","https://maps.google.com/?hl=en_US&cid=0x0:0xf8dccb42afe3f526",""
"business","Business management consultant","Ben-G Consulting (Pty) Ltd","299 PENDORING OFFICE PARK BUILDING 4 GROUND FLOOR, Blackheath, Randburg, 2195","Randburg","Gauteng","","South Africa"," 0834561414","","","","","https://maps.google.com/?hl=en_US&cid=0x0:0x9a4de0d6c8435c7b",""
"business","Software company","Zazizezwe","Unit 1, Pendoring Office Park, 299 Pendoring Rd, Blackheath, Randburg, 2195","Randburg","Gauteng","","South Africa"," 0104480734","","http://zazizezwe.co.za/","","","https://maps.google.com/?hl=en_US&cid=0x0:0x7d20466b3e512bbf",""
"business","Law firm","CGG INC ATTORNEYS","Building 3, Section, Visiomed Office Park, 269, 11A Beyers Naudé Dr, Blackheath, Randburg, 2194","Randburg","Gauteng","","South Africa"," 0101090941","grove@cgginc.co.za","http://www.cgginc.co.za/","","","https://maps.google.com/?hl=en_US&cid=0x0:0xa757558305306858",""
"business","Law firm","Louw Louw Incorporated","Building 1, Unit 1, Visiomed Office Park, 269 Beyers Naudé Dr, Northcliff, Johannesburg, 2195","Johannesburg","Gauteng","","South Africa"," 0114311821","thys@llink.co.za","https://www.llink.co.za/","","","https://maps.google.com/?hl=en_US&cid=0x0:0xc0b40820a4838bfc",""
"business","Legal services","BMM Attorneys","267 Harley Road, 6 Harley Close, Blackheath, Johannesburg, 2195","Johannesburg","Gauteng","","South Africa","","bmthembu@bmmattorneys.co.za","https://bmmattorneys.co.za/","","","https://maps.google.com/?hl=en_US&cid=0x0:0xb9353d0870e0739b",""
"business","Lawyer","Fyfer  Associates Inc","269 Beyers Naudé Dr, Blackheath, Randburg, 2195","Randburg","Gauteng","","South Africa"," 0116782160","","http://fyferincorporated.co.za/","","","https://maps.google.com/?hl=en_US&cid=0x0:0xeba7d0e852139705",""
"business","Business management consultant","Masmab Business Consultants","299 Pendoring Rd, Blackheath, Randburg, 2195","Randburg","Gauteng","","South Africa"," 0658327221","","","","","https://maps.google.com/?hl=en_US&cid=0x0:0x9a066b18e19a501e",""
"business","Accounting firm","Affiance Tax and Accounting services","269 Beyers Naudé Dr, Blackheath, Randburg, 2195","Randburg","Gauteng","","South Africa"," 0114787002","","http://affiance.co.za/","","","https://maps.google.com/?hl=en_US&cid=0x0:0xb684ab5772626ce1",""
"business","Legal services","Nelson Borman  Partners INC","258 Beyers Naudé Dr, Blackheath, Randburg, 2195","Randburg","Gauteng","","South Africa"," 0114762420","blackheath@nelsonborman.co.za","http://www.nelsonborman.co.za/","","","https://maps.google.com/?hl=en_US&cid=0x0:0x3980f7de3a368f06",""
"business","Lawyer","Cilliers Lattanzi Attorneys","Unit 1, Pendoring Office Park, 299 Pendoring Street, Blackheath, Randburg, 2195","Randburg","Gauteng","","South Africa"," 0115895947","","","","","https://maps.google.com/?hl=en_US&cid=0x0:0x245829a7fffa87ed",""
"business","Business management consultant","MacG Consulting","268 Harley Rd, Blackheath, Randburg, 2195","Randburg","Gauteng","","South Africa"," +64272743116","","","","","https://maps.google.com/?hl=en_US&cid=0x0:0x7206044a04dd7ba",""
"business","Engineering consultant","Projects  Industrial Engineering","261 Weltevreden Rd, Blackheath, Randburg, 2195","Randburg","Gauteng","","South Africa"," 0116782464","mail@pieng.co.za","http://www.pieng.co.za/","","","https://maps.google.com/?hl=en_US&cid=0x0:0xa5bac22984faaa77",""
"business","Business management consultant","L-H Business Consulting","213 Troye St, Muckleneuk, Pretoria, 0002","Pretoria","Gauteng","","South Africa"," 0127544556","","http://lhbusiness.co.za/","","","https://maps.google.com/?hl=en_US&cid=0x0:0x49a135eea5a3f641",""
"business","Internet service provider","Small, Medium  Micro Enterprise","RIVA Suites, 267 Du Toit St, Pretoria Central, Pretoria, 0002","Pretoria","Gauteng","","South Africa"," 0665571571","info@smme-link.co.za","http://smme-link.co.za/","","","https://maps.google.com/?hl=en_US&cid=0x0:0x60879b4071917382",""
"business","Business management consultant","Maverick Business Solutions","403 B, Fountain Vie, 71 Willow Rd, Muckleneuk, Pretoria, 0002","Pretoria","Gauteng","","South Africa"," 0127518253","","","","","https://maps.google.com/?hl=en_US&cid=0x0:0x3dff21c5132960a9",""
"business","Business management consultant","Claricent Consulting Services Pty Ltd","337 Visagie St, Pretoria Central, Pretoria, 0001","Pretoria","Gauteng","","South Africa"," 0871520938","info@claricent-consulting.co.za","http://www.claricent-consulting.co.za/","","","https://maps.google.com/?hl=en_US&cid=0x0:0xe4d00c7e0d82a55",""
"business","Government office","THE COMPANIES TRIBUNAL","block e, 3 the dti Campus, 77 Meintjies St, Sunnyside, Pretoria, 0002","Pretoria","Gauteng","","South Africa"," 0123943071","registry@companiestribunal.org.za","http://companiestribunal.org.za/","","","https://maps.google.com/?hl=en_US&cid=0x0:0xe8c42038910bec50",""
"business","Business management consultant","Burem business forensics","102 Park Gardens, 513 Van Der Walt Straat, Pretoria Central, 0002","Pretoria","Gauteng","","South Africa"," 0625535224","","","","","https://maps.google.com/?hl=en_US&cid=0x0:0x76862da52308818d",""
"business","Business management consultant","Kharitanganyise General Services (KGS) (Pty) Ltd","72 Skietpoort Ave, Salvokop, Pretoria, 0002","Pretoria","Gauteng","","South Africa"," 0825724618","","","","","https://maps.google.com/?hl=en_US&cid=0x0:0xff34d7fb8e699ed4",""
"business","Business management consultant","angelz business consulting","Pretoria Central, Pretoria, 0008","Pretoria","Gauteng","","South Africa"," 0799164314","","https://www.angelzbusinessconsulting.co.za/","","","https://maps.google.com/?hl=en_US&cid=0x0:0x4b45695bd4474db8",""
"business","Business management consultant","Thuso Business Consulting","Protea Towers, 240 Paul Kruger St, Pretoria Central, Pretoria, 0001","Pretoria","Gauteng","","South Africa"," 0794803617","thuso@thusoconsulting.co.za","http://thusoconsulting.co.za/","","","https://maps.google.com/?hl=en_US&cid=0x0:0x40fe351b0ca9abe3",""
"business","Fingerprinting service","On Guard Consulting (Pty) Ltd","Office N301, JSL Towers, Office N0301, JSL Towers, 265 Pretorius St, Pretoria Central, Pretoria, 0001","Pretoria","Gauteng","","South Africa"," 0604906976","","http://onguard365.co.za/","","","https://maps.google.com/?hl=en_US&cid=0x0:0xc31d3f4957e498ed",""
"business","State police","Boipatong SS","Unnamed Road, Tshepiso, Vanderbijlpark, 1901","Vanderbijlpark","Gauteng","","South Africa","","","","","","https://maps.google.com/?hl=en_US&cid=0x0:0xc4e5c36a894a5a5e",""
"business","Event planner","Bontle Ba Isago Trading Enterprise","9124 Nkomo Dr, Sharpeville, Vereeniging, 1928","Vereeniging","Gauteng","","South Africa"," 0658418754","","","","","https://maps.google.com/?hl=en_US&cid=0x0:0xf9de0ea43d280fac",""
"business","Grocery store","Boipatong Trading","878 Umzimvubu St, Boipatong, Vanderbijlpark, 1900","Vanderbijlpark","Gauteng","","South Africa"," 0810473102","","","","","https://maps.google.com/?hl=en_US&cid=0x0:0x329dca04a1817075",""
"business","Logistics service","Hash-tag innovations","4135Smarties, Boipatong, Vanderbijlpark, 1911","Vanderbijlpark","Gauteng","","South Africa"," 0634695179","","","","","https://maps.google.com/?hl=en_US&cid=0x0:0x97afcd1db9c0e3df",""
"business","Business management consultant","Botle ba thuso","1842 ext 1, Bophelong, Vanderbijlpark, 1911","Vanderbijlpark","Gauteng","","South Africa"," 0826953071","","","","","https://maps.google.com/?hl=en_US&cid=0x0:0x3b29cafadd9bf6f3",""
"business","Library","Boipatong Library","cnr Mamelodi  Dr Nkoma St Boipatong, Boipatong, Vanderbijlpark, 1901","Vanderbijlpark","Gauteng","","South Africa"," 0169883738","","","","","https://maps.google.com/?hl=en_US&cid=0x0:0x7768ee9514023b9c",""
"business","Advertising service","Tamp'Up Media","108 Majola St, Boipatong, Vanderbijlpark, 1911","Vanderbijlpark","Gauteng","","South Africa"," 0716147220","","","","","https://maps.google.com/?hl=en_US&cid=0x0:0x7019c5ba266a928",""
"business","Housing society","Vanderbijlpark","Hlubi St, Boipatong, Vanderbijlpark, 1901","Vanderbijlpark","Gauteng","","South Africa"," 0823652741","","","","","https://maps.google.com/?hl=en_US&cid=0x0:0x7a4c8c5b4d4056d",""
"business","Engineer","Ferrous High Precision Engineering (Pty) Ltd","26 Fairbanks St, Bophelong, Vanderbijlpark, 1911","Vanderbijlpark","Gauteng","","South Africa"," 0169860721","gustav@ferrous.co.za","http://www.ferrous.co.za/","","","https://maps.google.com/?hl=en_US&cid=0x0:0x57caa3039fa254df",""
"business","Corporate office","Boipatong Thusong Service Centre","1891 Dr Nkomo St, Boipatong, Vanderbijlpark, 1901","Vanderbijlpark","Gauteng","","South Africa","","","","","","https://maps.google.com/?hl=en_US&cid=0x0:0x1fc27dfe93b2d49a",""
"business","Church","Boipatong Assemblies of God Church","949 Umzimvubu St, Boipatong, Vanderbijlpark, 1901","Vanderbijlpark","Gauteng","","South Africa"," 0169881493","","","","","https://maps.google.com/?hl=en_US&cid=0x0:0x98eb78dc713e0a92",""
"business","Transportation service","Mtaung Solutions","1752 Sigcau St, Boipatong, Vanderbijlpark, 1901","Vanderbijlpark","Gauteng","","South Africa"," 0736533230","","","","","https://maps.google.com/?hl=en_US&cid=0x0:0x77ccdd05abd5dece",""
"business","Steel fabricator","Cape Gate (Pty) Ltd","3 Nobel Blvd, Vanderbijlpark N. E. 3, Vanderbijlpark, 1911","Vanderbijlpark","Gauteng","","South Africa"," 0169802121","davsales@capegate.co.za","http://www.capegate.co.za/","","","https://maps.google.com/?hl=en_US&cid=0x0:0xd885c269ade2dba9",""
"business","Music producer","Sky Kingdom Records","Ext4, 3897, Boipatong, Vanderbijlpark, 1901","Vanderbijlpark","Gauteng","","South Africa"," 0655884762","","","","","https://maps.google.com/?hl=en_US&cid=0x0:0x5b6ffb4ac60b803e",""
"business","","PSN Attorneys","Vanderbijlpark S. W. 5, Vanderbijlpark, 1911","Vanderbijlpark","Gauteng","","South Africa","","thefirm@psn.co.za","http://www.psn.co.za/","","","https://maps.google.com/?hl=en_US&cid=0x0:0x628d4577eb5d19cd",""
"business","Bakery","Maffin.","594 Bafokeng St, Boipatong, Vanderbijlpark, 1901","Vanderbijlpark","Gauteng","","South Africa"," 0813866395","","","","","https://maps.google.com/?hl=en_US&cid=0x0:0x7044731039785878",""
"business","Engineering consultant","ONSITE SERVICES","4 Platinum St, Vanderbijlpark C. E. 6, Vanderbijlpark, 1900","Vanderbijlpark","Gauteng","","South Africa"," 0169810237","","http://www.onsiteservices.co.za/","","","https://maps.google.com/?hl=en_US&cid=0x0:0xfdab2667fa53a68b",""
"business","Protective clothing supplier","Pro-Tech Safety Products CC Vaal","Unit 7-8, Impala Building, 28 Edison Blvd, Vanderbijlpark C. E. 6, Vanderbijlpark, 1911","Vanderbijlpark","Gauteng","","South Africa"," 0169336882","","","","","https://maps.google.com/?hl=en_US&cid=0x0:0x5fc713df79db4243",""
"business","Website designer","Siteweb","98 Rossini Blvd, SW2, Vanderbijlpark, 1911","Vanderbijlpark","Gauteng","","South Africa"," 0861234444","info@siteweb.co.za","https://www.siteweb.co.za/","","","https://maps.google.com/?hl=en_US&cid=0x0:0x25d051f60c03aa34",""
"business","Record company","THE 98 PROJECT","CLINIC, 3613 LUSAKA 1, Boipatong, Vanderbijlpark, 1901","Vanderbijlpark","Gauteng","","South Africa"," 0631404729","","","","","https://maps.google.com/?hl=en_US&cid=0x0:0xd53df688199bd2cc",""
"business","Construction company","Gosiame Trading And Projects Pty (Ltd)","102 Majola St, Boipatong, Vanderbijlpark, 1911","Vanderbijlpark","Gauteng","","South Africa"," 0624900772","","","","","https://maps.google.com/?hl=en_US&cid=0x0:0x41f618ff507418d1",""
"business","Construction equipment supplier","Bokamoso Business Solutions  Projects","27 Jorrison St, CE3, Vanderbijlpark, 1911","Vanderbijlpark","Gauteng","","South Africa"," 0738880316","","","","","https://maps.google.com/?hl=en_US&cid=0x0:0xdf00c5e8a07b0a44",""
"business","Music publisher","Musician/Band","926 Thembu Street, Boipatong, Vanderbijlpark, 1911","Vanderbijlpark","Gauteng","","South Africa"," 0676499800","","","","","https://maps.google.com/?hl=en_US&cid=0x0:0xd7421814d3eab387",""
"business","Industrial equipment supplier","Machine Tool Promotions","10 Fraser St, Vanderbijlpark C. E. 6, Vanderbijlpark, 1911","Vanderbijlpark","Gauteng","","South Africa"," 0169311564","info@mtpsa.co.za","https://www.mtpsa.co.za/","","","https://maps.google.com/?hl=en_US&cid=0x0:0x1828c4c98391ab5a",""
"business","Digital printer","Print-ID","Shop 3, Edison Business Park, 20 Edison Blvd, Vanderbijlpark C. E. 6, Vanderbijlpark, 1911","Vanderbijlpark","Gauteng","","South Africa"," 0160650525","info@print-id.co.za","https://print-id.co.za/","","","https://maps.google.com/?hl=en_US&cid=0x0:0xbc529b11f3095496",""
"business","Steel fabricator","Sarco","Vanderbijlpark N. W. 7, Industrial, 1911","Industrial","Gauteng","","South Africa"," 0169107000","","https://sarco.co.za/","","","https://maps.google.com/?hl=en_US&cid=0x0:0x22dceb083c6eba3c",""
"business","Machining manufacturer","Greif Vanderbijlpark","Martin Blvd, Vanderbijlpark N. E. 3, Vanderbijlpark, 1900","Vanderbijlpark","Gauteng","","South Africa"," 0169301100","pin-recycling-reconditioning@2x.svg","https://www.greif.com/?utm_source>>u003dgmb>>u0026utm_medium>>u003dyext","","","https://maps.google.com/?hl=en_US&cid=0x0:0x2998b0f3aae50c77",""
"business","Food manufacturer","Takis Biltong","6 Delfos Blvd, Vanderbijlpark N. W. 7, Vanderbijlpark, 1913","Vanderbijlpark","Gauteng","","South Africa"," 0169862221","orders@takisbiltong.co.za","http://www.takisbiltong.co.za/","","","https://maps.google.com/?hl=en_US&cid=0x0:0xecd913bd57c8fb4d",""
"business","Industrial equipment supplier","K5 Heavy Engineering","13 Mc Colm Blvd, Vanderbijlpark N. W. 7, Vanderbijlpark, 1911","Vanderbijlpark","Gauteng","","South Africa"," 0105345906","","https://k5heavy.co.za/","","","https://maps.google.com/?hl=en_US&cid=0x0:0xb77ab5eac4915678",""
"business","business","N/A","","","Gauteng","","South Africa","","","","","","https://maps.google.com/?hl=en_US&cid=0x0:0x6f7bf06d70c914de",""
"business","Engineering consultant","Reshworks Engineering","Spartacus Complex, 2 Paul Smit Rd, Ravenswood, Boksburg, 1459","Boksburg","Gauteng","","South Africa"," 0672851886","","","","","https://maps.google.com/?hl=en_US&cid=0x0:0x34d14f227643e9a0",""
"business","Business management consultant","BCH Corporate","63 Asquith Rd, Ravenswood, Boksburg, 1459","Boksburg","Gauteng","","South Africa"," 0796926512","","","","","https://maps.google.com/?hl=en_US&cid=0x0:0xd9166f296d187024",""
"business","Hair salon","Prospur Business Park","10 Oscar St, Hughes, Boksburg, 1459","Boksburg","Gauteng","","South Africa"," 0836591597","","","","","https://maps.google.com/?hl=en_US&cid=0x0:0x8c539bc6e1d32924",""
"business","General store","Roadring Business Park","85 N Rand Rd, Driefontein 85-Ir, Boksburg, 1459","Boksburg","Gauteng","","South Africa","","","","","","https://maps.google.com/?hl=en_US&cid=0x0:0xd84a0b4ec55663fd",""
"business","Chamber of Commerce","Greater Boksburg Chamber of Commerce and Industry","367 Commissioner St, Boksburg, 1469","Boksburg","Gauteng","","South Africa"," 0102850313","admin@gbcci.co.za","https://www.gbcci.co.za/","","","https://maps.google.com/?hl=en_US&cid=0x0:0xc5922540c3d5aa17",""
"business","","Businesses in Boksburg North","14th Ave , Third St, Boksburg North, Boksburg, 1460","Boksburg","Gauteng","","South Africa"," 0119177000","","","","","https://maps.google.com/?hl=en_US&cid=0x0:0xb5596768d89e5c5b",""
"business","Training centre","Sange SA","Prospur Business Park, D08, 10 Oscar St, Hughes, Boksburg, 1459","Boksburg","Gauteng","","South Africa"," 0607514570","Info@sangesa.co.za","http://www.sangesa.co.za/","","","https://maps.google.com/?hl=en_US&cid=0x0:0x5b62694577fec801",""
"business","Financial planner","TS Capital (Pty) Ltd","Greenpark Lifestyle Estate, Pretoria Rd, Witfield, Boksburg, 1459","Boksburg","Gauteng","","South Africa","","","","","","https://maps.google.com/?hl=en_US&cid=0x0:0x781416e3781c253c",""
"business","","UK EMPORIUM Hughes Industrial Park","Hughes, Boksburg, 1459","Boksburg","Gauteng","","South Africa"," 0114436455","","","","","https://maps.google.com/?hl=en_US&cid=0x0:0x67f04cb7f422f8e9",""
"business","Trophy shop","TROPHIES AND MEDALS","87 Rietfontein Rd, Boksburg West, Boksburg, 1459","Boksburg","Gauteng","","South Africa"," 0118231758","","http://www.trophiesengraving.co.za/","","","https://maps.google.com/?hl=en_US&cid=0x0:0x810bfc6fe86cc3af",""
"business","business","N/A","","","Gauteng","","South Africa"," 0824546085","info@akbuilding.co.za","http://akbuilding.co.za/","","","https://maps.google.com/?hl=en_US&cid=0x0:0x25af497dd1350df6",""
"business","Accountant","Ghekko Business Services","60 Leeuwpoort St, Boksburg, 1459","Boksburg","Gauteng","","South Africa","","","","","","https://maps.google.com/?hl=en_US&cid=0x0:0x232177e351cf090d",""
"business","Occupational safety and health","Equipro Business Risk Solutions","4 Allen St, Bardene, Boksburg, 1459","Boksburg","Gauteng","","South Africa"," 0118945343","admin@equipro.co.za","https://equipro.co.za/about-equipro-business-risk-solutions/","","","https://maps.google.com/?hl=en_US&cid=0x0:0x69b07fb9bd61b42c",""
"business","Business park","Business Park","33 Malcolm Moodie Cres, Jet Park, Boksburg, 1459","Boksburg","Gauteng","","South Africa","","","","","","https://maps.google.com/?hl=en_US&cid=0x0:0xb7dffcb381cd536f",""
"business","Truck dealer","Cargo Commercial Vehicles Airport","Business Park, 54 Denne Rd, Hughes, Boksburg, 1459","Boksburg","Gauteng","","South Africa"," 0114375000","","http://www.mercedesbenzcommercial.co.za/","","","https://maps.google.com/?hl=en_US&cid=0x0:0xe23aaf21ad3aa18a",""
"business","Engineering consultant","Bakara Engineering (Pty) Ltd","Unit E07, Prospur Business Park, 10 Oscar St, Hughes, Boksburg, 1459","Boksburg","Gauteng","","South Africa"," 0118371842","info@bakara.co.za","http://bakara.co.za/","","","https://maps.google.com/?hl=en_US&cid=0x0:0x12d20a653b48fe58",""
"business","Photocopiers supplier","Daisy Business Solutions East Rand - COPIERS - PABX - CCTV","Shop 5 East Rand Square, 183 Bentel Ave, Jansen Park, Boksburg, 1459","Boksburg","Gauteng","","South Africa"," 0118943480","info@daisy-gp.co.za","http://www.daisysolutions.co.za/","","","https://maps.google.com/?hl=en_US&cid=0x0:0x4873e3c5b4a6d83c",""
"business","Chamber of Commerce","Greater Boksburg Chamber of Commerce  Industry","236 Rondebult Ave, Libradene, Johannesburg, 1459","Johannesburg","Gauteng","","South Africa"," 0102850313","","","","","https://maps.google.com/?hl=en_US&cid=0x0:0xbbd5d5d83decf225",""
"business","business","1446","Boksburg West, Boksburg","Boksburg","Gauteng","","South Africa","","","","","","https://maps.google.com/?hl=en_US&cid=0x0:0x34d6123e4e659da2",""
"business","Software company","Gemelli IT Services","Fitzpatrick Road , Joel Ave, Farrar Park, Boksburg, 1459","Boksburg","Gauteng","","South Africa"," 0766352734","","","","","https://maps.google.com/?hl=en_US&cid=0x0:0x4bf5980b352aec3d",""
"business","business","N/A","","","Gauteng","","South Africa"," 0763304280","","http://www.multibusinessdivision.co.za/","","","https://maps.google.com/?hl=en_US&cid=0x0:0x1c2bf529b9dabd4a",""
"business","","RSB Contracts ( Pty ) Ltd","2 Newgold St, Comet, Boksburg, 1459","Boksburg","Gauteng","","South Africa"," 0877110657","info@rsbcontracts.com","http://www.rsbcontracts.com/","","","https://maps.google.com/?hl=en_US&cid=0x0:0xd1712a800d029deb",""
"business","Scaffolding rental service","Form Scaff Boksburg","Angelo, Boksburg","Boksburg","Gauteng","","South Africa"," 0116534265","","","","","https://maps.google.com/?hl=en_US&cid=0x0:0xcfd21546bc8cff48",""
"business","Business management consultant","Ncoded Solutions","Reservoir Rd , Van Dyk Rd, Boksburg East, Boksburg, 1459","Boksburg","Gauteng","","South Africa"," 0861123526","","","","","https://maps.google.com/?hl=en_US&cid=0x0:0x4e0b0e7f9bc04f8a",""
"business","Office equipment supplier","MACHCO SOLUTIONS BOKSBURG","UNIT 1, EAST RAND JUNCTION OFFICE PARK, 21 Frank Rd, Bartlett, Boksburg, 1459","Boksburg","Gauteng","","South Africa"," 0114201499","sales@machcosolutions.co.za","http://www.machcosolutions.co.za/","","","https://maps.google.com/?hl=en_US&cid=0x0:0x23dba74f29cb8661",""
"business","Print shop","Multi Content","29 Trichard street, Boksburg North, Boksburg, 1459","Boksburg","Gauteng","","South Africa"," 0670876772","info@multicontent.co.za","https://multicontent.co.za/","","","https://maps.google.com/?hl=en_US&cid=0x0:0x338af3842793d638",""
"business","Computer support and services","BClue Business Solutions","20 De Rouwe St, Beyers Park, Boksburg, 1459","Boksburg","Gauteng","","South Africa"," 0731888215","info@bclue.co.za","https://www.bclue.co.za/","","","https://maps.google.com/?hl=en_US&cid=0x0:0xa59386422ce2479f",""
"business","Commercial printer","Jetline Boksburg","Shop F3, K90 Centre, Cnr North Rand  Rondebult Rd, Boksburg, 1459","Boksburg","Gauteng","","South Africa"," 0118265186","","https://www.jetline.co.za/store/jetline-boksburg/","","","https://maps.google.com/?hl=en_US&cid=0x0:0x74804ebbbcb81fff",""
"business","Business park","Business Park","33 Malcolm Moodie Cres, Jet Park, Boksburg, 1459","Boksburg","Gauteng","","South Africa","","","","","","https://maps.google.com/?hl=en_US&cid=0x0:0xb7dffcb381cd536f",""
"business","Hair salon","Prospur Business Park","10 Oscar St, Hughes, Boksburg, 1459","Boksburg","Gauteng","","South Africa"," 0836591597","","","","","https://maps.google.com/?hl=en_US&cid=0x0:0x8c539bc6e1d32924",""
"business","Business management consultant","BCH Corporate","63 Asquith Rd, Ravenswood, Boksburg, 1459","Boksburg","Gauteng","","South Africa"," 0796926512","","","","","https://maps.google.com/?hl=en_US&cid=0x0:0xd9166f296d187024",""
"business","Business park","Airborne Business Park","7 Taljaard Rd, Bartlett, Boksburg, 1459","Boksburg","Gauteng","","South Africa"," 0662806343","office@airbornepark.co.za","http://www.airbornepark.co.za/","","","https://maps.google.com/?hl=en_US&cid=0x0:0xb48cd217cd2b401",""
"business","Chamber of Commerce","Greater Boksburg Chamber of Commerce and Industry","367 Commissioner St, Boksburg, 1469","Boksburg","Gauteng","","South Africa"," 0102850313","admin@gbcci.co.za","https://www.gbcci.co.za/","","","https://maps.google.com/?hl=en_US&cid=0x0:0xc5922540c3d5aa17",""
"business","Logistics service","Touchdown Industrial Park","Ext 114, 110 Ridge Rd, Bartlett, Boksburg, 1459","Boksburg","Gauteng","","South Africa"," 0832914857","","","","","https://maps.google.com/?hl=en_US&cid=0x0:0x76609f8a805f82eb",""
"business","Photocopiers supplier","Daisy Business Solutions East Rand - COPIERS - PABX - CCTV","Shop 5 East Rand Square, 183 Bentel Ave, Jansen Park, Boksburg, 1459","Boksburg","Gauteng","","South Africa"," 0118943480","info@daisy-gp.co.za","http://www.daisysolutions.co.za/","","","https://maps.google.com/?hl=en_US&cid=0x0:0x4873e3c5b4a6d83c",""
"business","Software company","Smart Worx","Office G13 – Unit 1, Van Dyk Secure Business Park, 249 Brakpan Rd, Boksburg East Industrial, Boksburg, 1459","Boksburg","Gauteng","","South Africa"," 0100720953","info@smartworxgroup.com","http://smartworxgroup.com/","","","https://maps.google.com/?hl=en_US&cid=0x0:0xcef89002222ffbb5",""
"business","","Businesses in Boksburg North","14th Ave , Third St, Boksburg North, Boksburg, 1460","Boksburg","Gauteng","","South Africa"," 0119177000","","","","","https://maps.google.com/?hl=en_US&cid=0x0:0xb5596768d89e5c5b",""
"business","Freight forwarding service","Ggo Freight  Logistics","46 View Point Rd, Bartlett AH, Boksburg","Boksburg","Gauteng","","South Africa","","","","","","https://maps.google.com/?hl=en_US&cid=0x0:0xac4cc4dea1549a9d",""
"business","Accountant","De Novo Business Services","Bartlett Lake Office Park, Cnr Trichardts and Dr Vosloo Drive, Barlett, Boksburg, 1459","Boksburg","Gauteng","","South Africa"," 0114520789","","","","","https://maps.google.com/?hl=en_US&cid=0x0:0x50946e83d850d1cf",""
"business","Courier service","The Courier Guy Boksburg","Shop No 8, Cnr Rondebult and, K90 Centre, N Rand Rd, Jansen Park, Boksburg, 1459","Boksburg","Gauteng","","South Africa"," 0113839100","","http://www.thecourierguy.co.za/","","","https://maps.google.com/?hl=en_US&cid=0x0:0x14d14007746858f3",""
"business","Corporate office","LOGIX SOLUTIONS (PTY) LTD","Romeo Street , Oscar St, Driefontein 85-Ir, Boksburg, 1459","Boksburg","Gauteng","","South Africa"," 0118231914","operations@logix.co.za","http://www.logix.co.za/","","","https://maps.google.com/?hl=en_US&cid=0x0:0xaceb7e8bd89c57fc",""
"business","Consultant","SOUTH MANAGEMENT CONSULTANTS","23 Killian Ave, Cinderella, Boksburg, 1459","Boksburg","Gauteng","","South Africa"," 0118965706","","","","","https://maps.google.com/?hl=en_US&cid=0x0:0xf5abdeea3b2c5ce3",""
"business","Business development service","East Rand Business Directory","Bert Lacey Dr, Sunward Park, Boksburg, 1459","Boksburg","Gauteng","","South Africa"," 0649419214","","","","","https://maps.google.com/?hl=en_US&cid=0x0:0xa8b758e79edf2921",""
"business","Equipment supplier","Conveyor  Industrial Supplies","David St  Siding Ave, Boksburg East, Boksburg, 1459","Boksburg","Gauteng","","South Africa"," 0113063100","","http://www.cisjhb.co.za/","","","https://maps.google.com/?hl=en_US&cid=0x0:0x4cc77339e56df05b",""
"business","Engineering consultant","J S Engineering Pty Ltd","54 Tile Rd, Muswelldale, Boksburg, 1459","Boksburg","Gauteng","","South Africa"," 0118921900","","","","","https://maps.google.com/?hl=en_US&cid=0x0:0x477f242aa0376da0",""
"business","Chamber of Commerce","Greater Boksburg Chamber of Commerce  Industry","236 Rondebult Ave, Libradene, Johannesburg, 1459","Johannesburg","Gauteng","","South Africa"," 0102850313","","","","","https://maps.google.com/?hl=en_US&cid=0x0:0xbbd5d5d83decf225",""
"business","business","1459","Boksburg","Boksburg","Gauteng","","South Africa","","","","","","https://maps.google.com/?hl=en_US&cid=0x0:0xf9a167f92344fcc9",""
"business","Business management consultant","Enterprise Value Solutions","10 Ceres Ave, Comet, Boksburg, 1459","Boksburg","Gauteng","","South Africa"," 0741489022","","","","","https://maps.google.com/?hl=en_US&cid=0x0:0x2a4b3f476b3c4cc",""
"business","business","N/A","","","Gauteng","","South Africa"," 0621304488","","","","","https://maps.google.com/?hl=en_US&cid=0x0:0x2e8c640ba5d002ab",""
"business","Software company","Gemelli IT Services","Fitzpatrick Road , Joel Ave, Farrar Park, Boksburg, 1459","Boksburg","Gauteng","","South Africa"," 0766352734","","","","","https://maps.google.com/?hl=en_US&cid=0x0:0x4bf5980b352aec3d",""
"business","Auto glass shop","BSG Auto Glass Eastrand","20 Patrick Rd, Jet Park, Boksburg, 1459","Boksburg","Gauteng","","South Africa"," 0100106800","no-image-2048-5e88c1b20e087fb7bbe9a3771824e743c244f437e4f8ba93bbf7b11b53f7824c_250x250@2x.gif","http://www.bsgautoglass.co.za/","","","https://maps.google.com/?hl=en_US&cid=0x0:0xa679f3426f23c2a4",""
"business","Glass merchant","Boksburg Glass","75 Charl Cilliers St, Boksburg North, Boksburg, 1461","Boksburg","Gauteng","","South Africa"," 0720138525","","http://boksburgglassworks.co.za/","","","https://maps.google.com/?hl=en_US&cid=0x0:0xb7a39b498d9b3a04",""
"business","Hardware store","LEROY MERLIN Boksburg","N Rand Rd , Trichardts Rd, Bartlett AH, Boksburg","Boksburg","Gauteng","","South Africa"," 0104938000","","http://www.leroymerlin.co.za/","","","https://maps.google.com/?hl=en_US&cid=0x0:0xb3d713907d7951d0",""
"business","Commercial printer","Jetline Boksburg","Shop F3, K90 Centre, Cnr North Rand  Rondebult Rd, Boksburg, 1459","Boksburg","Gauteng","","South Africa"," 0118265186","","https://www.jetline.co.za/store/jetline-boksburg/","","","https://maps.google.com/?hl=en_US&cid=0x0:0x74804ebbbcb81fff",""
"business","Packaging company","Box-It Boksburg","234 Rondebult Rd, Libradene, Boksburg, 1459","Boksburg","Gauteng","","South Africa"," 0663962018","boxes4alberton@gmail.com","http://www.boxitsa.co.za/","","","https://maps.google.com/?hl=en_US&cid=0x0:0xfd89fe240c919cc0",""
"business","Event venue","Photo Factory Venue Boksburg","202 Leith Rd, Bartlett, Boksburg, 1459","Boksburg","Gauteng","","South Africa"," 0794988657","","http://photofactoryvenue.co.za/","","","https://maps.google.com/?hl=en_US&cid=0x0:0xae69433f41b9eeb7",""
"business","","Corruseal Corrugated JHB","Across 10, 120 Atlas Rd, Dunswart, Boksburg, 1459","Boksburg","Gauteng","","South Africa"," 0118248440","sales@corruseal.co.za","http://www.corruseal.co.za/","","","https://maps.google.com/?hl=en_US&cid=0x0:0x26a17c1182fdc954",""
"business","Chamber of Commerce","Greater Boksburg Chamber of Commerce and Industry","367 Commissioner St, Boksburg, 1469","Boksburg","Gauteng","","South Africa"," 0102850313","admin@gbcci.co.za","https://www.gbcci.co.za/","","","https://maps.google.com/?hl=en_US&cid=0x0:0xc5922540c3d5aa17",""
"business","business","N/A","","","Gauteng","","South Africa"," 0763304280","","http://www.multibusinessdivision.co.za/","","","https://maps.google.com/?hl=en_US&cid=0x0:0x1c2bf529b9dabd4a",""
"business","Hair salon","Prospur Business Park","10 Oscar St, Hughes, Boksburg, 1459","Boksburg","Gauteng","","South Africa"," 0836591597","","","","","https://maps.google.com/?hl=en_US&cid=0x0:0x8c539bc6e1d32924",""
"business","","Businesses in Boksburg North","14th Ave , Third St, Boksburg North, Boksburg, 1460","Boksburg","Gauteng","","South Africa"," 0119177000","","","","","https://maps.google.com/?hl=en_US&cid=0x0:0xb5596768d89e5c5b",""
"business","Business park","Business Park","33 Malcolm Moodie Cres, Jet Park, Boksburg, 1459","Boksburg","Gauteng","","South Africa","","","","","","https://maps.google.com/?hl=en_US&cid=0x0:0xb7dffcb381cd536f",""
"business","Business management consultant","Jera Consulting","The Hub@256, Rondebult Rd, Parkdene, Boksburg, 1459","Boksburg","Gauteng","","South Africa"," 0119133320","sales@jera.co.za","http://www.jera.co.za/","","","https://maps.google.com/?hl=en_US&cid=0x0:0x62f4c15e6d9631cd",""
"business","Business park","Airborne Business Park","7 Taljaard Rd, Bartlett, Boksburg, 1459","Boksburg","Gauteng","","South Africa"," 0662806343","office@airbornepark.co.za","http://www.airbornepark.co.za/","","","https://maps.google.com/?hl=en_US&cid=0x0:0xb48cd217cd2b401",""
"business","Chamber of Commerce","Greater Boksburg Chamber of Commerce  Industry","236 Rondebult Ave, Libradene, Johannesburg, 1459","Johannesburg","Gauteng","","South Africa"," 0102850313","","","","","https://maps.google.com/?hl=en_US&cid=0x0:0xbbd5d5d83decf225",""
"business","Consultant","SOUTH MANAGEMENT CONSULTANTS","23 Killian Ave, Cinderella, Boksburg, 1459","Boksburg","Gauteng","","South Africa"," 0118965706","","","","","https://maps.google.com/?hl=en_US&cid=0x0:0xf5abdeea3b2c5ce3",""
"business","business","N/A","","","Gauteng","","South Africa"," 0815370485","","","","","https://maps.google.com/?hl=en_US&cid=0x0:0x808277c0954d082b",""
"business","Business management consultant","Enterprise Value Solutions","10 Ceres Ave, Comet, Boksburg, 1459","Boksburg","Gauteng","","South Africa"," 0741489022","","","","","https://maps.google.com/?hl=en_US&cid=0x0:0x2a4b3f476b3c4cc",""
"business","Computer support and services","BClue Business Solutions","20 De Rouwe St, Beyers Park, Boksburg, 1459","Boksburg","Gauteng","","South Africa"," 0731888215","info@bclue.co.za","https://www.bclue.co.za/","","","https://maps.google.com/?hl=en_US&cid=0x0:0xa59386422ce2479f",""
"business","Business development service","East Rand Business Directory","Bert Lacey Dr, Sunward Park, Boksburg, 1459","Boksburg","Gauteng","","South Africa"," 0649419214","","","","","https://maps.google.com/?hl=en_US&cid=0x0:0xa8b758e79edf2921",""
"business","Business management consultant","Dialnx","53 Agulhas Rd, Groeneweide, Boksburg, 1459","Boksburg","Gauteng","","South Africa"," 0118930075","","","","","https://maps.google.com/?hl=en_US&cid=0x0:0x4d6163b10d05648b",""
"business","Business management consultant","JudyGab Consulting","13 Taling Rd, Sunward Park, Boksburg, 1459","Boksburg","Gauteng","","South Africa"," 0119133451","lindi@judygab.co.za","http://judygab.co.za/","","","https://maps.google.com/?hl=en_US&cid=0x0:0xc29bd8cca40f1226",""
"business","Chamber of Commerce","Ekurhuleni Aerotropolis Chamber of Commerce and Industry","367 Commissioner St, Boksburg, 1469","Boksburg","Gauteng","","South Africa"," 0102850313","","","","","https://maps.google.com/?hl=en_US&cid=0x0:0x5ec2eaa8c5646b42",""
"business","Business management consultant","Thernico Business Assistance (Pty) Ltd","Rondebult Ave, Leeuwpoort 113-Ir, Boksburg, 1459","Boksburg","Gauteng","","South Africa"," 0843623232","","","","","https://maps.google.com/?hl=en_US&cid=0x0:0x4870b1c88015acde",""
"business","business","N/A","","","Gauteng","","South Africa"," 0824610734","","","","","https://maps.google.com/?hl=en_US&cid=0x0:0x6155a4f4bb6d5d8f",""
"business","Lawyer","DP Attorneys Inc","241 Rondebult Rd, Farrar Park, Boksburg, 1459","Boksburg","Gauteng","","South Africa"," 0119130926","","http://www.dp-inc.co.za/","","","https://maps.google.com/?hl=en_US&cid=0x0:0x75c69c7d58b1145c",""
"business","Software company","Gemelli IT Services","Fitzpatrick Road , Joel Ave, Farrar Park, Boksburg, 1459","Boksburg","Gauteng","","South Africa"," 0766352734","","","","","https://maps.google.com/?hl=en_US&cid=0x0:0x4bf5980b352aec3d",""
"business","Digital printing service","Print 2000","10 Padyn Rd, Freeway Park, Boksburg, 1459","Boksburg","Gauteng","","South Africa"," 0118933255","","","","","https://maps.google.com/?hl=en_US&cid=0x0:0xb59ebf2dcf374047",""
"business","Corporate office","Novocare Holdings","191 Leeuwpoort St, Boksburg East, Boksburg, 1460","Boksburg","Gauteng","","South Africa"," 0810628370","","","","","https://maps.google.com/?hl=en_US&cid=0x0:0x6e2531929689b48b",""
"business","Steel fabricator","Jaypro Trading (Pty) Ltd","3 Joel Ave, Farrar Park, Boksburg, 1459","Boksburg","Gauteng","","South Africa"," 0832771579","","","","","https://maps.google.com/?hl=en_US&cid=0x0:0x673231b61ba04dac",""
"business","","Allied Production Industries (Pty) Ltd","Cnr Bird  Field Roads , Flora Park, Lilianton, 1459","Boksburg","Gauteng","","South Africa"," 0118266111","","","","","https://maps.google.com/?hl=en_US&cid=0x0:0x1fbfe7d0991e3660",""
"business","Print shop","3@1 Boksburg","Shop 24, Sunward Centre Kingfisher Ave cnr, Duiker Rd, Sunward Park, Boksburg, 1459","Boksburg","Gauteng","","South Africa"," 0100355216","boksburg@3at1.co.za","http://www.3at1boksburg.co.za/","","","https://maps.google.com/?hl=en_US&cid=0x0:0x911c0de9fbefab55",""
"business","Packaging company","Box-It Boksburg","234 Rondebult Rd, Libradene, Boksburg, 1459","Boksburg","Gauteng","","South Africa"," 0663962018","boxes4alberton@gmail.com","http://www.boxitsa.co.za/","","","https://maps.google.com/?hl=en_US&cid=0x0:0xfd89fe240c919cc0",""
"business","Manufacturer","SABTRONICS","38 Bedford Rd, Farrar Park, Boksburg, 1459","Boksburg","Gauteng","","South Africa"," 0824134614","","","","","https://maps.google.com/?hl=en_US&cid=0x0:0x52a90e8871ae935b",""
"business","Print shop","JDNel Trading","1 Elsenburg Rd, Freeway Park, Boksburg, 1459","Boksburg","Gauteng","","South Africa"," 0115682737","","","","","https://maps.google.com/?hl=en_US&cid=0x0:0x294c893e633418a1",""
"business","Manufacturer","Complete Mobility","76 Smuts Ave, Cinderella, Boksburg, 1459","Boksburg","Gauteng","","South Africa"," 0118240204","","http://complete-mobility.co.za/","","","https://maps.google.com/?hl=en_US&cid=0x0:0xf8bf508074ec864e",""
"business","","Businesses in Boksburg North","14th Ave , Third St, Boksburg North, Boksburg, 1460","Boksburg","Gauteng","","South Africa"," 0119177000","","","","","https://maps.google.com/?hl=en_US&cid=0x0:0xb5596768d89e5c5b",""
"business","Business management consultant","BCH Corporate","63 Asquith Rd, Ravenswood, Boksburg, 1459","Boksburg","Gauteng","","South Africa"," 0796926512","","","","","https://maps.google.com/?hl=en_US&cid=0x0:0xd9166f296d187024",""
"business","Business management consultant","Enterprise Value Solutions","10 Ceres Ave, Comet, Boksburg, 1459","Boksburg","Gauteng","","South Africa"," 0741489022","","","","","https://maps.google.com/?hl=en_US&cid=0x0:0x2a4b3f476b3c4cc",""
"business","Engineering consultant","Reshworks Engineering","Spartacus Complex, 2 Paul Smit Rd, Ravenswood, Boksburg, 1459","Boksburg","Gauteng","","South Africa"," 0672851886","","","","","https://maps.google.com/?hl=en_US&cid=0x0:0x34d14f227643e9a0",""
"business","Construction company","T3 Projects","130 13th Ave, Beyers Park, Boksburg, 1459","Boksburg","Gauteng","","South Africa"," 0100603600","","http://t3projects.com/","","","https://maps.google.com/?hl=en_US&cid=0x0:0xab7499a38f50033f",""
"business","Business development service","Success Defined Consulting and Academy (Pty) Ltd","Boksburg North, Boksburg, 1459","Boksburg","Gauteng","","South Africa"," 0110766645","","","","","https://maps.google.com/?hl=en_US&cid=0x0:0xd34b8f6b0a37ce1f",""
"business","Business management consultant","mathavha marunga pty ltd","boksburg, ramaphosa, Johannesburg, 1459","Johannesburg","Gauteng","","South Africa"," 0609405369","","","","","https://maps.google.com/?hl=en_US&cid=0x0:0xe72c18c5de8eb7a2",""
"business","Marketing consultant","Consult Smart","Boksburg, 1459","Boksburg","Gauteng","","South Africa","","","","","","https://maps.google.com/?hl=en_US&cid=0x0:0x69c32bd147390ee3",""
"business","Mining company","DMS - Dre'llion Mining Services (Pty) Ltd","7 Dryden Ave, Comet, Boksburg, 1459","Boksburg","Gauteng","","South Africa"," 0783010855","","","","","https://maps.google.com/?hl=en_US&cid=0x0:0xae69dd29994d239e",""
"business","","Business Hunters Pty (Ltd)","111 Grippen Rd, Bartlett, Boksburg, 1459","Boksburg","Gauteng","","South Africa"," 0115683737","","","","","https://maps.google.com/?hl=en_US&cid=0x0:0x413713b7023af7d0",""
"business","Hair salon","Prospur Business Park","10 Oscar St, Hughes, Boksburg, 1459","Boksburg","Gauteng","","South Africa"," 0836591597","","","","","https://maps.google.com/?hl=en_US&cid=0x0:0x8c539bc6e1d32924",""
"business","General store","Roadring Business Park","85 N Rand Rd, Driefontein 85-Ir, Boksburg, 1459","Boksburg","Gauteng","","South Africa","","","","","","https://maps.google.com/?hl=en_US&cid=0x0:0xd84a0b4ec55663fd",""
"business","Chamber of Commerce","Greater Boksburg Chamber of Commerce and Industry","367 Commissioner St, Boksburg, 1469","Boksburg","Gauteng","","South Africa"," 0102850313","admin@gbcci.co.za","https://www.gbcci.co.za/","","","https://maps.google.com/?hl=en_US&cid=0x0:0xc5922540c3d5aa17",""
"business","Internet marketing service","Rodzet Marketing cc","56 Fourth St, Boksburg North, Boksburg, 1459","Boksburg","Gauteng","","South Africa"," 0823015482","","","","","https://maps.google.com/?hl=en_US&cid=0x0:0x355055b08f81b996",""
"business","Business management consultant","Manyabe Consultancy (Pty) Ltd","Ravenswood Mews, Boksburg, 1459","Boksburg","Gauteng","","South Africa"," 0118631079","info@manyabeconsultancy.com","http://www.manyabeconsultancy.com/","","","https://maps.google.com/?hl=en_US&cid=0x0:0xdc6c168a77cdd0fe",""
"business","Engineering consultant","J S Engineering Pty Ltd","54 Tile Rd, Muswelldale, Boksburg, 1459","Boksburg","Gauteng","","South Africa"," 0118921900","","","","","https://maps.google.com/?hl=en_US&cid=0x0:0x477f242aa0376da0",""
"business","Business management consultant","Ncoded Solutions","Reservoir Rd , Van Dyk Rd, Boksburg East, Boksburg, 1459","Boksburg","Gauteng","","South Africa"," 0861123526","","","","","https://maps.google.com/?hl=en_US&cid=0x0:0x4e0b0e7f9bc04f8a",""
"business","business","HiveMind Media (Pty) Ltd","Tenth Ave, Boksburg, 1459","Boksburg","Gauteng","","South Africa"," 0790258165","design@hivemindmedia.co.za","https://hivemindmedia.co.za/","","","https://maps.google.com/?hl=en_US&cid=0x0:0x1ab8c9dfc9f22fb3",""
"business","business","1461","Boksburg North, Boksburg","Boksburg","Gauteng","","South Africa","","","","","","https://maps.google.com/?hl=en_US&cid=0x0:0x59ea79c0df23e649",""
"business","Business to business service","Sprayflow CC","69 1st St, Boksburg North, Boksburg, 1459","Boksburg","Gauteng","","South Africa"," 0118923153","","","","","https://maps.google.com/?hl=en_US&cid=0x0:0x58cea9f58f245ee7",""
"business","business","N/A","","","Gauteng","","South Africa"," 0763304280","","http://www.multibusinessdivision.co.za/","","","https://maps.google.com/?hl=en_US&cid=0x0:0x1c2bf529b9dabd4a",""
"business","Software company","Gemelli IT Services","Fitzpatrick Road , Joel Ave, Farrar Park, Boksburg, 1459","Boksburg","Gauteng","","South Africa"," 0766352734","","","","","https://maps.google.com/?hl=en_US&cid=0x0:0x4bf5980b352aec3d",""
"business","Photocopiers supplier","Daisy Business Solutions East Rand - COPIERS - PABX - CCTV","Shop 5 East Rand Square, 183 Bentel Ave, Jansen Park, Boksburg, 1459","Boksburg","Gauteng","","South Africa"," 0118943480","info@daisy-gp.co.za","http://www.daisysolutions.co.za/","","","https://maps.google.com/?hl=en_US&cid=0x0:0x4873e3c5b4a6d83c",""
"business","business","N/A","","","Gauteng","","South Africa","","","","","","https://maps.google.com/?hl=en_US&cid=0x0:0xeea905205a66ed1d",""
"business","Packaging company","Box-It Boksburg","234 Rondebult Rd, Libradene, Boksburg, 1459","Boksburg","Gauteng","","South Africa"," 0663962018","boxes4alberton@gmail.com","http://www.boxitsa.co.za/","","","https://maps.google.com/?hl=en_US&cid=0x0:0xfd89fe240c919cc0",""
"business","Print shop","3@1 Boksburg","Shop 24, Sunward Centre Kingfisher Ave cnr, Duiker Rd, Sunward Park, Boksburg, 1459","Boksburg","Gauteng","","South Africa"," 0100355216","boksburg@3at1.co.za","http://www.3at1boksburg.co.za/","","","https://maps.google.com/?hl=en_US&cid=0x0:0x911c0de9fbefab55",""
"business","Business park","Airborne Business Park","7 Taljaard Rd, Bartlett, Boksburg, 1459","Boksburg","Gauteng","","South Africa"," 0662806343","office@airbornepark.co.za","http://www.airbornepark.co.za/","","","https://maps.google.com/?hl=en_US&cid=0x0:0xb48cd217cd2b401",""
"business","Corporate office","Christian Business Owners Association","16 Allen St, Bardene, Boksburg, 1459","Boksburg","Gauteng","","South Africa"," 0824321328","","","","","https://maps.google.com/?hl=en_US&cid=0x0:0x1adb3dacdb93ad6e",""
"business","","Solidariteit Dienskantoor - Boksburg","198A Trichardts Rd, Panberthy Manor, Boksburg, 1459","Boksburg","Gauteng","","South Africa"," 0119130783","diens@solidariteit.co.za","https://solidariteit.co.za/","","","https://maps.google.com/?hl=en_US&cid=0x0:0xf340e54e0532c0f0",""
"business","Truck dealer","Volvo Trucks Southern Africa","Jet Park Road, Boksburg, 1459","Boksburg","Gauteng","","South Africa"," 0118425000","contact.za@volvo.com","http://www.volvotrucks.co.za/","","","https://maps.google.com/?hl=en_US&cid=0x0:0xf10698ac0369f225",""
"business","Truck dealer","SLP South Africa","133 Craig Road, Anderbolt, Boksburg, 1459","Boksburg","Gauteng","","South Africa"," 0119181397","","http://www.slpsa.co.za/","","","https://maps.google.com/?hl=en_US&cid=0x0:0xcf8e11ede29bfbe8",""
"business","Mining equipment","Dura Equipment Sales","46 View Point Rd, Bartlett AH, Boksburg, 1462","Boksburg","Gauteng","","South Africa"," 0119184760","","http://www.durasales.co.za/","","","https://maps.google.com/?hl=en_US&cid=0x0:0x6b47bb11c1e542e5",""
"business","Bus charter","Yutong","Unit 2, 18 Top Rd, Anderbolt, Boksburg, 1459","Boksburg","Gauteng","","South Africa"," 0118941082","dave@baigroup.co.za","http://www.yutong.co.za/","","","https://maps.google.com/?hl=en_US&cid=0x0:0x7fb4b62e4b767990",""
"business","Truck dealer","Status Truck Sales","148 Nolte St, Bartlett AH, Boksburg, 1459","Boksburg","Gauteng","","South Africa","","sebastian@statustrucksales.co.za","https://statustrucks.co.za/","","","https://maps.google.com/?hl=en_US&cid=0x0:0x48b71a61704ee440",""
"business","Chemical manufacturer","AFRICA ROADS CONSTRUCTION SUPPLIES","573 Trichardts Rd, Ravenswood, Boksburg, 1459","Boksburg","Gauteng","","South Africa","","","","","","https://maps.google.com/?hl=en_US&cid=0x0:0x31a3170f5dd68fa0",""
"business","Packaging company","Boxit Guys","572 Trichardt's Roads, Ravenswood, Boksburg, 1459","Boksburg","Gauteng","","South Africa"," 0637510460","","","","","https://maps.google.com/?hl=en_US&cid=0x0:0x4942efd482eb4bce",""
"business","Equipment supplier","Conveyor  Industrial Supplies","David St  Siding Ave, Boksburg East, Boksburg, 1459","Boksburg","Gauteng","","South Africa"," 0113063100","","http://www.cisjhb.co.za/","","","https://maps.google.com/?hl=en_US&cid=0x0:0x4cc77339e56df05b",""
"business","Packaging supply store","ALL BOXES SOLUTIONS  SUPPLIES (PTY) LTD","574 Trichardts Rd, Ravenswood, Boksburg, 1459","Boksburg","Gauteng","","South Africa"," 0118943363","","https://www.allboxes.co.za/","","","https://maps.google.com/?hl=en_US&cid=0x0:0x84e0596bfb5f3bb4",""
"business","Training centre","Sange SA","Prospur Business Park, D08, 10 Oscar St, Hughes, Boksburg, 1459","Boksburg","Gauteng","","South Africa"," 0607514570","Info@sangesa.co.za","http://www.sangesa.co.za/","","","https://maps.google.com/?hl=en_US&cid=0x0:0x5b62694577fec801",""
"business","Engineering consultant","Bakara Engineering (Pty) Ltd","Unit E07, Prospur Business Park, 10 Oscar St, Hughes, Boksburg, 1459","Boksburg","Gauteng","","South Africa"," 0118371842","info@bakara.co.za","http://bakara.co.za/","","","https://maps.google.com/?hl=en_US&cid=0x0:0x12d20a653b48fe58",""
"business","Construction company","T3 Projects","130 13th Ave, Beyers Park, Boksburg, 1459","Boksburg","Gauteng","","South Africa"," 0100603600","","http://t3projects.com/","","","https://maps.google.com/?hl=en_US&cid=0x0:0xab7499a38f50033f",""
"business","Occupational safety and health","Equipro Business Risk Solutions","4 Allen St, Bardene, Boksburg, 1459","Boksburg","Gauteng","","South Africa"," 0118945343","admin@equipro.co.za","https://equipro.co.za/about-equipro-business-risk-solutions/","","","https://maps.google.com/?hl=en_US&cid=0x0:0x69b07fb9bd61b42c",""
"business","Logistics service","Nebula Logistics Warehouse Boksburg","South Africa Cnr Dam , Main Rd, Anderbolt, Boksburg, 1459","Boksburg","Gauteng","","South Africa","","enquiries@nebulagroup.biz","http://nebulagroup.co.za/nebula-logistics-africa/","","","https://maps.google.com/?hl=en_US&cid=0x0:0x5d1304fc1b8bba9c",""
"business","","Greener Alternative Solutions","5, 397 All Black Rd, Muswelldale, Boksburg, 1459","Boksburg","Gauteng","","South Africa"," 0118946622","","https://gasolutions.co.za/","","","https://maps.google.com/?hl=en_US&cid=0x0:0x7dea73df086b7c7",""
"business","Law firm","TUT Group","Ext 5, 682 Trichardts Rd, Beyers Park, Boksburg, 1459","Boksburg","Gauteng","","South Africa"," 0118944195","","","","","https://maps.google.com/?hl=en_US&cid=0x0:0xce454a32ce0661d3",""
"business","Truck dealer","Volvo Used Trucks  Buses South Africa","Business Park, 1 Gibb Rd, Hughes, Boksburg, 1459","Boksburg","Gauteng","","South Africa"," 0110586600","","https://volvoselected.com/","","","https://maps.google.com/?hl=en_US&cid=0x0:0x42bffca09b14451a",""
"business","business","1462","Ravenswood, Boksburg","Boksburg","Gauteng","","South Africa","","","","","","https://maps.google.com/?hl=en_US&cid=0x0:0xa286a0177414dd02",""
"business","Packaging company","Multithene","568 Trichardts Rd, Ravenswood, Boksburg, 1478","Boksburg","Gauteng","","South Africa"," 0119188323","","","","","https://maps.google.com/?hl=en_US&cid=0x0:0x2cb2dd2c4fd41c63",""
"business","","SAC COMMERCIAL PARTS BOKSBURG","UNIT 2, 4 Herman Pieters Rd, Hughes, Boksburg, 1459","Boksburg","Gauteng","","South Africa"," 0118264866","parts.wel@sactrucks.co.za","https://www.sactrucks.co.za/","","","https://maps.google.com/?hl=en_US&cid=0x0:0xdca75c0fda8260f4",""
"business","","Business Hunters Pty (Ltd)","111 Grippen Rd, Bartlett, Boksburg, 1459","Boksburg","Gauteng","","South Africa"," 0115683737","","","","","https://maps.google.com/?hl=en_US&cid=0x0:0x413713b7023af7d0",""
"business","Business management consultant","Enterprise Value Solutions","10 Ceres Ave, Comet, Boksburg, 1459","Boksburg","Gauteng","","South Africa"," 0741489022","","","","","https://maps.google.com/?hl=en_US&cid=0x0:0x2a4b3f476b3c4cc",""
"business","Software company","Gemelli IT Services","Fitzpatrick Road , Joel Ave, Farrar Park, Boksburg, 1459","Boksburg","Gauteng","","South Africa"," 0766352734","","","","","https://maps.google.com/?hl=en_US&cid=0x0:0x4bf5980b352aec3d",""
"business","","Businesses in Boksburg North","14th Ave , Third St, Boksburg North, Boksburg, 1460","Boksburg","Gauteng","","South Africa"," 0119177000","","","","","https://maps.google.com/?hl=en_US&cid=0x0:0xb5596768d89e5c5b",""
"business","Business development service","East Rand Business Directory","Bert Lacey Dr, Sunward Park, Boksburg, 1459","Boksburg","Gauteng","","South Africa"," 0649419214","","","","","https://maps.google.com/?hl=en_US&cid=0x0:0xa8b758e79edf2921",""
"business","business","N/A","","","Gauteng","","South Africa"," 0763304280","","http://www.multibusinessdivision.co.za/","","","https://maps.google.com/?hl=en_US&cid=0x0:0x1c2bf529b9dabd4a",""
"business","Business management consultant","Moeti Holdings (Pty) Ltd","81 Pretoria Rd, Comet, Boksburg, 1459","Boksburg","Gauteng","","South Africa"," 0110537705","","","","","https://maps.google.com/?hl=en_US&cid=0x0:0x763388d563d15da",""
"business","Business management consultant","Rise Consulting","8 kiki street, Parkrand, Boksburg, 1459","Boksburg","Gauteng","","South Africa"," 0672278752","","","","","https://maps.google.com/?hl=en_US&cid=0x0:0x93f4843cc3853982",""
"business","Commercial printer","Beardsley Printers","77 1st St, Boksburg North, Boksburg, 1462","Boksburg","Gauteng","","South Africa"," 0118921262","bearprint@mweb.co.za","http://www.bearprint.co.za/","","","https://maps.google.com/?hl=en_US&cid=0x0:0x97d00e3889493c07",""
"business","","Business Hunters Pty (Ltd)","111 Grippen Rd, Bartlett, Boksburg, 1459","Boksburg","Gauteng","","South Africa"," 0115683737","","","","","https://maps.google.com/?hl=en_US&cid=0x0:0x413713b7023af7d0",""
"business","Business management consultant","BCH Corporate","63 Asquith Rd, Ravenswood, Boksburg, 1459","Boksburg","Gauteng","","South Africa"," 0796926512","","","","","https://maps.google.com/?hl=en_US&cid=0x0:0xd9166f296d187024",""
"business","Hair salon","Prospur Business Park","10 Oscar St, Hughes, Boksburg, 1459","Boksburg","Gauteng","","South Africa"," 0836591597","","","","","https://maps.google.com/?hl=en_US&cid=0x0:0x8c539bc6e1d32924",""
"business","Consultant","SOUTH MANAGEMENT CONSULTANTS","23 Killian Ave, Cinderella, Boksburg, 1459","Boksburg","Gauteng","","South Africa"," 0118965706","","","","","https://maps.google.com/?hl=en_US&cid=0x0:0xf5abdeea3b2c5ce3",""
"business","Computer support and services","BClue Business Solutions","20 De Rouwe St, Beyers Park, Boksburg, 1459","Boksburg","Gauteng","","South Africa"," 0731888215","info@bclue.co.za","https://www.bclue.co.za/","","","https://maps.google.com/?hl=en_US&cid=0x0:0xa59386422ce2479f",""
"business","Business park","Business Park","33 Malcolm Moodie Cres, Jet Park, Boksburg, 1459","Boksburg","Gauteng","","South Africa","","","","","","https://maps.google.com/?hl=en_US&cid=0x0:0xb7dffcb381cd536f",""
"business","Chamber of Commerce","Greater Boksburg Chamber of Commerce and Industry","367 Commissioner St, Boksburg, 1469","Boksburg","Gauteng","","South Africa"," 0102850313","admin@gbcci.co.za","https://www.gbcci.co.za/","","","https://maps.google.com/?hl=en_US&cid=0x0:0xc5922540c3d5aa17",""
"business","Business management consultant","Enterprise Value Solutions","10 Ceres Ave, Comet, Boksburg, 1459","Boksburg","Gauteng","","South Africa"," 0741489022","","","","","https://maps.google.com/?hl=en_US&cid=0x0:0x2a4b3f476b3c4cc",""
"business","Insurance broker","Rossbern Business Consultants","14 Klapper St, Van Dykpark, Boksburg, 1459","Boksburg","Gauteng","","South Africa"," 0832971823","","","","","https://maps.google.com/?hl=en_US&cid=0x0:0x1e38673cd168b5c1",""
"business","business","N/A","","","Gauteng","","South Africa"," 0763304280","","http://www.multibusinessdivision.co.za/","","","https://maps.google.com/?hl=en_US&cid=0x0:0x1c2bf529b9dabd4a",""
"business","Business administration service","Upmarket Business Solutions","Kirschner Rd, Beyers Park, Boksburg, 1459","Boksburg","Gauteng","","South Africa"," 0835088786","","","","","https://maps.google.com/?hl=en_US&cid=0x0:0x7d21210421f6b55e",""
"business","Business management consultant","NHLUPHO BUSINESS OPTIMIZATION SOLUTIONS","8 Edgar Road, Benvista Office Park, Office no. 24  25, Jansen Park, Boksburg, 1459","Boksburg","Gauteng","","South Africa"," 0103125739","","","","","https://maps.google.com/?hl=en_US&cid=0x0:0x1c34f58958b23233",""
"business","","Businesses in Boksburg North","14th Ave , Third St, Boksburg North, Boksburg, 1460","Boksburg","Gauteng","","South Africa"," 0119177000","","","","","https://maps.google.com/?hl=en_US&cid=0x0:0xb5596768d89e5c5b",""
"business","Business development service","East Rand Business Directory","Bert Lacey Dr, Sunward Park, Boksburg, 1459","Boksburg","Gauteng","","South Africa"," 0649419214","","","","","https://maps.google.com/?hl=en_US&cid=0x0:0xa8b758e79edf2921",""
"business","Business management consultant","Dialnx","53 Agulhas Rd, Groeneweide, Boksburg, 1459","Boksburg","Gauteng","","South Africa"," 0118930075","","","","","https://maps.google.com/?hl=en_US&cid=0x0:0x4d6163b10d05648b",""
"business","Corporate office","Compass Business Park","Compass Business Park, 5 Main Reef Rd, Dunswart, Boksburg, 1508","Boksburg","Gauteng","","South Africa","","","","","","https://maps.google.com/?hl=en_US&cid=0x0:0x2d17a02867cc86d2",""
"business","Corporate office","Corporate Vending Solutions (Pty) Ltd.","Unit D3(b, Prospur Business Park, 10 Oscar St, Hughes, Boksburg, 1459","Boksburg","Gauteng","","South Africa","","","","","","https://maps.google.com/?hl=en_US&cid=0x0:0xe3db5ca6331ad891",""
"business","Accountant","Ghekko Business Services","60 Leeuwpoort St, Boksburg, 1459","Boksburg","Gauteng","","South Africa","","","","","","https://maps.google.com/?hl=en_US&cid=0x0:0x232177e351cf090d",""
"business","Chamber of Commerce","Greater Boksburg Chamber of Commerce  Industry","236 Rondebult Ave, Libradene, Johannesburg, 1459","Johannesburg","Gauteng","","South Africa"," 0102850313","","","","","https://maps.google.com/?hl=en_US&cid=0x0:0xbbd5d5d83decf225",""
"business","business","Boksburg","","Boksburg","Gauteng","","South Africa","","","","","","https://maps.google.com/?hl=en_US&cid=0x0:0x433e192b0d3f753d",""
"business","General store","Roadring Business Park","85 N Rand Rd, Driefontein 85-Ir, Boksburg, 1459","Boksburg","Gauteng","","South Africa","","","","","","https://maps.google.com/?hl=en_US&cid=0x0:0xd84a0b4ec55663fd",""
"business","Software company","Gemelli IT Services","Fitzpatrick Road , Joel Ave, Farrar Park, Boksburg, 1459","Boksburg","Gauteng","","South Africa"," 0766352734","","","","","https://maps.google.com/?hl=en_US&cid=0x0:0x4bf5980b352aec3d",""
"business","Business management consultant","Numitone Group","9 Biddulph St, Witfield, Boksburg, 1459","Boksburg","Gauteng","","South Africa"," 0766910124","","","","","https://maps.google.com/?hl=en_US&cid=0x0:0x151884184662cf61",""
"business","Packaging company","Box-It Boksburg","234 Rondebult Rd, Libradene, Boksburg, 1459","Boksburg","Gauteng","","South Africa"," 0663962018","boxes4alberton@gmail.com","http://www.boxitsa.co.za/","","","https://maps.google.com/?hl=en_US&cid=0x0:0xfd89fe240c919cc0",""
"business","Business management consultant","Ncoded Solutions","Reservoir Rd , Van Dyk Rd, Boksburg East, Boksburg, 1459","Boksburg","Gauteng","","South Africa"," 0861123526","","","","","https://maps.google.com/?hl=en_US&cid=0x0:0x4e0b0e7f9bc04f8a",""
"business","Print shop","3@1 Boksburg","Shop 24, Sunward Centre Kingfisher Ave cnr, Duiker Rd, Sunward Park, Boksburg, 1459","Boksburg","Gauteng","","South Africa"," 0100355216","boksburg@3at1.co.za","http://www.3at1boksburg.co.za/","","","https://maps.google.com/?hl=en_US&cid=0x0:0x911c0de9fbefab55",""
"business","Mining company","Integrated Business Management.(Pty).Ltd","21 Graniet Rd, Jet Park, Boksburg, 1459","Boksburg","Gauteng","","South Africa"," 0100075690","","","","","https://maps.google.com/?hl=en_US&cid=0x0:0x2bf2cdd639b55a64",""
"business","Photocopiers supplier","Daisy Business Solutions East Rand - COPIERS - PABX - CCTV","Shop 5 East Rand Square, 183 Bentel Ave, Jansen Park, Boksburg, 1459","Boksburg","Gauteng","","South Africa"," 0118943480","info@daisy-gp.co.za","http://www.daisysolutions.co.za/","","","https://maps.google.com/?hl=en_US&cid=0x0:0x4873e3c5b4a6d83c",""
"business","Crane service","360 Degree Lifting  Hydraulic Solutions (Pty) Ltd","13 Esperance Rd, Freeway Park, Boksburg, 1459","Boksburg","Gauteng","","South Africa"," 0108806336","","https://360dlhs.co.za/","","","https://maps.google.com/?hl=en_US&cid=0x0:0xd2de577084dfc80b",""
"business","Business management consultant","BCH Corporate","63 Asquith Rd, Ravenswood, Boksburg, 1459","Boksburg","Gauteng","","South Africa"," 0796926512","","","","","https://maps.google.com/?hl=en_US&cid=0x0:0xd9166f296d187024",""
"business","Consultant","SOUTH MANAGEMENT CONSULTANTS","23 Killian Ave, Cinderella, Boksburg, 1459","Boksburg","Gauteng","","South Africa"," 0118965706","","","","","https://maps.google.com/?hl=en_US&cid=0x0:0xf5abdeea3b2c5ce3",""
"business","Hair salon","Prospur Business Park","10 Oscar St, Hughes, Boksburg, 1459","Boksburg","Gauteng","","South Africa"," 0836591597","","","","","https://maps.google.com/?hl=en_US&cid=0x0:0x8c539bc6e1d32924",""
"business","Business management consultant","JudyGab Consulting","13 Taling Rd, Sunward Park, Boksburg, 1459","Boksburg","Gauteng","","South Africa"," 0119133451","lindi@judygab.co.za","http://judygab.co.za/","","","https://maps.google.com/?hl=en_US&cid=0x0:0xc29bd8cca40f1226",""
"business","Business park","Business Park","33 Malcolm Moodie Cres, Jet Park, Boksburg, 1459","Boksburg","Gauteng","","South Africa","","","","","","https://maps.google.com/?hl=en_US&cid=0x0:0xb7dffcb381cd536f",""
"business","Business park","Airborne Business Park","7 Taljaard Rd, Bartlett, Boksburg, 1459","Boksburg","Gauteng","","South Africa"," 0662806343","office@airbornepark.co.za","http://www.airbornepark.co.za/","","","https://maps.google.com/?hl=en_US&cid=0x0:0xb48cd217cd2b401",""
"business","Chamber of Commerce","Greater Boksburg Chamber of Commerce and Industry","367 Commissioner St, Boksburg, 1469","Boksburg","Gauteng","","South Africa"," 0102850313","admin@gbcci.co.za","https://www.gbcci.co.za/","","","https://maps.google.com/?hl=en_US&cid=0x0:0xc5922540c3d5aa17",""
"business","Photocopiers supplier","Daisy Business Solutions East Rand - COPIERS - PABX - CCTV","Shop 5 East Rand Square, 183 Bentel Ave, Jansen Park, Boksburg, 1459","Boksburg","Gauteng","","South Africa"," 0118943480","info@daisy-gp.co.za","http://www.daisysolutions.co.za/","","","https://maps.google.com/?hl=en_US&cid=0x0:0x4873e3c5b4a6d83c",""
"business","Truck dealer","Cargo Commercial Vehicles Airport","Business Park, 54 Denne Rd, Hughes, Boksburg, 1459","Boksburg","Gauteng","","South Africa"," 0114375000","","http://www.mercedesbenzcommercial.co.za/","","","https://maps.google.com/?hl=en_US&cid=0x0:0xe23aaf21ad3aa18a",""
"business","Business management consultant","Jera Consulting","The Hub@256, Rondebult Rd, Parkdene, Boksburg, 1459","Boksburg","Gauteng","","South Africa"," 0119133320","sales@jera.co.za","http://www.jera.co.za/","","","https://maps.google.com/?hl=en_US&cid=0x0:0x62f4c15e6d9631cd",""
"business","Business management consultant","Moeti Holdings (Pty) Ltd","81 Pretoria Rd, Comet, Boksburg, 1459","Boksburg","Gauteng","","South Africa"," 0110537705","","","","","https://maps.google.com/?hl=en_US&cid=0x0:0x763388d563d15da",""
"business","","Altingen Group","18 Top Rd, Westwood AH, Boksburg, 1459","Boksburg","Gauteng","","South Africa"," 0828521758","","","","","https://maps.google.com/?hl=en_US&cid=0x0:0x6363708263c95170",""
"business","Lawyer","DP Attorneys Inc","241 Rondebult Rd, Farrar Park, Boksburg, 1459","Boksburg","Gauteng","","South Africa"," 0119130926","","http://www.dp-inc.co.za/","","","https://maps.google.com/?hl=en_US&cid=0x0:0x75c69c7d58b1145c",""
"business","Chamber of Commerce","Greater Boksburg Chamber of Commerce  Industry","236 Rondebult Ave, Libradene, Johannesburg, 1459","Johannesburg","Gauteng","","South Africa"," 0102850313","","","","","https://maps.google.com/?hl=en_US&cid=0x0:0xbbd5d5d83decf225",""
"business","Corporate office","Compass Business Park","Compass Business Park, 5 Main Reef Rd, Dunswart, Boksburg, 1508","Boksburg","Gauteng","","South Africa","","","","","","https://maps.google.com/?hl=en_US&cid=0x0:0x2d17a02867cc86d2",""
"business","Computer support and services","BClue Business Solutions","20 De Rouwe St, Beyers Park, Boksburg, 1459","Boksburg","Gauteng","","South Africa"," 0731888215","info@bclue.co.za","https://www.bclue.co.za/","","","https://maps.google.com/?hl=en_US&cid=0x0:0xa59386422ce2479f",""
"business","Auto tag agency","MVAAS","28 Jordaan St, Parkdene, Boksburg, 1459","Boksburg","Gauteng","","South Africa"," 0729932906","info@mvaas.co.za","http://mvaas.co.za/","","","https://maps.google.com/?hl=en_US&cid=0x0:0xed7062aa851da218",""
"business","Business management consultant","Enterprise Value Solutions","10 Ceres Ave, Comet, Boksburg, 1459","Boksburg","Gauteng","","South Africa"," 0741489022","","","","","https://maps.google.com/?hl=en_US&cid=0x0:0x2a4b3f476b3c4cc",""
"business","Civil law attorney","MAKANANISA ATTORNEYS","223 Rondebult Rd, Farrar Park, Boksburg, 1459","Boksburg","Gauteng","","South Africa"," 0762602121","","","","","https://maps.google.com/?hl=en_US&cid=0x0:0x3b232b0c781a56ad",""
"business","business","Boksburg","","Boksburg","Gauteng","","South Africa","","","","","","https://maps.google.com/?hl=en_US&cid=0x0:0x433e192b0d3f753d",""
"business","Software company","Gemelli IT Services","Fitzpatrick Road , Joel Ave, Farrar Park, Boksburg, 1459","Boksburg","Gauteng","","South Africa"," 0766352734","","","","","https://maps.google.com/?hl=en_US&cid=0x0:0x4bf5980b352aec3d",""
"business","","Business Hunters Pty (Ltd)","111 Grippen Rd, Bartlett, Boksburg, 1459","Boksburg","Gauteng","","South Africa"," 0115683737","","","","","https://maps.google.com/?hl=en_US&cid=0x0:0x413713b7023af7d0",""
"business","Store","HEALTHY SPLASH","222 Rondebult Rd, Libradene, Boksburg, 1459","Boksburg","Gauteng","","South Africa"," 0861106693","info@healthysplash.co.za","http://www.healthysplash.co.za/","","","https://maps.google.com/?hl=en_US&cid=0x0:0xca8479adffc0761e",""
"business","Packaging company","Box-It Boksburg","234 Rondebult Rd, Libradene, Boksburg, 1459","Boksburg","Gauteng","","South Africa"," 0663962018","boxes4alberton@gmail.com","http://www.boxitsa.co.za/","","","https://maps.google.com/?hl=en_US&cid=0x0:0xfd89fe240c919cc0",""
"business","General store","Vm123","12 N Rand Rd, Hughes, Boksburg, 1459","Boksburg","Gauteng","","South Africa","","","","","","https://maps.google.com/?hl=en_US&cid=0x0:0x7d0c8174ca675d78",""
"business","Steel fabricator","Green Steel Products","31 Seller Rd, Boksburg East Industrial, Boksburg, 1459","Boksburg","Gauteng","","South Africa"," 0119141750","","","","","https://maps.google.com/?hl=en_US&cid=0x0:0x8f526f18b7827601",""
"business","","Businesses in Boksburg North","14th Ave , Third St, Boksburg North, Boksburg, 1460","Boksburg","Gauteng","","South Africa"," 0119177000","","","","","https://maps.google.com/?hl=en_US&cid=0x0:0xb5596768d89e5c5b",""
"business","Print shop","3@1 Boksburg","Shop 24, Sunward Centre Kingfisher Ave cnr, Duiker Rd, Sunward Park, Boksburg, 1459","Boksburg","Gauteng","","South Africa"," 0100355216","boksburg@3at1.co.za","http://www.3at1boksburg.co.za/","","","https://maps.google.com/?hl=en_US&cid=0x0:0x911c0de9fbefab55",""
"business","Bakery","Everything Iced","18 Speel Rd, Freeway Park, Boksburg, 1459","Boksburg","Gauteng","","South Africa"," 0713565663","","http://everything-iced.com/","","","https://maps.google.com/?hl=en_US&cid=0x0:0xfea5a89202dc423c",""
"business","","Business Hunters Pty (Ltd)","111 Grippen Rd, Bartlett, Boksburg, 1459","Boksburg","Gauteng","","South Africa"," 0115683737","","","","","https://maps.google.com/?hl=en_US&cid=0x0:0x413713b7023af7d0",""
"business","business","N/A","","","Gauteng","","South Africa"," 0120232576","","http://www.specialisedsafety.co.za/","","","https://maps.google.com/?hl=en_US&cid=0x0:0xbfb3ac73c2aa7acf",""
"business","Hair salon","Prospur Business Park","10 Oscar St, Hughes, Boksburg, 1459","Boksburg","Gauteng","","South Africa"," 0836591597","","","","","https://maps.google.com/?hl=en_US&cid=0x0:0x8c539bc6e1d32924",""
"business","Computer support and services","Business Information Support Services","14 Maraboe St, Atlasville, Boksburg, 1459","Boksburg","Gauteng","","South Africa"," 0614246252","","","","","https://maps.google.com/?hl=en_US&cid=0x0:0xc5f54ad1f5c51e6e",""
"business","business","N/A","","","Gauteng","","South Africa"," 0785728911","","","","","https://maps.google.com/?hl=en_US&cid=0x0:0x23b200be7b344a16",""
"business","business","N/A","","","Gauteng","","South Africa"," 0842078264","","https://www.promoafrica.com/hellocorporate","","","https://maps.google.com/?hl=en_US&cid=0x0:0xceaefeee432b3e37",""
"business","Computer support and services","BClue Business Solutions","20 De Rouwe St, Beyers Park, Boksburg, 1459","Boksburg","Gauteng","","South Africa"," 0731888215","info@bclue.co.za","https://www.bclue.co.za/","","","https://maps.google.com/?hl=en_US&cid=0x0:0xa59386422ce2479f",""
"business","Accounting firm","Elite Accounting  Tax Solutions CC","34 Boslelie Cres, Clearwater Estate, Boksburg, 1459","Boksburg","Gauteng","","South Africa","","carolinep@mweb.co.za","https://www.elite-accounting.co.za/","","","https://maps.google.com/?hl=en_US&cid=0x0:0xe5573623b07f028f",""
"business","business","N/A","","","Gauteng","","South Africa"," 0878034434","","","","","https://maps.google.com/?hl=en_US&cid=0x0:0x34be500455d16548",""
"business","Business management consultant","Dearham Management Services","27 Findel Rd, Impala Park, Boksburg, 1459","Boksburg","Gauteng","","South Africa","","","","","","https://maps.google.com/?hl=en_US&cid=0x0:0x9f331742a7fd1235",""
"business","Accountant","Everything Accounting (Pty) Ltd","14 Ekster St, Atlasville, Boksburg, 1459","Boksburg","Gauteng","","South Africa"," 0834547383","","","","","https://maps.google.com/?hl=en_US&cid=0x0:0xdd1c531441a7a48c",""
"business","business","N/A","","","Gauteng","","South Africa"," 0828294266","","","","","https://maps.google.com/?hl=en_US&cid=0x0:0x7dbe3b49bb5762d",""
"business","General store","Roadring Business Park","85 N Rand Rd, Driefontein 85-Ir, Boksburg, 1459","Boksburg","Gauteng","","South Africa","","","","","","https://maps.google.com/?hl=en_US&cid=0x0:0xd84a0b4ec55663fd",""
"business","Business management consultant","NU CREATIVE","Block B11, Bartlet El Ridge Office Park, 100 Elizabeth Rd, Impala Park, Boksburg, 1459","Boksburg","Gauteng","","South Africa"," 0113977865","","","","","https://maps.google.com/?hl=en_US&cid=0x0:0xf92a820ad9390d7d",""
"business","Corporate office","Benvista Office Park","Edgar Rd, Klipfontein 83-Ir, Boksburg, 1459","Boksburg","Gauteng","","South Africa"," 0113255290","info@bentelprop.co.za","http://www.benvistaofficepark.co.za/","","","https://maps.google.com/?hl=en_US&cid=0x0:0xf464548f7ec067f2",""
"business","Business management consultant","Enterprise Value Solutions","10 Ceres Ave, Comet, Boksburg, 1459","Boksburg","Gauteng","","South Africa"," 0741489022","","","","","https://maps.google.com/?hl=en_US&cid=0x0:0x2a4b3f476b3c4cc",""
"business","Business management consultant","3-D Business Solutions (Pty) Ltd","72 Wordsworth Rd, Farrarmere, Benoni, 1501","Benoni","Gauteng","","South Africa"," 0118491634","","","","","https://maps.google.com/?hl=en_US&cid=0x0:0x7177d7ce3d97d826",""
"business","Business park","Airborne Business Park","7 Taljaard Rd, Bartlett, Boksburg, 1459","Boksburg","Gauteng","","South Africa"," 0662806343","office@airbornepark.co.za","http://www.airbornepark.co.za/","","","https://maps.google.com/?hl=en_US&cid=0x0:0xb48cd217cd2b401",""
"business","business","N/A","","","Gauteng","","South Africa"," 0799252604","","","","","https://maps.google.com/?hl=en_US&cid=0x0:0xb97d95f82383cddf",""
"business","Software company","Gemelli IT Services","Fitzpatrick Road , Joel Ave, Farrar Park, Boksburg, 1459","Boksburg","Gauteng","","South Africa"," 0766352734","","","","","https://maps.google.com/?hl=en_US&cid=0x0:0x4bf5980b352aec3d",""
"business","business","N/A","","","Gauteng","","South Africa"," 0763304280","","http://www.multibusinessdivision.co.za/","","","https://maps.google.com/?hl=en_US&cid=0x0:0x1c2bf529b9dabd4a",""
"business","Photocopiers supplier","Daisy Business Solutions East Rand - COPIERS - PABX - CCTV","Shop 5 East Rand Square, 183 Bentel Ave, Jansen Park, Boksburg, 1459","Boksburg","Gauteng","","South Africa"," 0118943480","info@daisy-gp.co.za","http://www.daisysolutions.co.za/","","","https://maps.google.com/?hl=en_US&cid=0x0:0x4873e3c5b4a6d83c",""
"business","Business management consultant","Ncoded Solutions","Reservoir Rd , Van Dyk Rd, Boksburg East, Boksburg, 1459","Boksburg","Gauteng","","South Africa"," 0861123526","","","","","https://maps.google.com/?hl=en_US&cid=0x0:0x4e0b0e7f9bc04f8a",""
"business","Print shop","3@1 Boksburg","Shop 24, Sunward Centre Kingfisher Ave cnr, Duiker Rd, Sunward Park, Boksburg, 1459","Boksburg","Gauteng","","South Africa"," 0100355216","boksburg@3at1.co.za","http://www.3at1boksburg.co.za/","","","https://maps.google.com/?hl=en_US&cid=0x0:0x911c0de9fbefab55",""
"business","business","N/A","","","Gauteng","","South Africa","","","","","","https://maps.google.com/?hl=en_US&cid=0x0:0xeea905205a66ed1d",""
"business","Packaging company","Box-It Boksburg","234 Rondebult Rd, Libradene, Boksburg, 1459","Boksburg","Gauteng","","South Africa"," 0663962018","boxes4alberton@gmail.com","http://www.boxitsa.co.za/","","","https://maps.google.com/?hl=en_US&cid=0x0:0xfd89fe240c919cc0",""
"business","Mining company","Integrated Business Management.(Pty).Ltd","21 Graniet Rd, Jet Park, Boksburg, 1459","Boksburg","Gauteng","","South Africa"," 0100075690","","","","","https://maps.google.com/?hl=en_US&cid=0x0:0x2bf2cdd639b55a64",""
"business","Logistics service","Touchdown Industrial Park","Ext 114, 110 Ridge Rd, Bartlett, Boksburg, 1459","Boksburg","Gauteng","","South Africa"," 0832914857","","","","","https://maps.google.com/?hl=en_US&cid=0x0:0x76609f8a805f82eb",""
"business","Steel fabricator","Burgess  Burger","526 Commissioner St, Boksburg, Johannesburg, 1459","Johannesburg","Gauteng","","South Africa"," 0877513826","","","","","https://maps.google.com/?hl=en_US&cid=0x0:0xc9d451fe19ddb467",""
"business","Business management consultant","BCH Corporate","63 Asquith Rd, Ravenswood, Boksburg, 1459","Boksburg","Gauteng","","South Africa"," 0796926512","","","","","https://maps.google.com/?hl=en_US&cid=0x0:0xd9166f296d187024",""
"business","Hair salon","Prospur Business Park","10 Oscar St, Hughes, Boksburg, 1459","Boksburg","Gauteng","","South Africa"," 0836591597","","","","","https://maps.google.com/?hl=en_US&cid=0x0:0x8c539bc6e1d32924",""
"business","Accountant","Ghekko Business Services","60 Leeuwpoort St, Boksburg, 1459","Boksburg","Gauteng","","South Africa","","","","","","https://maps.google.com/?hl=en_US&cid=0x0:0x232177e351cf090d",""
"business","business","N/A","","","Gauteng","","South Africa","","","","","","https://maps.google.com/?hl=en_US&cid=0x0:0x6f7bf06d70c914de",""
"business","General store","Roadring Business Park","85 N Rand Rd, Driefontein 85-Ir, Boksburg, 1459","Boksburg","Gauteng","","South Africa","","","","","","https://maps.google.com/?hl=en_US&cid=0x0:0xd84a0b4ec55663fd",""
"business","Business management consultant","Moeti Holdings (Pty) Ltd","81 Pretoria Rd, Comet, Boksburg, 1459","Boksburg","Gauteng","","South Africa"," 0110537705","","","","","https://maps.google.com/?hl=en_US&cid=0x0:0x763388d563d15da",""
"business","","Business Hunters Pty (Ltd)","111 Grippen Rd, Bartlett, Boksburg, 1459","Boksburg","Gauteng","","South Africa"," 0115683737","","","","","https://maps.google.com/?hl=en_US&cid=0x0:0x413713b7023af7d0",""
"business","Truck dealer","Cargo Commercial Vehicles Airport","Business Park, 54 Denne Rd, Hughes, Boksburg, 1459","Boksburg","Gauteng","","South Africa"," 0114375000","","http://www.mercedesbenzcommercial.co.za/","","","https://maps.google.com/?hl=en_US&cid=0x0:0xe23aaf21ad3aa18a",""
"business","Photocopiers supplier","Daisy Business Solutions East Rand - COPIERS - PABX - CCTV","Shop 5 East Rand Square, 183 Bentel Ave, Jansen Park, Boksburg, 1459","Boksburg","Gauteng","","South Africa"," 0118943480","info@daisy-gp.co.za","http://www.daisysolutions.co.za/","","","https://maps.google.com/?hl=en_US&cid=0x0:0x4873e3c5b4a6d83c",""
"business","business","N/A","","","Gauteng","","South Africa","","","","","","https://maps.google.com/?hl=en_US&cid=0x0:0x42ed93fd4729e554",""
"business","Business management consultant","Ncoded Solutions","Reservoir Rd , Van Dyk Rd, Boksburg East, Boksburg, 1459","Boksburg","Gauteng","","South Africa"," 0861123526","","","","","https://maps.google.com/?hl=en_US&cid=0x0:0x4e0b0e7f9bc04f8a",""
"business","Construction company","Sinapi Global","Unit E2, Prospur Business Park, 10 Oscar St, Hughes, Boksburg, 1459","Boksburg","Gauteng","","South Africa"," 1234567890","","","","","https://maps.google.com/?hl=en_US&cid=0x0:0xb7f93176872e85cb",""
"business","Business park","Business Park","33 Malcolm Moodie Cres, Jet Park, Boksburg, 1459","Boksburg","Gauteng","","South Africa","","","","","","https://maps.google.com/?hl=en_US&cid=0x0:0xb7dffcb381cd536f",""
"business","Chamber of Commerce","Greater Boksburg Chamber of Commerce and Industry","367 Commissioner St, Boksburg, 1469","Boksburg","Gauteng","","South Africa"," 0102850313","admin@gbcci.co.za","https://www.gbcci.co.za/","","","https://maps.google.com/?hl=en_US&cid=0x0:0xc5922540c3d5aa17",""
"business","Truck dealer","East Rand Truck Sales Pty Ltd","85 N Rand Rd, Boksburg, Johannesburg, 1462","Johannesburg","Gauteng","","South Africa"," 0118232535","mario@eastrandtruck.com","http://www.eastrandtruck.co.za/","","","https://maps.google.com/?hl=en_US&cid=0x0:0x9050b4f104a732f4",""
"business","Truck dealer","Status Truck Sales","148 Nolte St, Bartlett AH, Boksburg, 1459","Boksburg","Gauteng","","South Africa","","sebastian@statustrucksales.co.za","https://statustrucks.co.za/","","","https://maps.google.com/?hl=en_US&cid=0x0:0x48b71a61704ee440",""
"business","Business park","Airborne Business Park","7 Taljaard Rd, Bartlett, Boksburg, 1459","Boksburg","Gauteng","","South Africa"," 0662806343","office@airbornepark.co.za","http://www.airbornepark.co.za/","","","https://maps.google.com/?hl=en_US&cid=0x0:0xb48cd217cd2b401",""
"business","business","1466","Boksburg","Boksburg","Gauteng","","South Africa","","","","","","https://maps.google.com/?hl=en_US&cid=0x0:0x203ce9e027a14ba9",""
"business","Computer repair service","Joe business center","2433 Fish Eagle St, Local, Boksburg, 1459","Boksburg","Gauteng","","South Africa"," 0796137398","","","","","https://maps.google.com/?hl=en_US&cid=0x0:0xc0ef8ee343356fe0",""
"business","Software company","Gemelli IT Services","Fitzpatrick Road , Joel Ave, Farrar Park, Boksburg, 1459","Boksburg","Gauteng","","South Africa"," 0766352734","","","","","https://maps.google.com/?hl=en_US&cid=0x0:0x4bf5980b352aec3d",""
"business","Packaging company","Box-It Boksburg","234 Rondebult Rd, Libradene, Boksburg, 1459","Boksburg","Gauteng","","South Africa"," 0663962018","boxes4alberton@gmail.com","http://www.boxitsa.co.za/","","","https://maps.google.com/?hl=en_US&cid=0x0:0xfd89fe240c919cc0",""
"business","Steel fabricator","Jaypro Trading (Pty) Ltd","3 Joel Ave, Farrar Park, Boksburg, 1459","Boksburg","Gauteng","","South Africa"," 0832771579","","","","","https://maps.google.com/?hl=en_US&cid=0x0:0x673231b61ba04dac",""
"business","Business management consultant","Numitone Group","9 Biddulph St, Witfield, Boksburg, 1459","Boksburg","Gauteng","","South Africa"," 0766910124","","","","","https://maps.google.com/?hl=en_US&cid=0x0:0x151884184662cf61",""
"business","","SAC COMMERCIAL PARTS BOKSBURG","UNIT 2, 4 Herman Pieters Rd, Hughes, Boksburg, 1459","Boksburg","Gauteng","","South Africa"," 0118264866","parts.wel@sactrucks.co.za","https://www.sactrucks.co.za/","","","https://maps.google.com/?hl=en_US&cid=0x0:0xdca75c0fda8260f4",""
"business","","Businesses in Boksburg North","14th Ave , Third St, Boksburg North, Boksburg, 1460","Boksburg","Gauteng","","South Africa"," 0119177000","","","","","https://maps.google.com/?hl=en_US&cid=0x0:0xb5596768d89e5c5b",""
"business","Business management consultant","Indoni Business Consulting (Pty) Ltd","81 Shirley St, Dawn Park, Boksburg, 1459","Boksburg","Gauteng","","South Africa"," 0833716265","","","","","https://maps.google.com/?hl=en_US&cid=0x0:0xcb278152cf6f2e8c",""
"business","Print shop","The East","No 59, Comet, Boksburg, 1459","Boksburg","Gauteng","","South Africa"," 0817384792","","","","","https://maps.google.com/?hl=en_US&cid=0x0:0x8fdb1e338e1bc67e",""
"business","Print shop","3@1 Boksburg","Shop 24, Sunward Centre Kingfisher Ave cnr, Duiker Rd, Sunward Park, Boksburg, 1459","Boksburg","Gauteng","","South Africa"," 0100355216","boksburg@3at1.co.za","http://www.3at1boksburg.co.za/","","","https://maps.google.com/?hl=en_US&cid=0x0:0x911c0de9fbefab55",""
"business","","Casting and Engineering Specialists Pty Ltd","Dean Pl, Elspark, Boksburg, 1418","Boksburg","Gauteng","","South Africa","","","https://castingandengineering.simdif.com/","","","https://maps.google.com/?hl=en_US&cid=0x0:0x98d9705cbc7abf7b",""
"business","business","N/A","","","Gauteng","","South Africa","","","","","","https://maps.google.com/?hl=en_US&cid=0x0:0x5b604d55c4beef26",""
"business","Business management consultant","Numitone Group","9 Biddulph St, Witfield, Boksburg, 1459","Boksburg","Gauteng","","South Africa"," 0766910124","","","","","https://maps.google.com/?hl=en_US&cid=0x0:0x151884184662cf61",""
"business","Corporate office","Christian Business Owners Association","16 Allen St, Bardene, Boksburg, 1459","Boksburg","Gauteng","","South Africa"," 0824321328","","","","","https://maps.google.com/?hl=en_US&cid=0x0:0x1adb3dacdb93ad6e",""
"business","Business management consultant","NHLUPHO BUSINESS OPTIMIZATION SOLUTIONS","8 Edgar Road, Benvista Office Park, Office no. 24  25, Jansen Park, Boksburg, 1459","Boksburg","Gauteng","","South Africa"," 0103125739","","","","","https://maps.google.com/?hl=en_US&cid=0x0:0x1c34f58958b23233",""
"business","Business management consultant","Timoti Consulting Pty Ltd","44 Tassenberg St, Ravensklip, Boksburg, 1459","Boksburg","Gauteng","","South Africa"," 0827740328","","","","","https://maps.google.com/?hl=en_US&cid=0x0:0x22257405d97cfb3f",""
"business","School","Destiny Christian Academy","1 Miranda St, Ravensky, Boksburg, 1459","Boksburg","Gauteng","","South Africa"," 0118261497","info@destinyacademy.net.za","http://www.destinyacademy.net.za/","","","https://maps.google.com/?hl=en_US&cid=0x0:0x27a71bc7c7e72a95",""
"business","Business management consultant","Moeti Holdings (Pty) Ltd","81 Pretoria Rd, Comet, Boksburg, 1459","Boksburg","Gauteng","","South Africa"," 0110537705","","","","","https://maps.google.com/?hl=en_US&cid=0x0:0x763388d563d15da",""
"business","Business management consultant","Beyond Compliance Consultants","13 Tassenberg Street, 55 Tassenberg Close, Boksburg, 1459","Boksburg","Gauteng","","South Africa"," 0719316492","","","","","https://maps.google.com/?hl=en_US&cid=0x0:0x86f717ffbe9ae525",""
"business","Private college","Damelin - Boksburg","224 Jacobs St, Jansen Park, Boksburg, 1459","Boksburg","Gauteng","","South Africa"," 0861819221","braamfontein@damelin.co.za","http://www.damelin.co.za/","","","https://maps.google.com/?hl=en_US&cid=0x0:0x83f3ab38fd0a9671",""
"business","Occupational safety and health","Equipro Business Risk Solutions","4 Allen St, Bardene, Boksburg, 1459","Boksburg","Gauteng","","South Africa"," 0118945343","","https://equipro.co.za/about-equipro-business-risk-solutions/","","","https://maps.google.com/?hl=en_US&cid=0x0:0x69b07fb9bd61b42c",""
"business","Preschool","Aspiration Academic","4 Dayan Rd, Witfield, Boksburg, 1459","Boksburg","Gauteng","","South Africa"," 0113833494","","","","","https://maps.google.com/?hl=en_US&cid=0x0:0xb46862b355257c8a",""
"business","business","N/A","","","Gauteng","","South Africa","","","","","","https://maps.google.com/?hl=en_US&cid=0x0:0x6f7bf06d70c914de",""
"business","Logistics","Logistics Systems Engineering (Pty) Ltd","5 Estee Ackerman St, Jet Park, Boksburg, 1459","Boksburg","Gauteng","","South Africa"," 0861616161","sales@lsegroup.co.za","http://www.lsegroup.africa/","","","https://maps.google.com/?hl=en_US&cid=0x0:0x4e761318b6a6524f",""
"business","Promotional products supplier","Finatics Promotions","49 Heather Ave, Lilianton, Boksburg, 1459","Boksburg","Gauteng","","South Africa"," 0118233227","","","","","https://maps.google.com/?hl=en_US&cid=0x0:0xb500909bcbab1fc",""
"business","Business development service","Success Defined Consulting and Academy (Pty) Ltd","Boksburg North, Boksburg, 1459","Boksburg","Gauteng","","South Africa"," 0110766645","","","","","https://maps.google.com/?hl=en_US&cid=0x0:0xd34b8f6b0a37ce1f",""
"business","business","N/A","","","Gauteng","","South Africa"," 0832779707","","","","","https://maps.google.com/?hl=en_US&cid=0x0:0x99cb4ad1723054e3",""
"business","Elementary school","Boksburg Christian Academy","Angelo, Boksburg","Boksburg","Gauteng","","South Africa"," 0110254144","","http://www.boksburgchristianacademy.co.za/","","","https://maps.google.com/?hl=en_US&cid=0x0:0x912e09af6a0a1d10",""
"business","Design agency","NEPTUNE DESIGN PTY LTD","4 Madeley Rd, Driefontein 85-Ir, Boksburg, 1459","Boksburg","Gauteng","","South Africa"," 0115537273","","https://www.neptunedesign.co.za/","","","https://maps.google.com/?hl=en_US&cid=0x0:0x12e9a07e5ffe9f9d",""
"business","business","1467","Boksburg","Boksburg","Gauteng","","South Africa","","","","","","https://maps.google.com/?hl=en_US&cid=0x0:0x128bb1cfe8470ca4",""
"business","Consultant","Amandla Consulting (Pty) Ltd","41 Jansen Rd, Jet Park, Boksburg, 1469","Boksburg","Gauteng","","South Africa"," 0118236621","info@amandlaconsulting.co.za","http://www.amandlaconsulting.co.za/","","","https://maps.google.com/?hl=en_US&cid=0x0:0x6c1d2b0c47376f05",""
"business","business","N/A","","","Gauteng","","South Africa"," 0763304280","","http://www.multibusinessdivision.co.za/","","","https://maps.google.com/?hl=en_US&cid=0x0:0x1c2bf529b9dabd4a",""
"business","Business management consultant","BCH Corporate","63 Asquith Rd, Ravenswood, Boksburg, 1459","Boksburg","Gauteng","","South Africa"," 0796926512","","","","","https://maps.google.com/?hl=en_US&cid=0x0:0xd9166f296d187024",""
"business","Software company","Gemelli IT Services","Fitzpatrick Road , Joel Ave, Farrar Park, Boksburg, 1459","Boksburg","Gauteng","","South Africa"," 0766352734","","","","","https://maps.google.com/?hl=en_US&cid=0x0:0x4bf5980b352aec3d",""
"business","","Business Hunters Pty (Ltd)","111 Grippen Rd, Bartlett, Boksburg, 1459","Boksburg","Gauteng","","South Africa"," 0115683737","","","","","https://maps.google.com/?hl=en_US&cid=0x0:0x413713b7023af7d0",""
"business","Hair salon","Prospur Business Park","10 Oscar St, Hughes, Boksburg, 1459","Boksburg","Gauteng","","South Africa"," 0836591597","","","","","https://maps.google.com/?hl=en_US&cid=0x0:0x8c539bc6e1d32924",""
"business","General store","Roadring Business Park","85 N Rand Rd, Driefontein 85-Ir, Boksburg, 1459","Boksburg","Gauteng","","South Africa","","","","","","https://maps.google.com/?hl=en_US&cid=0x0:0xd84a0b4ec55663fd",""
"business","Print shop","3@1 Boksburg","Shop 24, Sunward Centre Kingfisher Ave cnr, Duiker Rd, Sunward Park, Boksburg, 1459","Boksburg","Gauteng","","South Africa"," 0100355216","boksburg@3at1.co.za","http://www.3at1boksburg.co.za/","","","https://maps.google.com/?hl=en_US&cid=0x0:0x911c0de9fbefab55",""
"business","Packaging company","Box-It Boksburg","234 Rondebult Rd, Libradene, Boksburg, 1459","Boksburg","Gauteng","","South Africa"," 0663962018","boxes4alberton@gmail.com","http://www.boxitsa.co.za/","","","https://maps.google.com/?hl=en_US&cid=0x0:0xfd89fe240c919cc0",""
"business","Photocopiers supplier","Daisy Business Solutions East Rand - COPIERS - PABX - CCTV","Shop 5 East Rand Square, 183 Bentel Ave, Jansen Park, Boksburg, 1459","Boksburg","Gauteng","","South Africa"," 0118943480","info@daisy-gp.co.za","http://www.daisysolutions.co.za/","","","https://maps.google.com/?hl=en_US&cid=0x0:0x4873e3c5b4a6d83c",""
"business","General store","Roadring Business Park","85 N Rand Rd, Driefontein 85-Ir, Boksburg, 1459","Boksburg","Gauteng","","South Africa","","","","","","https://maps.google.com/?hl=en_US&cid=0x0:0xd84a0b4ec55663fd",""
"business","Hair salon","Prospur Business Park","10 Oscar St, Hughes, Boksburg, 1459","Boksburg","Gauteng","","South Africa"," 0836591597","","","","","https://maps.google.com/?hl=en_US&cid=0x0:0x8c539bc6e1d32924",""
"business","Corporate office","Wingfield Office Park","1 Geertsma Rd, Jet Park, Boksburg, 1459","Boksburg","Gauteng","","South Africa"," 0815988922","","","","","https://maps.google.com/?hl=en_US&cid=0x0:0x565bbaa18cf6cb97",""
"business","Machining manufacturer","Nylacast SA (Pty) Ltd","43 Malcolm Moodie Cres, Jet Park, Boksburg, 1459","Boksburg","Gauteng","","South Africa"," 0113977077","sales@nylacast.com","https://www.nylacast.com/","","","https://maps.google.com/?hl=en_US&cid=0x0:0xa11affcff0abfd2f",""
"business","Business park","Airborne Business Park","7 Taljaard Rd, Bartlett, Boksburg, 1459","Boksburg","Gauteng","","South Africa"," 0662806343","office@airbornepark.co.za","http://www.airbornepark.co.za/","","","https://maps.google.com/?hl=en_US&cid=0x0:0xb48cd217cd2b401",""
"business","business","N/A","","","Gauteng","","South Africa"," 0832779707","","","","","https://maps.google.com/?hl=en_US&cid=0x0:0x99cb4ad1723054e3",""
"business","Business management consultant","BCH Corporate","63 Asquith Rd, Ravenswood, Boksburg, 1459","Boksburg","Gauteng","","South Africa"," 0796926512","","","","","https://maps.google.com/?hl=en_US&cid=0x0:0xd9166f296d187024",""
"business","Business management consultant","ToksLog","Unit 5 , Jan Smuts Office Park, Jones Rd, Jet Park, 1459","Kempton Park","Gauteng","","South Africa"," 0115528230","","http://tokslog.co.za/","","","https://maps.google.com/?hl=en_US&cid=0x0:0xbd7f7a5025d35c09",""
"business","Machining manufacturer","Aumic Engineering","16 Derick Coetzee St, Jet Park, Boksburg, 1459","Boksburg","Gauteng","","South Africa"," 0826949867","info@midnightmonkey.co.za","http://www.aumic.co.za/","","","https://maps.google.com/?hl=en_US&cid=0x0:0x52140603203fe59c",""
"business","Seal shop","Barnel Design and Manufacturing","Unit C1, The Palisades Business Park, 39 Kelly Rd, Jet Park, Boksburg, 1460","Boksburg","Gauteng","","South Africa"," 0113971119","","http://www.barneldesign.co.za/","","","https://maps.google.com/?hl=en_US&cid=0x0:0x4ce48f8b6b185ad8",""
"business","Office equipment supplier","MACHCO SOLUTIONS BOKSBURG","UNIT 1, EAST RAND JUNCTION OFFICE PARK, 21 Frank Rd, Bartlett, Boksburg, 1459","Boksburg","Gauteng","","South Africa"," 0114201499","sales@machcosolutions.co.za","http://www.machcosolutions.co.za/","","","https://maps.google.com/?hl=en_US&cid=0x0:0x23dba74f29cb8661",""
"business","Mining company","Sandvik Parts Distribution","24 Kelly Rd, Jet Park, Boksburg, 1459","Boksburg","Gauteng","","South Africa","","","","","","https://maps.google.com/?hl=en_US&cid=0x0:0xf7f6d12b1c2935d0",""
"business","Commercial refrigeration","HGF Plate Heat Exchangers (Pty) Ltd","Meerzicht Business Park, 15, 33 Kelly Rd, Jet Park, Boksburg, 1459","Boksburg","Gauteng","","South Africa"," 0113976288","richard@hgf-phe.co.za","http://www.hgf-phe.co.za/","","","https://maps.google.com/?hl=en_US&cid=0x0:0x869e64a6f9f35cc",""
"business","Accounting firm","The Tax Shop Boksburg Central and Germiston (eastrand@taxshop.co.za)","Meerzicht Business Park, 33 Kelly Rd, Jet Park, Boksburg, 1459","Boksburg","Gauteng","","South Africa"," 0798903521","","","","","https://maps.google.com/?hl=en_US&cid=0x0:0x70a58e35b751fa9c",""
"business","Mining company","Spring Water Engineering Services (PTY) LTD","Unit 6, 58 Graniet Rd, Jet Park, Boksburg, 1459","Boksburg","Gauteng","","South Africa"," 0723145139","tommy@swatereng.com","http://springwaterengineering.com/","","","https://maps.google.com/?hl=en_US&cid=0x0:0x3848230262cc3cdc",""
"business","","Businesses in Boksburg North","14th Ave , Third St, Boksburg North, Boksburg, 1460","Boksburg","Gauteng","","South Africa"," 0119177000","","","","","https://maps.google.com/?hl=en_US&cid=0x0:0xb5596768d89e5c5b",""
"business","Chamber of Commerce","Greater Boksburg Chamber of Commerce  Industry","236 Rondebult Ave, Libradene, Johannesburg, 1459","Johannesburg","Gauteng","","South Africa"," 0102850313","","","","","https://maps.google.com/?hl=en_US&cid=0x0:0xbbd5d5d83decf225",""
"business","Truck dealer","Status Truck Sales","148 Nolte St, Bartlett AH, Boksburg, 1459","Boksburg","Gauteng","","South Africa","","sebastian@statustrucksales.co.za","https://statustrucks.co.za/","","","https://maps.google.com/?hl=en_US&cid=0x0:0x48b71a61704ee440",""
"business","business","1469","Boksburg","Boksburg","Gauteng","","South Africa","","","","","","https://maps.google.com/?hl=en_US&cid=0x0:0x5ecaa334813e113",""
"business","business","N/A","","","Gauteng","","South Africa"," 0763304280","","http://www.multibusinessdivision.co.za/","","","https://maps.google.com/?hl=en_US&cid=0x0:0x1c2bf529b9dabd4a",""
"business","Digital printing service","Print 2000","10 Padyn Rd, Freeway Park, Boksburg, 1459","Boksburg","Gauteng","","South Africa"," 0118933255","","","","","https://maps.google.com/?hl=en_US&cid=0x0:0xb59ebf2dcf374047",""
"business","Software company","Gemelli IT Services","Fitzpatrick Road , Joel Ave, Farrar Park, Boksburg, 1459","Boksburg","Gauteng","","South Africa"," 0766352734","","","","","https://maps.google.com/?hl=en_US&cid=0x0:0x4bf5980b352aec3d",""
"business","","SAC COMMERCIAL PARTS BOKSBURG","UNIT 2, 4 Herman Pieters Rd, Hughes, Boksburg, 1459","Boksburg","Gauteng","","South Africa"," 0118264866","parts.wel@sactrucks.co.za","https://www.sactrucks.co.za/","","","https://maps.google.com/?hl=en_US&cid=0x0:0xdca75c0fda8260f4",""
"business","Print shop","3@1 Boksburg","Shop 24, Sunward Centre Kingfisher Ave cnr, Duiker Rd, Sunward Park, Boksburg, 1459","Boksburg","Gauteng","","South Africa"," 0100355216","boksburg@3at1.co.za","http://www.3at1boksburg.co.za/","","","https://maps.google.com/?hl=en_US&cid=0x0:0x911c0de9fbefab55",""
"business","business","N/A","","","Gauteng","","South Africa","","","","","","https://maps.google.com/?hl=en_US&cid=0x0:0xeea905205a66ed1d",""
"business","Print shop","JDNel Trading","1 Elsenburg Rd, Freeway Park, Boksburg, 1459","Boksburg","Gauteng","","South Africa"," 0115682737","","","","","https://maps.google.com/?hl=en_US&cid=0x0:0x294c893e633418a1",""
"business","Steel fabricator","Jaypro Trading (Pty) Ltd","3 Joel Ave, Farrar Park, Boksburg, 1459","Boksburg","Gauteng","","South Africa"," 0832771579","","","","","https://maps.google.com/?hl=en_US&cid=0x0:0x673231b61ba04dac",""
"business","Manufacturer","Complete Mobility","76 Smuts Ave, Cinderella, Boksburg, 1459","Boksburg","Gauteng","","South Africa"," 0118240204","","http://complete-mobility.co.za/","","","https://maps.google.com/?hl=en_US&cid=0x0:0xf8bf508074ec864e",""
"business","Foundry","Rely Precision Castings","Industrial Sites, 512 Commissioner St, Boksburg North, Johannesburg, 1469","Johannesburg","Gauteng","","South Africa"," 0119141640","sales@rely.co.za","http://www.rely.co.za/","","","https://maps.google.com/?hl=en_US&cid=0x0:0xf8ffab24a34a04ca",""
"business","Consultant","SOUTH MANAGEMENT CONSULTANTS","23 Killian Ave, Cinderella, Boksburg, 1459","Boksburg","Gauteng","","South Africa"," 0118965706","","","","","https://maps.google.com/?hl=en_US&cid=0x0:0xf5abdeea3b2c5ce3",""
"business","General store","Roadring Business Park","85 N Rand Rd, Driefontein 85-Ir, Boksburg, 1459","Boksburg","Gauteng","","South Africa","","","","","","https://maps.google.com/?hl=en_US&cid=0x0:0xd84a0b4ec55663fd",""
"business","Hair salon","Prospur Business Park","10 Oscar St, Hughes, Boksburg, 1459","Boksburg","Gauteng","","South Africa"," 0836591597","","","","","https://maps.google.com/?hl=en_US&cid=0x0:0x8c539bc6e1d32924",""
"business","","Businesses in Boksburg North","14th Ave , Third St, Boksburg North, Boksburg, 1460","Boksburg","Gauteng","","South Africa"," 0119177000","","","","","https://maps.google.com/?hl=en_US&cid=0x0:0xb5596768d89e5c5b",""
"business","","Business Hunters Pty (Ltd)","111 Grippen Rd, Bartlett, Boksburg, 1459","Boksburg","Gauteng","","South Africa"," 0115683737","","","","","https://maps.google.com/?hl=en_US&cid=0x0:0x413713b7023af7d0",""
"business","Auto tag agency","MVAAS","28 Jordaan St, Parkdene, Boksburg, 1459","Boksburg","Gauteng","","South Africa"," 0729932906","info@mvaas.co.za","http://mvaas.co.za/","","","https://maps.google.com/?hl=en_US&cid=0x0:0xed7062aa851da218",""
"business","Business management consultant","Jera Consulting","The Hub@256, Rondebult Rd, Parkdene, Boksburg, 1459","Boksburg","Gauteng","","South Africa"," 0119133320","sales@jera.co.za","http://www.jera.co.za/","","","https://maps.google.com/?hl=en_US&cid=0x0:0x62f4c15e6d9631cd",""
"business","business","N/A","","","Gauteng","","South Africa"," 0763304280","","http://www.multibusinessdivision.co.za/","","","https://maps.google.com/?hl=en_US&cid=0x0:0x1c2bf529b9dabd4a",""
"business","business","N/A","","","Gauteng","","South Africa"," 0815370485","","","","","https://maps.google.com/?hl=en_US&cid=0x0:0x808277c0954d082b",""
"business","Business management consultant","BCH Corporate","63 Asquith Rd, Ravenswood, Boksburg, 1459","Boksburg","Gauteng","","South Africa"," 0796926512","","","","","https://maps.google.com/?hl=en_US&cid=0x0:0xd9166f296d187024",""
"business","Business development service","East Rand Business Directory","Bert Lacey Dr, Sunward Park, Boksburg, 1459","Boksburg","Gauteng","","South Africa"," 0649419214","","","","","https://maps.google.com/?hl=en_US&cid=0x0:0xa8b758e79edf2921",""
"business","","Solidariteit Dienskantoor - Boksburg","198A Trichardts Rd, Panberthy Manor, Boksburg, 1459","Boksburg","Gauteng","","South Africa"," 0119130783","diens@solidariteit.co.za","https://solidariteit.co.za/","","","https://maps.google.com/?hl=en_US&cid=0x0:0xf340e54e0532c0f0",""
"business","Corporate office","Christian Business Owners Association","16 Allen St, Bardene, Boksburg, 1459","Boksburg","Gauteng","","South Africa"," 0824321328","","","","","https://maps.google.com/?hl=en_US&cid=0x0:0x1adb3dacdb93ad6e",""
"business","business","N/A","","","Gauteng","","South Africa"," 0824610734","","","","","https://maps.google.com/?hl=en_US&cid=0x0:0x6155a4f4bb6d5d8f",""
"business","Chamber of Commerce","Greater Boksburg Chamber of Commerce  Industry","236 Rondebult Ave, Libradene, Johannesburg, 1459","Johannesburg","Gauteng","","South Africa"," 0102850313","","","","","https://maps.google.com/?hl=en_US&cid=0x0:0xbbd5d5d83decf225",""
"business","Business management consultant","PB Consultants","Victor Whitmill Dr, Sunward Park, Boksburg, 1470","Boksburg","Gauteng","","South Africa"," 0716891022","","","","","https://maps.google.com/?hl=en_US&cid=0x0:0x63acb7881ccb9dae",""
"business","Corporate office","Compass Business Park","Compass Business Park, 5 Main Reef Rd, Dunswart, Boksburg, 1508","Boksburg","Gauteng","","South Africa","","","","","","https://maps.google.com/?hl=en_US&cid=0x0:0x2d17a02867cc86d2",""
"business","Business management consultant","JudyGab Consulting","13 Taling Rd, Sunward Park, Boksburg, 1459","Boksburg","Gauteng","","South Africa"," 0119133451","lindi@judygab.co.za","http://judygab.co.za/","","","https://maps.google.com/?hl=en_US&cid=0x0:0xc29bd8cca40f1226",""
"business","business","Boksburg","","Boksburg","Gauteng","","South Africa","","","","","","https://maps.google.com/?hl=en_US&cid=0x0:0x433e192b0d3f753d",""
"business","","RSB Contracts ( Pty ) Ltd","2 Newgold St, Comet, Boksburg, 1459","Boksburg","Gauteng","","South Africa"," 0877110657","info@rsbcontracts.com","http://www.rsbcontracts.com/","","","https://maps.google.com/?hl=en_US&cid=0x0:0xd1712a800d029deb",""
"business","Software company","Gemelli IT Services","Fitzpatrick Road , Joel Ave, Farrar Park, Boksburg, 1459","Boksburg","Gauteng","","South Africa"," 0766352734","","","","","https://maps.google.com/?hl=en_US&cid=0x0:0x4bf5980b352aec3d",""
"business","business","N/A","","","Gauteng","","South Africa","","","","","","https://maps.google.com/?hl=en_US&cid=0x0:0xeea905205a66ed1d",""
"business","Transportation service","ATS Boksburg","12 Fobian St, Hughes, Boksburg, 1459","Boksburg","Gauteng","","South Africa"," 0836289504","","","","","https://maps.google.com/?hl=en_US&cid=0x0:0x97531d7cb110e79a",""
"business","Photocopiers supplier","Daisy Business Solutions East Rand - COPIERS - PABX - CCTV","Shop 5 East Rand Square, 183 Bentel Ave, Jansen Park, Boksburg, 1459","Boksburg","Gauteng","","South Africa"," 0118943480","info@daisy-gp.co.za","http://www.daisysolutions.co.za/","","","https://maps.google.com/?hl=en_US&cid=0x0:0x4873e3c5b4a6d83c",""
"business","Machining manufacturer","Aumic Engineering","16 Derick Coetzee St, Jet Park, Boksburg, 1459","Boksburg","Gauteng","","South Africa"," 0826949867","info@midnightmonkey.co.za","http://www.aumic.co.za/","","","https://maps.google.com/?hl=en_US&cid=0x0:0x52140603203fe59c",""
"business","Computer support and services","BClue Business Solutions","20 De Rouwe St, Beyers Park, Boksburg, 1459","Boksburg","Gauteng","","South Africa"," 0731888215","info@bclue.co.za","https://www.bclue.co.za/","","","https://maps.google.com/?hl=en_US&cid=0x0:0xa59386422ce2479f",""
"business","Print shop","3@1 Boksburg","Shop 24, Sunward Centre Kingfisher Ave cnr, Duiker Rd, Sunward Park, Boksburg, 1459","Boksburg","Gauteng","","South Africa"," 0100355216","boksburg@3at1.co.za","http://www.3at1boksburg.co.za/","","","https://maps.google.com/?hl=en_US&cid=0x0:0x911c0de9fbefab55",""
"business","Steel fabricator","Green Steel Products","31 Seller Rd, Boksburg East Industrial, Boksburg, 1459","Boksburg","Gauteng","","South Africa"," 0119141750","","","","","https://maps.google.com/?hl=en_US&cid=0x0:0x8f526f18b7827601",""
"business","Packaging company","Box-It Boksburg","234 Rondebult Rd, Libradene, Boksburg, 1459","Boksburg","Gauteng","","South Africa"," 0663962018","boxes4alberton@gmail.com","http://www.boxitsa.co.za/","","","https://maps.google.com/?hl=en_US&cid=0x0:0xfd89fe240c919cc0",""
"business","Business management consultant","Sheq Management Services","East Rand Square, 132 Bentel Avenue, Boksburg, 1459","Boksburg","Gauteng","","South Africa"," 0118922790","","","","","https://maps.google.com/?hl=en_US&cid=0x0:0xa001f6eb23c07737",""
"business","","Business Hunters Pty (Ltd)","111 Grippen Rd, Bartlett, Boksburg, 1459","Boksburg","Gauteng","","South Africa"," 0115683737","","","","","https://maps.google.com/?hl=en_US&cid=0x0:0x413713b7023af7d0",""
"business","Hair salon","Prospur Business Park","10 Oscar St, Hughes, Boksburg, 1459","Boksburg","Gauteng","","South Africa"," 0836591597","","","","","https://maps.google.com/?hl=en_US&cid=0x0:0x8c539bc6e1d32924",""
"business","Accountant","Ghekko Business Services","60 Leeuwpoort St, Boksburg, 1459","Boksburg","Gauteng","","South Africa","","","","","","https://maps.google.com/?hl=en_US&cid=0x0:0x232177e351cf090d",""
"business","Chamber of Commerce","Greater Boksburg Chamber of Commerce and Industry","367 Commissioner St, Boksburg, 1469","Boksburg","Gauteng","","South Africa"," 0102850313","admin@gbcci.co.za","https://www.gbcci.co.za/","","","https://maps.google.com/?hl=en_US&cid=0x0:0xc5922540c3d5aa17",""
"business","Chamber of Commerce","Greater Boksburg Chamber of Commerce  Industry","236 Rondebult Ave, Libradene, Johannesburg, 1459","Johannesburg","Gauteng","","South Africa"," 0102850313","","","","","https://maps.google.com/?hl=en_US&cid=0x0:0xbbd5d5d83decf225",""
"business","","Businesses in Boksburg North","14th Ave , Third St, Boksburg North, Boksburg, 1460","Boksburg","Gauteng","","South Africa"," 0119177000","","","","","https://maps.google.com/?hl=en_US&cid=0x0:0xb5596768d89e5c5b",""
"business","Business management consultant","Enterprise Value Solutions","10 Ceres Ave, Comet, Boksburg, 1459","Boksburg","Gauteng","","South Africa"," 0741489022","","","","","https://maps.google.com/?hl=en_US&cid=0x0:0x2a4b3f476b3c4cc",""
"business","Business management consultant","BCH Corporate","63 Asquith Rd, Ravenswood, Boksburg, 1459","Boksburg","Gauteng","","South Africa"," 0796926512","","","","","https://maps.google.com/?hl=en_US&cid=0x0:0xd9166f296d187024",""
"business","Corporate office","Corporate Vending Solutions (Pty) Ltd.","Unit D3(b, Prospur Business Park, 10 Oscar St, Hughes, Boksburg, 1459","Boksburg","Gauteng","","South Africa","","","","","","https://maps.google.com/?hl=en_US&cid=0x0:0xe3db5ca6331ad891",""
"business","Computer support and services","BClue Business Solutions","20 De Rouwe St, Beyers Park, Boksburg, 1459","Boksburg","Gauteng","","South Africa"," 0731888215","info@bclue.co.za","https://www.bclue.co.za/","","","https://maps.google.com/?hl=en_US&cid=0x0:0xa59386422ce2479f",""
"business","Business development service","East Rand Business Directory","Bert Lacey Dr, Sunward Park, Boksburg, 1459","Boksburg","Gauteng","","South Africa"," 0649419214","","","","","https://maps.google.com/?hl=en_US&cid=0x0:0xa8b758e79edf2921",""
"business","","Solidariteit Dienskantoor - Boksburg","198A Trichardts Rd, Panberthy Manor, Boksburg, 1459","Boksburg","Gauteng","","South Africa"," 0119130783","diens@solidariteit.co.za","https://solidariteit.co.za/","","","https://maps.google.com/?hl=en_US&cid=0x0:0xf340e54e0532c0f0",""
"business","Store","Business Card Express Boksburg","N Rand Rd, Eveleigh, Boksburg, 1459","Boksburg","Gauteng","","South Africa"," 0836903636","","","","","https://maps.google.com/?hl=en_US&cid=0x0:0x2a3c98ee3389c14",""
"business","Photocopiers supplier","Daisy Business Solutions East Rand - COPIERS - PABX - CCTV","Shop 5 East Rand Square, 183 Bentel Ave, Jansen Park, Boksburg, 1459","Boksburg","Gauteng","","South Africa"," 0118943480","info@daisy-gp.co.za","http://www.daisysolutions.co.za/","","","https://maps.google.com/?hl=en_US&cid=0x0:0x4873e3c5b4a6d83c",""
"business","Business park","Business Park","33 Malcolm Moodie Cres, Jet Park, Boksburg, 1459","Boksburg","Gauteng","","South Africa","","","","","","https://maps.google.com/?hl=en_US&cid=0x0:0xb7dffcb381cd536f",""
"business","Business park","Airborne Business Park","7 Taljaard Rd, Bartlett, Boksburg, 1459","Boksburg","Gauteng","","South Africa"," 0662806343","office@airbornepark.co.za","http://www.airbornepark.co.za/","","","https://maps.google.com/?hl=en_US&cid=0x0:0xb48cd217cd2b401",""
"business","General store","Roadring Business Park","85 N Rand Rd, Driefontein 85-Ir, Boksburg, 1459","Boksburg","Gauteng","","South Africa","","","","","","https://maps.google.com/?hl=en_US&cid=0x0:0xd84a0b4ec55663fd",""
"business","Association / Organization","Enterprise Total Success (Pty) Ltd","48 Stanton St, Dawn Park, Boksburg, 1459","Boksburg","Gauteng","","South Africa"," 0710437332","","","","","https://maps.google.com/?hl=en_US&cid=0x0:0xe97e0990200bf03f",""
"business","business","1471","Windmill Park, Boksburg","Boksburg","Gauteng","","South Africa","","","","","","https://maps.google.com/?hl=en_US&cid=0x0:0x39163cfc31e84cd2",""
"business","Software company","Gemelli IT Services","Fitzpatrick Road , Joel Ave, Farrar Park, Boksburg, 1459","Boksburg","Gauteng","","South Africa"," 0766352734","","","","","https://maps.google.com/?hl=en_US&cid=0x0:0x4bf5980b352aec3d",""
"business","Business management consultant","Enterprise","443 pesana avenue, Boksburg, 1485","Boksburg","Gauteng","","South Africa"," 0674021379","","","","","https://maps.google.com/?hl=en_US&cid=0x0:0xc3094dcd9aa41c57",""
"business","Packaging company","Box-It Boksburg","234 Rondebult Rd, Libradene, Boksburg, 1459","Boksburg","Gauteng","","South Africa"," 0663962018","boxes4alberton@gmail.com","http://www.boxitsa.co.za/","","","https://maps.google.com/?hl=en_US&cid=0x0:0xfd89fe240c919cc0",""
"business","business","N/A","","","Gauteng","","South Africa"," 0763304280","","http://www.multibusinessdivision.co.za/","","","https://maps.google.com/?hl=en_US&cid=0x0:0x1c2bf529b9dabd4a",""
"business","Print shop","Synergy Printing And Designs pty ltd","27 Elkington St, Windmill Park, Boksburg, 1459","Boksburg","Gauteng","","South Africa","","","","","","https://maps.google.com/?hl=en_US&cid=0x0:0x2cecbc7bc7e8f745",""
"business","Manufacturer","Unilever Gates","Boksburg East, Boksburg, 1459","Boksburg","Gauteng","","South Africa","","","","","","https://maps.google.com/?hl=en_US&cid=0x0:0x2fff5933230a8e9e",""
"business","Print shop","3@1 Boksburg","Shop 24, Sunward Centre Kingfisher Ave cnr, Duiker Rd, Sunward Park, Boksburg, 1459","Boksburg","Gauteng","","South Africa"," 0100355216","boksburg@3at1.co.za","http://www.3at1boksburg.co.za/","","","https://maps.google.com/?hl=en_US&cid=0x0:0x911c0de9fbefab55",""
"business","Property management company","Bentel Group","First floor, Park Place East, 103 N Rand Rd, Bardene, Boksburg, 1459","Boksburg","Gauteng","","South Africa"," 0118941904","","http://www.bentelgroup.co.za/","","","https://maps.google.com/?hl=en_US&cid=0x0:0xd2f09281dd144978",""
"business","Print shop","Boksburg Printers (Pty) Ltd","226 Commissioner St, Boksburg, 1460","Boksburg","Gauteng","","South Africa"," 0119179880","enquiries@bprinter.co.za","https://boksburgprint.co.za/","","","https://maps.google.com/?hl=en_US&cid=0x0:0x6be3d24aa99f7f10",""
"business","","Business Hunters Pty (Ltd)","111 Grippen Rd, Bartlett, Boksburg, 1459","Boksburg","Gauteng","","South Africa"," 0115683737","","","","","https://maps.google.com/?hl=en_US&cid=0x0:0x413713b7023af7d0",""
"business","business","N/A","","","Gauteng","","South Africa"," 0120232576","","http://www.specialisedsafety.co.za/","","","https://maps.google.com/?hl=en_US&cid=0x0:0xbfb3ac73c2aa7acf",""
"business","Accountant","Jalico Accounting Services","Unit 28 Oaklane Office Park, Grippen Rd, Bartlett, Boksburg, 1459","Boksburg","Gauteng","","South Africa"," 0118728011","","http://jalico.co.za/","","","https://maps.google.com/?hl=en_US&cid=0x0:0xfee049ca9018319e",""
"business","Fuel supplier","U Fuel","Unit 17, Oaklane Office Park, 111 Grippen Rd, Bartlett, Boksburg, 1459","Boksburg","Gauteng","","South Africa"," 0115682633","hello@ufuel.co.za","http://www.ufuel.co.za/","","","https://maps.google.com/?hl=en_US&cid=0x0:0xd9edb4642e662365",""
"business","Business management consultant","BCH Corporate","63 Asquith Rd, Ravenswood, Boksburg, 1459","Boksburg","Gauteng","","South Africa"," 0796926512","","","","","https://maps.google.com/?hl=en_US&cid=0x0:0xd9166f296d187024",""
"business","Business management consultant","NU CREATIVE","Block B11, Bartlet El Ridge Office Park, 100 Elizabeth Rd, Impala Park, Boksburg, 1459","Boksburg","Gauteng","","South Africa"," 0113977865","","","","","https://maps.google.com/?hl=en_US&cid=0x0:0xf92a820ad9390d7d",""
"business","Accountant","Encompass Management Services","Unit 4 Oaklane Office Park, 1 Grippen Rd, Bartlett AH, Boksburg, 1459","Boksburg","Gauteng","","South Africa"," 0103000485","","","","","https://maps.google.com/?hl=en_US&cid=0x0:0xa9484cc2434dab48",""
"business","Business management consultant","Dearham Management Services CC","27 Oaklane Office Park, Bartlett EXT91, Boksburg, 1459","Boksburg","Gauteng","","South Africa"," 0118943265","rob@dearham.co.za","http://dearham.co.za/","","","https://maps.google.com/?hl=en_US&cid=0x0:0xc7f9af9f7b43b527",""
"business","Human resource consulting","Labour Dynamix (PTY) Ltd","25 Atar Ave, Impala Park, Boksburg, 1459","Boksburg","Gauteng","","South Africa"," 0767970532","info@labourdynamix.co.za","http://www.labourdynamix.co.za/","","","https://maps.google.com/?hl=en_US&cid=0x0:0x392ad73480471b2d",""
"business","Business management consultant","Dearham Management Services","27 Findel Rd, Impala Park, Boksburg, 1459","Boksburg","Gauteng","","South Africa","","","","","","https://maps.google.com/?hl=en_US&cid=0x0:0x9f331742a7fd1235",""
"business","Business management consultant","Ncoded Solutions","Reservoir Rd , Van Dyk Rd, Boksburg East, Boksburg, 1459","Boksburg","Gauteng","","South Africa"," 0861123526","","","","","https://maps.google.com/?hl=en_US&cid=0x0:0x4e0b0e7f9bc04f8a",""
"business","business","N/A","","","Gauteng","","South Africa"," 0823951444","","","","","https://maps.google.com/?hl=en_US&cid=0x0:0x5ee55ca0b07078b7",""
"business","General store","Roadring Business Park","85 N Rand Rd, Driefontein 85-Ir, Boksburg, 1459","Boksburg","Gauteng","","South Africa","","","","","","https://maps.google.com/?hl=en_US&cid=0x0:0xd84a0b4ec55663fd",""
"business","Computer support and services","BClue Business Solutions","20 De Rouwe St, Beyers Park, Boksburg, 1459","Boksburg","Gauteng","","South Africa"," 0731888215","info@bclue.co.za","https://www.bclue.co.za/","","","https://maps.google.com/?hl=en_US&cid=0x0:0xa59386422ce2479f",""
"business","business","N/A","","","Gauteng","","South Africa"," 0828294266","","","","","https://maps.google.com/?hl=en_US&cid=0x0:0x7dbe3b49bb5762d",""
"business","Business park","Airborne Business Park","7 Taljaard Rd, Bartlett, Boksburg, 1459","Boksburg","Gauteng","","South Africa"," 0662806343","office@airbornepark.co.za","http://www.airbornepark.co.za/","","","https://maps.google.com/?hl=en_US&cid=0x0:0xb48cd217cd2b401",""
"business","","Businesses in Boksburg North","14th Ave , Third St, Boksburg North, Boksburg, 1460","Boksburg","Gauteng","","South Africa"," 0119177000","","","","","https://maps.google.com/?hl=en_US&cid=0x0:0xb5596768d89e5c5b",""
"business","business","N/A","","","Gauteng","","South Africa"," 0785728911","","","","","https://maps.google.com/?hl=en_US&cid=0x0:0x23b200be7b344a16",""
"business","business","1472","Boksburg","Boksburg","Gauteng","","South Africa","","","","","","https://maps.google.com/?hl=en_US&cid=0x0:0xf9d948b59727d3b2",""
"business","Business park","Business Park","33 Malcolm Moodie Cres, Jet Park, Boksburg, 1459","Boksburg","Gauteng","","South Africa","","","","","","https://maps.google.com/?hl=en_US&cid=0x0:0xb7dffcb381cd536f",""
"business","Software company","Gemelli IT Services","Fitzpatrick Road , Joel Ave, Farrar Park, Boksburg, 1459","Boksburg","Gauteng","","South Africa"," 0766352734","","","","","https://maps.google.com/?hl=en_US&cid=0x0:0x4bf5980b352aec3d",""
"business","business","N/A","","","Gauteng","","South Africa"," 0763304280","","http://www.multibusinessdivision.co.za/","","","https://maps.google.com/?hl=en_US&cid=0x0:0x1c2bf529b9dabd4a",""
"business","Accountant","Ghekko Business Services","60 Leeuwpoort St, Boksburg, 1459","Boksburg","Gauteng","","South Africa","","","","","","https://maps.google.com/?hl=en_US&cid=0x0:0x232177e351cf090d",""
"business","Photocopiers supplier","Daisy Business Solutions East Rand - COPIERS - PABX - CCTV","Shop 5 East Rand Square, 183 Bentel Ave, Jansen Park, Boksburg, 1459","Boksburg","Gauteng","","South Africa"," 0118943480","info@daisy-gp.co.za","http://www.daisysolutions.co.za/","","","https://maps.google.com/?hl=en_US&cid=0x0:0x4873e3c5b4a6d83c",""
"business","business","N/A","","","Gauteng","","South Africa","","","","","","https://maps.google.com/?hl=en_US&cid=0x0:0xeea905205a66ed1d",""
"business","Print shop","3@1 Boksburg","Shop 24, Sunward Centre Kingfisher Ave cnr, Duiker Rd, Sunward Park, Boksburg, 1459","Boksburg","Gauteng","","South Africa"," 0100355216","boksburg@3at1.co.za","http://www.3at1boksburg.co.za/","","","https://maps.google.com/?hl=en_US&cid=0x0:0x911c0de9fbefab55",""
"business","Packaging company","Box-It Boksburg","234 Rondebult Rd, Libradene, Boksburg, 1459","Boksburg","Gauteng","","South Africa"," 0663962018","boxes4alberton@gmail.com","http://www.boxitsa.co.za/","","","https://maps.google.com/?hl=en_US&cid=0x0:0xfd89fe240c919cc0",""
"business","Business management consultant","Indoni Business Consulting (Pty) Ltd","81 Shirley St, Dawn Park, Boksburg, 1459","Boksburg","Gauteng","","South Africa"," 0833716265","","","","","https://maps.google.com/?hl=en_US&cid=0x0:0xcb278152cf6f2e8c",""
"business","Steel fabricator","Burgess  Burger","526 Commissioner St, Boksburg, Johannesburg, 1459","Johannesburg","Gauteng","","South Africa"," 0877513826","","","","","https://maps.google.com/?hl=en_US&cid=0x0:0xc9d451fe19ddb467",""
"business","Business management consultant","Sheq Management Services","East Rand Square, 132 Bentel Avenue, Boksburg, 1459","Boksburg","Gauteng","","South Africa"," 0118922790","","","","","https://maps.google.com/?hl=en_US&cid=0x0:0xa001f6eb23c07737",""
"business","business","N/A","","","Gauteng","","South Africa"," 0815370485","","","","","https://maps.google.com/?hl=en_US&cid=0x0:0x808277c0954d082b",""
"business","Aluminum window","Abwestlink Aluminum and steel company","101 W Central Rd, Dawn Park, Boksburg, 1459","Boksburg","Gauteng","","South Africa"," 0107453934","abwestlink454@gmail.com","http://www.abwestlinkaluminium.co.za/","","","https://maps.google.com/?hl=en_US&cid=0x0:0x94cf2023c09921bc",""
"business","business","N/A","","","Gauteng","","South Africa"," 0724993417","","","","","https://maps.google.com/?hl=en_US&cid=0x0:0x4d420bcfa23cf79f",""
"business","Accounting firm","Tshikinya Auditing  Consulting (Pty) Ltd","Ext 2, 153 W Central Rd, Avenue, Boksburg, 1474","Boksburg","Gauteng","","South Africa"," 0837039024","","","","","https://maps.google.com/?hl=en_US&cid=0x0:0x19c13b3d5b321d25",""
"business","Construction company","Rekamokana Group","33 Wattle / Cypress St Dawn Park, Vosloorus Ext 37, Boksburg, 1459","Boksburg","Gauteng","","South Africa"," 0782590470","","","","","https://maps.google.com/?hl=en_US&cid=0x0:0x508a44e01483c331",""
"business","business","N/A","","","Gauteng","","South Africa"," 0676874149","","https://5ee0c3db10b57.site123.me/","","","https://maps.google.com/?hl=en_US&cid=0x0:0x20fc4711c87ee632",""
"business","Association / Organization","Enterprise Total Success (Pty) Ltd","48 Stanton St, Dawn Park, Boksburg, 1459","Boksburg","Gauteng","","South Africa"," 0710437332","","","","","https://maps.google.com/?hl=en_US&cid=0x0:0xe97e0990200bf03f",""
"business","Hair salon","Prospur Business Park","10 Oscar St, Hughes, Boksburg, 1459","Boksburg","Gauteng","","South Africa"," 0836591597","","","","","https://maps.google.com/?hl=en_US&cid=0x0:0x8c539bc6e1d32924",""
"business","Business management consultant","BCH Corporate","63 Asquith Rd, Ravenswood, Boksburg, 1459","Boksburg","Gauteng","","South Africa"," 0796926512","","","","","https://maps.google.com/?hl=en_US&cid=0x0:0xd9166f296d187024",""
"business","","Business Hunters Pty (Ltd)","111 Grippen Rd, Bartlett, Boksburg, 1459","Boksburg","Gauteng","","South Africa"," 0115683737","","","","","https://maps.google.com/?hl=en_US&cid=0x0:0x413713b7023af7d0",""
"business","Consultant","Derabex Consulting","35 Johaleen St, Dawn Park, Boksburg, 1459","Boksburg","Gauteng","","South Africa"," 0825639166","","","","","https://maps.google.com/?hl=en_US&cid=0x0:0xae2d5027ff9e799a",""
"business","Accountant","Ghekko Business Services","60 Leeuwpoort St, Boksburg, 1459","Boksburg","Gauteng","","South Africa","","","","","","https://maps.google.com/?hl=en_US&cid=0x0:0x232177e351cf090d",""
"business","","Businesses in Boksburg North","14th Ave , Third St, Boksburg North, Boksburg, 1460","Boksburg","Gauteng","","South Africa"," 0119177000","","","","","https://maps.google.com/?hl=en_US&cid=0x0:0xb5596768d89e5c5b",""
"business","","Solidariteit Dienskantoor - Boksburg","198A Trichardts Rd, Panberthy Manor, Boksburg, 1459","Boksburg","Gauteng","","South Africa"," 0119130783","diens@solidariteit.co.za","https://solidariteit.co.za/","","","https://maps.google.com/?hl=en_US&cid=0x0:0xf340e54e0532c0f0",""
"business","Chamber of Commerce","Greater Boksburg Chamber of Commerce and Industry","367 Commissioner St, Boksburg, 1469","Boksburg","Gauteng","","South Africa"," 0102850313","admin@gbcci.co.za","https://www.gbcci.co.za/","","","https://maps.google.com/?hl=en_US&cid=0x0:0xc5922540c3d5aa17",""
"business","Chamber of Commerce","Greater Boksburg Chamber of Commerce  Industry","236 Rondebult Ave, Libradene, Johannesburg, 1459","Johannesburg","Gauteng","","South Africa"," 0102850313","","","","","https://maps.google.com/?hl=en_US&cid=0x0:0xbbd5d5d83decf225",""
"business","Business management consultant","Enterprise Value Solutions","10 Ceres Ave, Comet, Boksburg, 1459","Boksburg","Gauteng","","South Africa"," 0741489022","","","","","https://maps.google.com/?hl=en_US&cid=0x0:0x2a4b3f476b3c4cc",""
"business","business","1474","Dawn Park, Boksburg","Boksburg","Gauteng","","South Africa","","","","","","https://maps.google.com/?hl=en_US&cid=0x0:0x2f2ce392cd282053",""
"business","Computer support and services","BClue Business Solutions","20 De Rouwe St, Beyers Park, Boksburg, 1459","Boksburg","Gauteng","","South Africa"," 0731888215","info@bclue.co.za","https://www.bclue.co.za/","","","https://maps.google.com/?hl=en_US&cid=0x0:0xa59386422ce2479f",""
"business","Software company","Gemelli IT Services","Fitzpatrick Road , Joel Ave, Farrar Park, Boksburg, 1459","Boksburg","Gauteng","","South Africa"," 0766352734","","","","","https://maps.google.com/?hl=en_US&cid=0x0:0x4bf5980b352aec3d",""
"business","business","N/A","","","Gauteng","","South Africa"," 0763304280","","http://www.multibusinessdivision.co.za/","","","https://maps.google.com/?hl=en_US&cid=0x0:0x1c2bf529b9dabd4a",""
"business","Packaging company","Box-It Boksburg","234 Rondebult Rd, Libradene, Boksburg, 1459","Boksburg","Gauteng","","South Africa"," 0663962018","boxes4alberton@gmail.com","http://www.boxitsa.co.za/","","","https://maps.google.com/?hl=en_US&cid=0x0:0xfd89fe240c919cc0",""
"business","Photocopiers supplier","Daisy Business Solutions East Rand - COPIERS - PABX - CCTV","Shop 5 East Rand Square, 183 Bentel Ave, Jansen Park, Boksburg, 1459","Boksburg","Gauteng","","South Africa"," 0118943480","info@daisy-gp.co.za","http://www.daisysolutions.co.za/","","","https://maps.google.com/?hl=en_US&cid=0x0:0x4873e3c5b4a6d83c",""
"business","business","N/A","","","Gauteng","","South Africa"," 0795754389","","","","","https://maps.google.com/?hl=en_US&cid=0x0:0x524a5d74d72aa60e",""
"business","Store","HEALTHY SPLASH","222 Rondebult Rd, Libradene, Boksburg, 1459","Boksburg","Gauteng","","South Africa"," 0861106693","info@healthysplash.co.za","http://www.healthysplash.co.za/","","","https://maps.google.com/?hl=en_US&cid=0x0:0xca8479adffc0761e",""
"business","Business management consultant","Ncoded Solutions","Reservoir Rd , Van Dyk Rd, Boksburg East, Boksburg, 1459","Boksburg","Gauteng","","South Africa"," 0861123526","","","","","https://maps.google.com/?hl=en_US&cid=0x0:0x4e0b0e7f9bc04f8a",""
"business","Office supply store","T.H BUSINESS SERVICES (PTY) LTD","101 Langenhoven St, Parkrand, Boksburg, 1459","Boksburg","Gauteng","","South Africa"," 0731310809","","","","","https://maps.google.com/?hl=en_US&cid=0x0:0xbe196700c0010cdc",""
"business","Print shop","3@1 Boksburg","Shop 24, Sunward Centre Kingfisher Ave cnr, Duiker Rd, Sunward Park, Boksburg, 1459","Boksburg","Gauteng","","South Africa"," 0100355216","boksburg@3at1.co.za","http://www.3at1boksburg.co.za/","","","https://maps.google.com/?hl=en_US&cid=0x0:0x911c0de9fbefab55",""
"business","Business management consultant","BCH Corporate","63 Asquith Rd, Ravenswood, Boksburg, 1459","Boksburg","Gauteng","","South Africa"," 0796926512","","","","","https://maps.google.com/?hl=en_US&cid=0x0:0xd9166f296d187024",""
"business","","Altingen Group","18 Top Rd, Westwood AH, Boksburg, 1459","Boksburg","Gauteng","","South Africa"," 0828521758","","","","","https://maps.google.com/?hl=en_US&cid=0x0:0x6363708263c95170",""
"business","Gun shop","Badger","39 Michelson Rd, Westwood AH, Boksburg, 1477","Boksburg","Gauteng","","South Africa"," 0119296220","","","","","https://maps.google.com/?hl=en_US&cid=0x0:0x798e59e6dba7dcb6",""
"business","","Business Hunters Pty (Ltd)","111 Grippen Rd, Bartlett, Boksburg, 1459","Boksburg","Gauteng","","South Africa"," 0115683737","","","","","https://maps.google.com/?hl=en_US&cid=0x0:0x413713b7023af7d0",""
"business","","Businesses in Boksburg North","14th Ave , Third St, Boksburg North, Boksburg, 1460","Boksburg","Gauteng","","South Africa"," 0119177000","","","","","https://maps.google.com/?hl=en_US&cid=0x0:0xb5596768d89e5c5b",""
"business","Photocopiers supplier","Daisy Business Solutions East Rand - COPIERS - PABX - CCTV","Shop 5 East Rand Square, 183 Bentel Ave, Jansen Park, Boksburg, 1459","Boksburg","Gauteng","","South Africa"," 0118943480","info@daisy-gp.co.za","http://www.daisysolutions.co.za/","","","https://maps.google.com/?hl=en_US&cid=0x0:0x4873e3c5b4a6d83c",""
"business","Law firm","Intsika Business  Legal Consulting","4 Haggie Rd, Dunswart, Boksburg, 1508","Boksburg","Gauteng","","South Africa"," 0636977429","info@intsika-blc.co.za","http://intsika-blc.co.za/","","","https://maps.google.com/?hl=en_US&cid=0x0:0xc93c0964da741f2b",""
"business","Computer support and services","BClue Business Solutions","20 De Rouwe St, Beyers Park, Boksburg, 1459","Boksburg","Gauteng","","South Africa"," 0731888215","info@bclue.co.za","https://www.bclue.co.za/","","","https://maps.google.com/?hl=en_US&cid=0x0:0xa59386422ce2479f",""
"business","Business management consultant","MSG Holdings","43 Atlas Rd, Boksburg, Johannesburg, 1459","Johannesburg","Gauteng","","South Africa"," 0118941816","","","","","https://maps.google.com/?hl=en_US&cid=0x0:0x427aea06c303292b",""
"business","Chamber of Commerce","Greater Boksburg Chamber of Commerce and Industry","367 Commissioner St, Boksburg, 1469","Boksburg","Gauteng","","South Africa"," 0102850313","admin@gbcci.co.za","https://www.gbcci.co.za/","","","https://maps.google.com/?hl=en_US&cid=0x0:0xc5922540c3d5aa17",""
"business","Mining equipment","ELB Equipment Holdings (Pty)Ltd - Boksburg (Head Office)","14 Atlas Rd, Anderbolt, Boksburg, 1459","Boksburg","Gauteng","","South Africa"," 0113060700","","","","","https://maps.google.com/?hl=en_US&cid=0x0:0x11c22d0cd74b1586",""
"business","Sign shop","Brisal Africa Signage Materials Suppliers","Unit 14 A, Close Trade Park, Brisal, Anderbolt, 126 14th Ave, Boksburg North, Johannesburg, 1459","Johannesburg","Gauteng","","South Africa"," 0845884477","","","","","https://maps.google.com/?hl=en_US&cid=0x0:0x15582564181c0496",""
"business","Corporate office","Christian Business Owners Association","16 Allen St, Bardene, Boksburg, 1459","Boksburg","Gauteng","","South Africa"," 0824321328","","","","","https://maps.google.com/?hl=en_US&cid=0x0:0x1adb3dacdb93ad6e",""
"business","Business management consultant","MTS Consulting Services","12 Bella St, Lakefield, Benoni, 1501","Benoni","Gauteng","","South Africa"," 0823312885","","","","","https://maps.google.com/?hl=en_US&cid=0x0:0x9f75999be6de466e",""
"business","Business management consultant","Enterprise Value Solutions","10 Ceres Ave, Comet, Boksburg, 1459","Boksburg","Gauteng","","South Africa"," 0741489022","","","","","https://maps.google.com/?hl=en_US&cid=0x0:0x2a4b3f476b3c4cc",""
"business","Office equipment supplier","MACHCO SOLUTIONS BOKSBURG","UNIT 1, EAST RAND JUNCTION OFFICE PARK, 21 Frank Rd, Bartlett, Boksburg, 1459","Boksburg","Gauteng","","South Africa"," 0114201499","sales@machcosolutions.co.za","http://www.machcosolutions.co.za/","","","https://maps.google.com/?hl=en_US&cid=0x0:0x23dba74f29cb8661",""
"business","Accountant","Ghekko Business Services","60 Leeuwpoort St, Boksburg, 1459","Boksburg","Gauteng","","South Africa","","","","","","https://maps.google.com/?hl=en_US&cid=0x0:0x232177e351cf090d",""
"business","Corporate office","Corporate Vending Solutions (Pty) Ltd.","Unit D3(b, Prospur Business Park, 10 Oscar St, Hughes, Boksburg, 1459","Boksburg","Gauteng","","South Africa","","","","","","https://maps.google.com/?hl=en_US&cid=0x0:0xe3db5ca6331ad891",""
"business","Business park","Business Park","33 Malcolm Moodie Cres, Jet Park, Boksburg, 1459","Boksburg","Gauteng","","South Africa","","","","","","https://maps.google.com/?hl=en_US&cid=0x0:0xb7dffcb381cd536f",""
"business","business","1477","Westwood AH, Boksburg","Boksburg","Gauteng","","South Africa","","","","","","https://maps.google.com/?hl=en_US&cid=0x0:0xe8a50d3aa0de7515",""
"business","Software company","Gemelli IT Services","Fitzpatrick Road , Joel Ave, Farrar Park, Boksburg, 1459","Boksburg","Gauteng","","South Africa"," 0766352734","","","","","https://maps.google.com/?hl=en_US&cid=0x0:0x4bf5980b352aec3d",""
"business","business","N/A","","","Gauteng","","South Africa"," 0763304280","","http://www.multibusinessdivision.co.za/","","","https://maps.google.com/?hl=en_US&cid=0x0:0x1c2bf529b9dabd4a",""
"business","business","N/A","","","Gauteng","","South Africa","","","","","","https://maps.google.com/?hl=en_US&cid=0x0:0xeea905205a66ed1d",""
"business","Transportation service","ATS Boksburg","12 Fobian St, Hughes, Boksburg, 1459","Boksburg","Gauteng","","South Africa"," 0836289504","","","","","https://maps.google.com/?hl=en_US&cid=0x0:0x97531d7cb110e79a",""
"business","Print shop","3@1 Boksburg","Shop 24, Sunward Centre Kingfisher Ave cnr, Duiker Rd, Sunward Park, Boksburg, 1459","Boksburg","Gauteng","","South Africa"," 0100355216","boksburg@3at1.co.za","http://www.3at1boksburg.co.za/","","","https://maps.google.com/?hl=en_US&cid=0x0:0x911c0de9fbefab55",""
"business","Packaging company","Box-It Boksburg","234 Rondebult Rd, Libradene, Boksburg, 1459","Boksburg","Gauteng","","South Africa"," 0663962018","boxes4alberton@gmail.com","http://www.boxitsa.co.za/","","","https://maps.google.com/?hl=en_US&cid=0x0:0xfd89fe240c919cc0",""
"business","Store","HEALTHY SPLASH","222 Rondebult Rd, Libradene, Boksburg, 1459","Boksburg","Gauteng","","South Africa"," 0861106693","info@healthysplash.co.za","http://www.healthysplash.co.za/","","","https://maps.google.com/?hl=en_US&cid=0x0:0xca8479adffc0761e",""
"business","Print shop","Boksburg Printers (Pty) Ltd","226 Commissioner St, Boksburg, 1460","Boksburg","Gauteng","","South Africa"," 0119179880","enquiries@bprinter.co.za","https://boksburgprint.co.za/","","","https://maps.google.com/?hl=en_US&cid=0x0:0x6be3d24aa99f7f10",""
"business","","Solidariteit Dienskantoor - Boksburg","198A Trichardts Rd, Panberthy Manor, Boksburg, 1459","Boksburg","Gauteng","","South Africa"," 0119130783","diens@solidariteit.co.za","https://solidariteit.co.za/","","","https://maps.google.com/?hl=en_US&cid=0x0:0xf340e54e0532c0f0",""
"business","Business management consultant","Ncoded Solutions","Reservoir Rd , Van Dyk Rd, Boksburg East, Boksburg, 1459","Boksburg","Gauteng","","South Africa"," 0861123526","","","","","https://maps.google.com/?hl=en_US&cid=0x0:0x4e0b0e7f9bc04f8a",""
"business","Business management consultant","BCH Corporate","63 Asquith Rd, Ravenswood, Boksburg, 1459","Boksburg","Gauteng","","South Africa"," 0796926512","","","","","https://maps.google.com/?hl=en_US&cid=0x0:0xd9166f296d187024",""
"business","Chamber of Commerce","Greater Boksburg Chamber of Commerce and Industry","367 Commissioner St, Boksburg, 1469","Boksburg","Gauteng","","South Africa"," 0102850313","admin@gbcci.co.za","https://www.gbcci.co.za/","","","https://maps.google.com/?hl=en_US&cid=0x0:0xc5922540c3d5aa17",""
"business","Law firm","Intsika Business  Legal Consulting","4 Haggie Rd, Dunswart, Boksburg, 1508","Boksburg","Gauteng","","South Africa"," 0636977429","info@intsika-blc.co.za","http://intsika-blc.co.za/","","","https://maps.google.com/?hl=en_US&cid=0x0:0xc93c0964da741f2b",""
"business","Software company","Smart Worx","Office G13 – Unit 1, Van Dyk Secure Business Park, 249 Brakpan Rd, Boksburg East Industrial, Boksburg, 1459","Boksburg","Gauteng","","South Africa"," 0100720953","info@smartworxgroup.com","http://smartworxgroup.com/","","","https://maps.google.com/?hl=en_US&cid=0x0:0xcef89002222ffbb5",""
"business","Engineering consultant","Thandi Solutions CC","Van Dyk Secure Business Park c/o Van Dyk and Brakpan Roads, Boksburg Industries East, Boksburg, 1459","Boksburg","Gauteng","","South Africa"," 0829633882","","http://www.thandisolutions.co.za/","","","https://maps.google.com/?hl=en_US&cid=0x0:0x6e0080bb80d49046",""
"business","Steel fabricator","Devarose Industrial Brands","218 Van Dyk Rd, Boksburg East Industrial, Boksburg, 1478","Boksburg","Gauteng","","South Africa"," 0813904182","","","","","https://maps.google.com/?hl=en_US&cid=0x0:0x2949029e2677341e",""
"business","","Businesses in Boksburg North","14th Ave , Third St, Boksburg North, Boksburg, 1460","Boksburg","Gauteng","","South Africa"," 0119177000","","","","","https://maps.google.com/?hl=en_US&cid=0x0:0xb5596768d89e5c5b",""
"business","Marketing agency","Petrichor Group (Pty) Ltd","Cnr Commissioner , Christopher St, Boksburg East, 1459","Boksburg","Gauteng","","South Africa"," 0119165000","","","","","https://maps.google.com/?hl=en_US&cid=0x0:0x6e95194fcd90b5c4",""
"business","Hair salon","Prospur Business Park","10 Oscar St, Hughes, Boksburg, 1459","Boksburg","Gauteng","","South Africa"," 0836591597","","","","","https://maps.google.com/?hl=en_US&cid=0x0:0x8c539bc6e1d32924",""
"business","Corporate office","Compass Business Park","Compass Business Park, 5 Main Reef Rd, Dunswart, Boksburg, 1508","Boksburg","Gauteng","","South Africa","","","","","","https://maps.google.com/?hl=en_US&cid=0x0:0x2d17a02867cc86d2",""
"business","Photocopiers supplier","Daisy Business Solutions East Rand - COPIERS - PABX - CCTV","Shop 5 East Rand Square, 183 Bentel Ave, Jansen Park, Boksburg, 1459","Boksburg","Gauteng","","South Africa"," 0118943480","info@daisy-gp.co.za","http://www.daisysolutions.co.za/","","","https://maps.google.com/?hl=en_US&cid=0x0:0x4873e3c5b4a6d83c",""
"business","Accountant","Ghekko Business Services","60 Leeuwpoort St, Boksburg, 1459","Boksburg","Gauteng","","South Africa","","","","","","https://maps.google.com/?hl=en_US&cid=0x0:0x232177e351cf090d",""
"business","","Business Hunters Pty (Ltd)","111 Grippen Rd, Bartlett, Boksburg, 1459","Boksburg","Gauteng","","South Africa"," 0115683737","","","","","https://maps.google.com/?hl=en_US&cid=0x0:0x413713b7023af7d0",""
"business","Engineering consultant","Matha Engineering and Projects (Pty) Ltd","95 Main Reef Rd, Dunswart, Boksburg, 1501","Boksburg","Gauteng","","South Africa"," 0101090306","info@mathaengineeringandprojects.co.za","http://mathaengineeringandprojects.co.za/","","","https://maps.google.com/?hl=en_US&cid=0x0:0x103a4a9469b470f4",""
"business","Engineering consultant","G K S Engineering (Pty) Ltd","224 Brakpan Rd, Boksburg East Industrial, Boksburg, 1459","Boksburg","Gauteng","","South Africa"," 0119143088","info@gks-engineering.co.za","http://www.gks-engineering.co.za/","","","https://maps.google.com/?hl=en_US&cid=0x0:0x121df7c161163e8c",""
"business","Business development service","Ample Consulting","Van Dyk Rd, Boksburg, 1500","Boksburg","Gauteng","","South Africa"," 0738496290","","","","","https://maps.google.com/?hl=en_US&cid=0x0:0x464bc6becbad159c",""
"business","business","1478","Boksburg","Boksburg","Gauteng","","South Africa","","","","","","https://maps.google.com/?hl=en_US&cid=0x0:0xc69e808ee583795b",""
"business","Laboratory","Intertek","96 Van Dyk Rd, Boksburg Industrial East, Boksburg, 1508","Boksburg","Gauteng","","South Africa"," 0119144044","","http://www.intertek.com/","","","https://maps.google.com/?hl=en_US&cid=0x0:0x6ccbb80ed6db3fd8",""
"business","Office equipment supplier","MACHCO SOLUTIONS BOKSBURG","UNIT 1, EAST RAND JUNCTION OFFICE PARK, 21 Frank Rd, Bartlett, Boksburg, 1459","Boksburg","Gauteng","","South Africa"," 0114201499","sales@machcosolutions.co.za","http://www.machcosolutions.co.za/","","","https://maps.google.com/?hl=en_US&cid=0x0:0x23dba74f29cb8661",""
"business","Software company","Gemelli IT Services","Fitzpatrick Road , Joel Ave, Farrar Park, Boksburg, 1459","Boksburg","Gauteng","","South Africa"," 0766352734","","","","","https://maps.google.com/?hl=en_US&cid=0x0:0x4bf5980b352aec3d",""
"business","business","N/A","","","Gauteng","","South Africa"," 0763304280","","http://www.multibusinessdivision.co.za/","","","https://maps.google.com/?hl=en_US&cid=0x0:0x1c2bf529b9dabd4a",""
"business","Transportation service","ATS Boksburg","12 Fobian St, Hughes, Boksburg, 1459","Boksburg","Gauteng","","South Africa"," 0836289504","","","","","https://maps.google.com/?hl=en_US&cid=0x0:0x97531d7cb110e79a",""
"business","General store","Roadring Business Park","85 N Rand Rd, Driefontein 85-Ir, Boksburg, 1459","Boksburg","Gauteng","","South Africa","","","","","","https://maps.google.com/?hl=en_US&cid=0x0:0xd84a0b4ec55663fd",""
"business","Housing complex","Siqalo foods","101 Bain St, Boksburg East Industrial, Boksburg, 1478","Boksburg","Gauteng","","South Africa"," 0873527480","siqalofoods@tip-offs.com","https://www.siqalofoods.com/","","","https://maps.google.com/?hl=en_US&cid=0x0:0x37cfc300666eef0a",""
"business","Packaging company","Box-It Boksburg","234 Rondebult Rd, Libradene, Boksburg, 1459","Boksburg","Gauteng","","South Africa"," 0663962018","boxes4alberton@gmail.com","http://www.boxitsa.co.za/","","","https://maps.google.com/?hl=en_US&cid=0x0:0xfd89fe240c919cc0",""
"business","","Solidariteit Dienskantoor - Boksburg","198A Trichardts Rd, Panberthy Manor, Boksburg, 1459","Boksburg","Gauteng","","South Africa"," 0119130783","diens@solidariteit.co.za","https://solidariteit.co.za/","","","https://maps.google.com/?hl=en_US&cid=0x0:0xf340e54e0532c0f0",""
"business","Store","HEALTHY SPLASH","222 Rondebult Rd, Libradene, Boksburg, 1459","Boksburg","Gauteng","","South Africa"," 0861106693","info@healthysplash.co.za","http://www.healthysplash.co.za/","","","https://maps.google.com/?hl=en_US&cid=0x0:0xca8479adffc0761e",""
"business","Print shop","Boksburg Printers (Pty) Ltd","226 Commissioner St, Boksburg, 1460","Boksburg","Gauteng","","South Africa"," 0119179880","enquiries@bprinter.co.za","https://boksburgprint.co.za/","","","https://maps.google.com/?hl=en_US&cid=0x0:0x6be3d24aa99f7f10",""
"business","Chamber of Commerce","Greater Boksburg Chamber of Commerce  Industry","236 Rondebult Ave, Libradene, Johannesburg, 1459","Johannesburg","Gauteng","","South Africa"," 0102850313","","","","","https://maps.google.com/?hl=en_US&cid=0x0:0xbbd5d5d83decf225",""
"business","Chamber of Commerce","Greater Boksburg Chamber of Commerce and Industry","367 Commissioner St, Boksburg, 1469","Boksburg","Gauteng","","South Africa"," 0102850313","admin@gbcci.co.za","https://www.gbcci.co.za/","","","https://maps.google.com/?hl=en_US&cid=0x0:0xc5922540c3d5aa17",""
"business","Business management consultant","Kmkl falcons and consulting","46 Squirrel St, Villa Liza, Boksburg, 1459","Boksburg","Gauteng","","South Africa"," 0837109290","admin@kmlklfalcons.co.za","http://www.kmklfalcons.co.za/","","","https://maps.google.com/?hl=en_US&cid=0x0:0xaa43900ee16c67bf",""
"business","Hair salon","Prospur Business Park","10 Oscar St, Hughes, Boksburg, 1459","Boksburg","Gauteng","","South Africa"," 0836591597","","","","","https://maps.google.com/?hl=en_US&cid=0x0:0x8c539bc6e1d32924",""
"business","Logistics service","A B N Logistics (Pty) Ltd.","9 Top Rd, Anderbolt, Boksburg, 1459","Boksburg","Gauteng","","South Africa"," 0119187390","info@abnlogistics.co.za","http://www.abnlogistics.co.za/","","","https://maps.google.com/?hl=en_US&cid=0x0:0xa23e389270317a32",""
"business","Business park","Airborne Business Park","7 Taljaard Rd, Bartlett, Boksburg, 1459","Boksburg","Gauteng","","South Africa"," 0662806343","office@airbornepark.co.za","http://www.airbornepark.co.za/","","","https://maps.google.com/?hl=en_US&cid=0x0:0xb48cd217cd2b401",""
"business","Engineering consultant","Sam Orion Investment","15 Waterbuck St, Villa Liza, Boksburg, 1459","Boksburg","Gauteng","","South Africa"," 0110282659","","","","","https://maps.google.com/?hl=en_US&cid=0x0:0xb63e6d9c8773731f",""
"business","Chamber of Commerce","Ekurhuleni Aerotropolis Chamber of Commerce and Industry","367 Commissioner St, Boksburg, 1469","Boksburg","Gauteng","","South Africa"," 0102850313","","","","","https://maps.google.com/?hl=en_US&cid=0x0:0x5ec2eaa8c5646b42",""
"business","Construction company","Rekamokana Group","33 Wattle / Cypress St Dawn Park, Vosloorus Ext 37, Boksburg, 1459","Boksburg","Gauteng","","South Africa"," 0782590470","","","","","https://maps.google.com/?hl=en_US&cid=0x0:0x508a44e01483c331",""
"business","Computer support and services","Business Information Support Services","14 Maraboe St, Atlasville, Boksburg, 1459","Boksburg","Gauteng","","South Africa"," 0614246252","","","","","https://maps.google.com/?hl=en_US&cid=0x0:0xc5f54ad1f5c51e6e",""
"business","business","1479","Boksburg","Boksburg","Gauteng","","South Africa","","","","","","https://maps.google.com/?hl=en_US&cid=0x0:0x30e333526c25fa76",""
"business","Photocopiers supplier","Daisy Business Solutions East Rand - COPIERS - PABX - CCTV","Shop 5 East Rand Square, 183 Bentel Ave, Jansen Park, Boksburg, 1459","Boksburg","Gauteng","","South Africa"," 0118943480","info@daisy-gp.co.za","http://www.daisysolutions.co.za/","","","https://maps.google.com/?hl=en_US&cid=0x0:0x4873e3c5b4a6d83c",""
"business","Business management consultant","Numitone Group","9 Biddulph St, Witfield, Boksburg, 1459","Boksburg","Gauteng","","South Africa"," 0766910124","","","","","https://maps.google.com/?hl=en_US&cid=0x0:0x151884184662cf61",""
"business","business","N/A","","","Gauteng","","South Africa"," 0763304280","","http://www.multibusinessdivision.co.za/","","","https://maps.google.com/?hl=en_US&cid=0x0:0x1c2bf529b9dabd4a",""
"business","Business management consultant","BCH Corporate","63 Asquith Rd, Ravenswood, Boksburg, 1459","Boksburg","Gauteng","","South Africa"," 0796926512","","","","","https://maps.google.com/?hl=en_US&cid=0x0:0xd9166f296d187024",""
"business","Software company","Gemelli IT Services","Fitzpatrick Road , Joel Ave, Farrar Park, Boksburg, 1459","Boksburg","Gauteng","","South Africa"," 0766352734","","","","","https://maps.google.com/?hl=en_US&cid=0x0:0x4bf5980b352aec3d",""
"business","Packaging company","Box-It Boksburg","234 Rondebult Rd, Libradene, Boksburg, 1459","Boksburg","Gauteng","","South Africa"," 0663962018","boxes4alberton@gmail.com","http://www.boxitsa.co.za/","","","https://maps.google.com/?hl=en_US&cid=0x0:0xfd89fe240c919cc0",""
"business","business","N/A","","","Gauteng","","South Africa","","","","","","https://maps.google.com/?hl=en_US&cid=0x0:0xeea905205a66ed1d",""
"business","Business management consultant","Ncoded Solutions","Reservoir Rd , Van Dyk Rd, Boksburg East, Boksburg, 1459","Boksburg","Gauteng","","South Africa"," 0861123526","","","","","https://maps.google.com/?hl=en_US&cid=0x0:0x4e0b0e7f9bc04f8a",""
"business","Computer support and services","BClue Business Solutions","20 De Rouwe St, Beyers Park, Boksburg, 1459","Boksburg","Gauteng","","South Africa"," 0731888215","info@bclue.co.za","https://www.bclue.co.za/","","","https://maps.google.com/?hl=en_US&cid=0x0:0xa59386422ce2479f",""
"business","Business management consultant","NHLUPHO BUSINESS OPTIMIZATION SOLUTIONS","8 Edgar Road, Benvista Office Park, Office no. 24  25, Jansen Park, Boksburg, 1459","Boksburg","Gauteng","","South Africa"," 0103125739","","","","","https://maps.google.com/?hl=en_US&cid=0x0:0x1c34f58958b23233",""
"business","Store","HEALTHY SPLASH","222 Rondebult Rd, Libradene, Boksburg, 1459","Boksburg","Gauteng","","South Africa"," 0861106693","info@healthysplash.co.za","http://www.healthysplash.co.za/","","","https://maps.google.com/?hl=en_US&cid=0x0:0xca8479adffc0761e",""
"business","Print shop","3@1 Boksburg","Shop 24, Sunward Centre Kingfisher Ave cnr, Duiker Rd, Sunward Park, Boksburg, 1459","Boksburg","Gauteng","","South Africa"," 0100355216","boksburg@3at1.co.za","http://www.3at1boksburg.co.za/","","","https://maps.google.com/?hl=en_US&cid=0x0:0x911c0de9fbefab55",""
"business","General store","Roadring Business Park","85 N Rand Rd, Driefontein 85-Ir, Boksburg, 1459","Boksburg","Gauteng","","South Africa","","","","","","https://maps.google.com/?hl=en_US&cid=0x0:0xd84a0b4ec55663fd",""
"business","Office supply store","T.H BUSINESS SERVICES (PTY) LTD","101 Langenhoven St, Parkrand, Boksburg, 1459","Boksburg","Gauteng","","South Africa"," 0731310809","","","","","https://maps.google.com/?hl=en_US&cid=0x0:0xbe196700c0010cdc",""
"business","Crane service","360 Degree Lifting  Hydraulic Solutions (Pty) Ltd","13 Esperance Rd, Freeway Park, Boksburg, 1459","Boksburg","Gauteng","","South Africa"," 0108806336","","https://360dlhs.co.za/","","","https://maps.google.com/?hl=en_US&cid=0x0:0xd2de577084dfc80b",""
"business","Business management consultant","Moeti Holdings (Pty) Ltd","81 Pretoria Rd, Comet, Boksburg, 1459","Boksburg","Gauteng","","South Africa"," 0110537705","","","","","https://maps.google.com/?hl=en_US&cid=0x0:0x763388d563d15da",""
"business","Steel fabricator","Jaypro Trading (Pty) Ltd","3 Joel Ave, Farrar Park, Boksburg, 1459","Boksburg","Gauteng","","South Africa"," 0832771579","","","","","https://maps.google.com/?hl=en_US&cid=0x0:0x673231b61ba04dac",""
"business","business","Boksburg","","Boksburg","Gauteng","","South Africa","","","","","","https://maps.google.com/?hl=en_US&cid=0x0:0x433e192b0d3f753d",""
"business","Business management consultant","Moeti Holdings (Pty) Ltd","81 Pretoria Rd, Comet, Boksburg, 1459","Boksburg","Gauteng","","South Africa"," 0110537705","","","","","https://maps.google.com/?hl=en_US&cid=0x0:0x763388d563d15da",""
"business","Business management consultant","Enterprise Value Solutions","10 Ceres Ave, Comet, Boksburg, 1459","Boksburg","Gauteng","","South Africa"," 0741489022","","","","","https://maps.google.com/?hl=en_US&cid=0x0:0x2a4b3f476b3c4cc",""
"business","Business management consultant","BCH Corporate","63 Asquith Rd, Ravenswood, Boksburg, 1459","Boksburg","Gauteng","","South Africa"," 0796926512","","","","","https://maps.google.com/?hl=en_US&cid=0x0:0xd9166f296d187024",""
"business","Business management consultant","PB Consultants","Victor Whitmill Dr, Sunward Park, Boksburg, 1470","Boksburg","Gauteng","","South Africa"," 0716891022","","","","","https://maps.google.com/?hl=en_US&cid=0x0:0x63acb7881ccb9dae",""
"business","Business management consultant","Dialnx","53 Agulhas Rd, Groeneweide, Boksburg, 1459","Boksburg","Gauteng","","South Africa"," 0118930075","","","","","https://maps.google.com/?hl=en_US&cid=0x0:0x4d6163b10d05648b",""
"business","Business management consultant","NHLUPHO BUSINESS OPTIMIZATION SOLUTIONS","8 Edgar Road, Benvista Office Park, Office no. 24  25, Jansen Park, Boksburg, 1459","Boksburg","Gauteng","","South Africa"," 0103125739","","","","","https://maps.google.com/?hl=en_US&cid=0x0:0x1c34f58958b23233",""
"business","","Business Hunters Pty (Ltd)","111 Grippen Rd, Bartlett, Boksburg, 1459","Boksburg","Gauteng","","South Africa"," 0115683737","","","","","https://maps.google.com/?hl=en_US&cid=0x0:0x413713b7023af7d0",""
"business","","Altingen Group","18 Top Rd, Westwood AH, Boksburg, 1459","Boksburg","Gauteng","","South Africa"," 0828521758","","","","","https://maps.google.com/?hl=en_US&cid=0x0:0x6363708263c95170",""
"business","Business management consultant","Ncoded Solutions","Reservoir Rd , Van Dyk Rd, Boksburg East, Boksburg, 1459","Boksburg","Gauteng","","South Africa"," 0861123526","","","","","https://maps.google.com/?hl=en_US&cid=0x0:0x4e0b0e7f9bc04f8a",""
"business","Chamber of Commerce","Greater Boksburg Chamber of Commerce  Industry","236 Rondebult Ave, Libradene, Johannesburg, 1459","Johannesburg","Gauteng","","South Africa"," 0102850313","","","","","https://maps.google.com/?hl=en_US&cid=0x0:0xbbd5d5d83decf225",""
"business","Business management consultant","Jera Consulting","The Hub@256, Rondebult Rd, Parkdene, Boksburg, 1459","Boksburg","Gauteng","","South Africa"," 0119133320","sales@jera.co.za","http://www.jera.co.za/","","","https://maps.google.com/?hl=en_US&cid=0x0:0x62f4c15e6d9631cd",""
"business","Chamber of Commerce","Greater Boksburg Chamber of Commerce and Industry","367 Commissioner St, Boksburg, 1469","Boksburg","Gauteng","","South Africa"," 0102850313","admin@gbcci.co.za","https://www.gbcci.co.za/","","","https://maps.google.com/?hl=en_US&cid=0x0:0xc5922540c3d5aa17",""
"business","Business management consultant","JudyGab Consulting","13 Taling Rd, Sunward Park, Boksburg, 1459","Boksburg","Gauteng","","South Africa"," 0119133451","lindi@judygab.co.za","http://judygab.co.za/","","","https://maps.google.com/?hl=en_US&cid=0x0:0xc29bd8cca40f1226",""
"business","Business management consultant","Thernico Business Assistance (Pty) Ltd","Rondebult Ave, Leeuwpoort 113-Ir, Boksburg, 1459","Boksburg","Gauteng","","South Africa"," 0843623232","","","","","https://maps.google.com/?hl=en_US&cid=0x0:0x4870b1c88015acde",""
"business","Business park","Business Park","33 Malcolm Moodie Cres, Jet Park, Boksburg, 1459","Boksburg","Gauteng","","South Africa","","","","","","https://maps.google.com/?hl=en_US&cid=0x0:0xb7dffcb381cd536f",""
"business","Mining company","Integrated Business Management.(Pty).Ltd","21 Graniet Rd, Jet Park, Boksburg, 1459","Boksburg","Gauteng","","South Africa"," 0100075690","","","","","https://maps.google.com/?hl=en_US&cid=0x0:0x2bf2cdd639b55a64",""
"business","Office supply store","T.H BUSINESS SERVICES (PTY) LTD","101 Langenhoven St, Parkrand, Boksburg, 1459","Boksburg","Gauteng","","South Africa"," 0731310809","","","","","https://maps.google.com/?hl=en_US&cid=0x0:0xbe196700c0010cdc",""
"business","Accountant","Ghekko Business Services","60 Leeuwpoort St, Boksburg, 1459","Boksburg","Gauteng","","South Africa","","","","","","https://maps.google.com/?hl=en_US&cid=0x0:0x232177e351cf090d",""
"business","business","Gauteng","","","Gauteng","","South Africa","","","","","","https://maps.google.com/?hl=en_US&cid=0x0:0x6d9ee7c7cb5438e2",""
"business","Auto tag agency","MVAAS","28 Jordaan St, Parkdene, Boksburg, 1459","Boksburg","Gauteng","","South Africa"," 0729932906","info@mvaas.co.za","http://mvaas.co.za/","","","https://maps.google.com/?hl=en_US&cid=0x0:0xed7062aa851da218",""
"business","Software company","Gemelli IT Services","Fitzpatrick Road , Joel Ave, Farrar Park, Boksburg, 1459","Boksburg","Gauteng","","South Africa"," 0766352734","","","","","https://maps.google.com/?hl=en_US&cid=0x0:0x4bf5980b352aec3d",""
"business","Hair salon","Prospur Business Park","10 Oscar St, Hughes, Boksburg, 1459","Boksburg","Gauteng","","South Africa"," 0836591597","","","","","https://maps.google.com/?hl=en_US&cid=0x0:0x8c539bc6e1d32924",""
"business","Computer support and services","BClue Business Solutions","20 De Rouwe St, Beyers Park, Boksburg, 1459","Boksburg","Gauteng","","South Africa"," 0731888215","info@bclue.co.za","https://www.bclue.co.za/","","","https://maps.google.com/?hl=en_US&cid=0x0:0xa59386422ce2479f",""
"business","Photocopiers supplier","Daisy Business Solutions East Rand - COPIERS - PABX - CCTV","Shop 5 East Rand Square, 183 Bentel Ave, Jansen Park, Boksburg, 1459","Boksburg","Gauteng","","South Africa"," 0118943480","info@daisy-gp.co.za","http://www.daisysolutions.co.za/","","","https://maps.google.com/?hl=en_US&cid=0x0:0x4873e3c5b4a6d83c",""
"business","General store","Roadring Business Park","85 N Rand Rd, Driefontein 85-Ir, Boksburg, 1459","Boksburg","Gauteng","","South Africa","","","","","","https://maps.google.com/?hl=en_US&cid=0x0:0xd84a0b4ec55663fd",""
"business","Print shop","3@1 Boksburg","Shop 24, Sunward Centre Kingfisher Ave cnr, Duiker Rd, Sunward Park, Boksburg, 1459","Boksburg","Gauteng","","South Africa"," 0100355216","boksburg@3at1.co.za","http://www.3at1boksburg.co.za/","","","https://maps.google.com/?hl=en_US&cid=0x0:0x911c0de9fbefab55",""
"business","","Businesses in Boksburg North","14th Ave , Third St, Boksburg North, Boksburg, 1460","Boksburg","Gauteng","","South Africa"," 0119177000","","","","","https://maps.google.com/?hl=en_US&cid=0x0:0xb5596768d89e5c5b",""
"business","Packaging company","Box-It Boksburg","234 Rondebult Rd, Libradene, Boksburg, 1459","Boksburg","Gauteng","","South Africa"," 0663962018","boxes4alberton@gmail.com","http://www.boxitsa.co.za/","","","https://maps.google.com/?hl=en_US&cid=0x0:0xfd89fe240c919cc0",""
"business","Store","HEALTHY SPLASH","222 Rondebult Rd, Libradene, Boksburg, 1459","Boksburg","Gauteng","","South Africa"," 0861106693","info@healthysplash.co.za","http://www.healthysplash.co.za/","","","https://maps.google.com/?hl=en_US&cid=0x0:0xca8479adffc0761e",""
"business","","Business Hunters Pty (Ltd)","111 Grippen Rd, Bartlett, Boksburg, 1459","Boksburg","Gauteng","","South Africa"," 0115683737","","","","","https://maps.google.com/?hl=en_US&cid=0x0:0x413713b7023af7d0",""
"business","Business management consultant","BCH Corporate","63 Asquith Rd, Ravenswood, Boksburg, 1459","Boksburg","Gauteng","","South Africa"," 0796926512","","","","","https://maps.google.com/?hl=en_US&cid=0x0:0xd9166f296d187024",""
"business","Consultant","SOUTH MANAGEMENT CONSULTANTS","23 Killian Ave, Cinderella, Boksburg, 1459","Boksburg","Gauteng","","South Africa"," 0118965706","","","","","https://maps.google.com/?hl=en_US&cid=0x0:0xf5abdeea3b2c5ce3",""
"business","Business management consultant","Moeti Holdings (Pty) Ltd","81 Pretoria Rd, Comet, Boksburg, 1459","Boksburg","Gauteng","","South Africa"," 0110537705","","","","","https://maps.google.com/?hl=en_US&cid=0x0:0x763388d563d15da",""
"business","Computer support and services","BClue Business Solutions","20 De Rouwe St, Beyers Park, Boksburg, 1459","Boksburg","Gauteng","","South Africa"," 0731888215","info@bclue.co.za","https://www.bclue.co.za/","","","https://maps.google.com/?hl=en_US&cid=0x0:0xa59386422ce2479f",""
"business","Hair salon","Prospur Business Park","10 Oscar St, Hughes, Boksburg, 1459","Boksburg","Gauteng","","South Africa"," 0836591597","","","","","https://maps.google.com/?hl=en_US&cid=0x0:0x8c539bc6e1d32924",""
"business","Business management consultant","Ncoded Solutions","Reservoir Rd , Van Dyk Rd, Boksburg East, Boksburg, 1459","Boksburg","Gauteng","","South Africa"," 0861123526","","","","","https://maps.google.com/?hl=en_US&cid=0x0:0x4e0b0e7f9bc04f8a",""
"business","Accountant","Ghekko Business Services","60 Leeuwpoort St, Boksburg, 1459","Boksburg","Gauteng","","South Africa","","","","","","https://maps.google.com/?hl=en_US&cid=0x0:0x232177e351cf090d",""
"business","Business park","Business Park","33 Malcolm Moodie Cres, Jet Park, Boksburg, 1459","Boksburg","Gauteng","","South Africa","","","","","","https://maps.google.com/?hl=en_US&cid=0x0:0xb7dffcb381cd536f",""
"business","Photocopiers supplier","Daisy Business Solutions East Rand - COPIERS - PABX - CCTV","Shop 5 East Rand Square, 183 Bentel Ave, Jansen Park, Boksburg, 1459","Boksburg","Gauteng","","South Africa"," 0118943480","info@daisy-gp.co.za","http://www.daisysolutions.co.za/","","","https://maps.google.com/?hl=en_US&cid=0x0:0x4873e3c5b4a6d83c",""
"business","General store","Roadring Business Park","85 N Rand Rd, Driefontein 85-Ir, Boksburg, 1459","Boksburg","Gauteng","","South Africa","","","","","","https://maps.google.com/?hl=en_US&cid=0x0:0xd84a0b4ec55663fd",""
"business","Chamber of Commerce","Greater Boksburg Chamber of Commerce  Industry","236 Rondebult Ave, Libradene, Johannesburg, 1459","Johannesburg","Gauteng","","South Africa"," 0102850313","","","","","https://maps.google.com/?hl=en_US&cid=0x0:0xbbd5d5d83decf225",""
"business","Business management consultant","NHLUPHO BUSINESS OPTIMIZATION SOLUTIONS","8 Edgar Road, Benvista Office Park, Office no. 24  25, Jansen Park, Boksburg, 1459","Boksburg","Gauteng","","South Africa"," 0103125739","","","","","https://maps.google.com/?hl=en_US&cid=0x0:0x1c34f58958b23233",""
"business","Business management consultant","Enterprise Value Solutions","10 Ceres Ave, Comet, Boksburg, 1459","Boksburg","Gauteng","","South Africa"," 0741489022","","","","","https://maps.google.com/?hl=en_US&cid=0x0:0x2a4b3f476b3c4cc",""
"business","Business management consultant","JudyGab Consulting","13 Taling Rd, Sunward Park, Boksburg, 1459","Boksburg","Gauteng","","South Africa"," 0119133451","lindi@judygab.co.za","http://judygab.co.za/","","","https://maps.google.com/?hl=en_US&cid=0x0:0xc29bd8cca40f1226",""
"business","Business development service","East Rand Business Directory","Bert Lacey Dr, Sunward Park, Boksburg, 1459","Boksburg","Gauteng","","South Africa"," 0649419214","","","","","https://maps.google.com/?hl=en_US&cid=0x0:0xa8b758e79edf2921",""
"business","Business park","Airborne Business Park","7 Taljaard Rd, Bartlett, Boksburg, 1459","Boksburg","Gauteng","","South Africa"," 0662806343","office@airbornepark.co.za","http://www.airbornepark.co.za/","","","https://maps.google.com/?hl=en_US&cid=0x0:0xb48cd217cd2b401",""
"business","business","Boksburg","","Boksburg","Gauteng","","South Africa","","","","","","https://maps.google.com/?hl=en_US&cid=0x0:0x433e192b0d3f753d",""
"business","Business management consultant","Jera Consulting","The Hub@256, Rondebult Rd, Parkdene, Boksburg, 1459","Boksburg","Gauteng","","South Africa"," 0119133320","sales@jera.co.za","http://www.jera.co.za/","","","https://maps.google.com/?hl=en_US&cid=0x0:0x62f4c15e6d9631cd",""
"business","Software company","Gemelli IT Services","Fitzpatrick Road , Joel Ave, Farrar Park, Boksburg, 1459","Boksburg","Gauteng","","South Africa"," 0766352734","","","","","https://maps.google.com/?hl=en_US&cid=0x0:0x4bf5980b352aec3d",""
"business","Debt collection agency","CeeBee Debt Management Services (PTY) LTD","Shop 226 Rondebult Rd, Libradene, Boksburg, 1459","Boksburg","Gauteng","","South Africa"," 0119132447","sales@ceebee.co.za","http://www.ceebee.co.za/","","","https://maps.google.com/?hl=en_US&cid=0x0:0x993515335a30ca0a",""
"business","Packaging company","Box-It Boksburg","234 Rondebult Rd, Libradene, Boksburg, 1459","Boksburg","Gauteng","","South Africa"," 0663962018","boxes4alberton@gmail.com","http://www.boxitsa.co.za/","","","https://maps.google.com/?hl=en_US&cid=0x0:0xfd89fe240c919cc0",""
"business","","Businesses in Boksburg North","14th Ave , Third St, Boksburg North, Boksburg, 1460","Boksburg","Gauteng","","South Africa"," 0119177000","","","","","https://maps.google.com/?hl=en_US&cid=0x0:0xb5596768d89e5c5b",""
"business","Digital printing service","Print 2000","10 Padyn Rd, Freeway Park, Boksburg, 1459","Boksburg","Gauteng","","South Africa"," 0118933255","","","","","https://maps.google.com/?hl=en_US&cid=0x0:0xb59ebf2dcf374047",""
"business","Manufacturer","Complete Mobility","76 Smuts Ave, Cinderella, Boksburg, 1459","Boksburg","Gauteng","","South Africa"," 0118240204","","http://complete-mobility.co.za/","","","https://maps.google.com/?hl=en_US&cid=0x0:0xf8bf508074ec864e",""
"business","Print shop","JDNel Trading","1 Elsenburg Rd, Freeway Park, Boksburg, 1459","Boksburg","Gauteng","","South Africa"," 0115682737","","","","","https://maps.google.com/?hl=en_US&cid=0x0:0x294c893e633418a1",""
"business","Print shop","3@1 Boksburg","Shop 24, Sunward Centre Kingfisher Ave cnr, Duiker Rd, Sunward Park, Boksburg, 1459","Boksburg","Gauteng","","South Africa"," 0100355216","boksburg@3at1.co.za","http://www.3at1boksburg.co.za/","","","https://maps.google.com/?hl=en_US&cid=0x0:0x911c0de9fbefab55",""
"business","Manufacturer","SABTRONICS","38 Bedford Rd, Farrar Park, Boksburg, 1459","Boksburg","Gauteng","","South Africa"," 0824134614","","","","","https://maps.google.com/?hl=en_US&cid=0x0:0x52a90e8871ae935b",""
"business","Packaging supply store","INDUSTRIAL BULK BAG SUPPLIERS","16 David Jones St, Libradene, Boksburg, 1459","Boksburg","Gauteng","","South Africa"," 0118946424","greg@ibbs.co.za","http://www.ibbs.co.za/","","","https://maps.google.com/?hl=en_US&cid=0x0:0x7d2f08a56b04b813",""
"business","business","N/A","","","Gauteng","","South Africa"," 0832971823","","","","","https://maps.google.com/?hl=en_US&cid=0x0:0xa802e8dee5eb6643",""
"business","Business management consultant","Ncoded Solutions","Reservoir Rd , Van Dyk Rd, Boksburg East, Boksburg, 1459","Boksburg","Gauteng","","South Africa"," 0861123526","","","","","https://maps.google.com/?hl=en_US&cid=0x0:0x4e0b0e7f9bc04f8a",""
"business","business","N/A","","","Gauteng","","South Africa"," 0100256756","info@www.risimiconsulting.co.za","http://www.risimiconsulting.co.za/","","","https://maps.google.com/?hl=en_US&cid=0x0:0x47356a2eacfa0e50",""
"business","Chamber of Commerce","Greater Boksburg Chamber of Commerce and Industry","367 Commissioner St, Boksburg, 1469","Boksburg","Gauteng","","South Africa"," 0102850313","admin@gbcci.co.za","https://www.gbcci.co.za/","","","https://maps.google.com/?hl=en_US&cid=0x0:0xc5922540c3d5aa17",""
"business","Hair salon","Prospur Business Park","10 Oscar St, Hughes, Boksburg, 1459","Boksburg","Gauteng","","South Africa"," 0836591597","","","","","https://maps.google.com/?hl=en_US&cid=0x0:0x8c539bc6e1d32924",""
"business","","Businesses in Boksburg North","14th Ave , Third St, Boksburg North, Boksburg, 1460","Boksburg","Gauteng","","South Africa"," 0119177000","","","","","https://maps.google.com/?hl=en_US&cid=0x0:0xb5596768d89e5c5b",""
"business","Photocopiers supplier","Daisy Business Solutions East Rand - COPIERS - PABX - CCTV","Shop 5 East Rand Square, 183 Bentel Ave, Jansen Park, Boksburg, 1459","Boksburg","Gauteng","","South Africa"," 0118943480","info@daisy-gp.co.za","http://www.daisysolutions.co.za/","","","https://maps.google.com/?hl=en_US&cid=0x0:0x4873e3c5b4a6d83c",""
"business","Chamber of Commerce","Greater Boksburg Chamber of Commerce  Industry","236 Rondebult Ave, Libradene, Johannesburg, 1459","Johannesburg","Gauteng","","South Africa"," 0102850313","","","","","https://maps.google.com/?hl=en_US&cid=0x0:0xbbd5d5d83decf225",""
"business","General store","Roadring Business Park","85 N Rand Rd, Driefontein 85-Ir, Boksburg, 1459","Boksburg","Gauteng","","South Africa","","","","","","https://maps.google.com/?hl=en_US&cid=0x0:0xd84a0b4ec55663fd",""
"business","Computer support and services","BClue Business Solutions","20 De Rouwe St, Beyers Park, Boksburg, 1459","Boksburg","Gauteng","","South Africa"," 0731888215","info@bclue.co.za","https://www.bclue.co.za/","","","https://maps.google.com/?hl=en_US&cid=0x0:0xa59386422ce2479f",""
"business","","UK EMPORIUM Hughes Industrial Park","Hughes, Boksburg, 1459","Boksburg","Gauteng","","South Africa"," 0114436455","","","","","https://maps.google.com/?hl=en_US&cid=0x0:0x67f04cb7f422f8e9",""
"business","Used car dealer","M5 Auto Commercial","Corner North Rand Road, Atlas Rd, Bardene, Boksburg, 1459","Boksburg","Gauteng","","South Africa"," 0116118004","","https://m5commercial.co.za/","","","https://maps.google.com/?hl=en_US&cid=0x0:0x3830cbc1605a5df8",""
"business","Business management consultant","Enterprise Value Solutions","10 Ceres Ave, Comet, Boksburg, 1459","Boksburg","Gauteng","","South Africa"," 0741489022","","","","","https://maps.google.com/?hl=en_US&cid=0x0:0x2a4b3f476b3c4cc",""
"business","business","N/A","","","Gauteng","","South Africa"," 0793431116","nkdebtcollectors@outlook.com","http://nkdebtcollectors.wixsite.com/mysite","","","https://maps.google.com/?hl=en_US&cid=0x0:0xd642adc2908606d8",""
"business","Logistics service","Touchdown Industrial Park","Ext 114, 110 Ridge Rd, Bartlett, Boksburg, 1459","Boksburg","Gauteng","","South Africa"," 0832914857","","","","","https://maps.google.com/?hl=en_US&cid=0x0:0x76609f8a805f82eb",""
"business","Chamber of Commerce","Ekurhuleni Aerotropolis Chamber of Commerce and Industry","367 Commissioner St, Boksburg, 1469","Boksburg","Gauteng","","South Africa"," 0102850313","","","","","https://maps.google.com/?hl=en_US&cid=0x0:0x5ec2eaa8c5646b42",""
"business","Business development service","East Rand Business Directory","Bert Lacey Dr, Sunward Park, Boksburg, 1459","Boksburg","Gauteng","","South Africa"," 0649419214","","","","","https://maps.google.com/?hl=en_US&cid=0x0:0xa8b758e79edf2921",""
"business","business","1485","","","Gauteng","","South Africa","","","","","","https://maps.google.com/?hl=en_US&cid=0x0:0x2356a22bdcd626a0",""
"business","Law firm","RAMS Attorneys Inc","274 Kubu Cresent, Salfin, Boksburg, 1459","Boksburg","Gauteng","","South Africa"," 0671495700","","","","","https://maps.google.com/?hl=en_US&cid=0x0:0xfb8901778fc0ed33",""
"business","Business park","Airborne Business Park","7 Taljaard Rd, Bartlett, Boksburg, 1459","Boksburg","Gauteng","","South Africa"," 0662806343","office@airbornepark.co.za","http://www.airbornepark.co.za/","","","https://maps.google.com/?hl=en_US&cid=0x0:0xb48cd217cd2b401",""
"business","","Business Hunters Pty (Ltd)","111 Grippen Rd, Bartlett, Boksburg, 1459","Boksburg","Gauteng","","South Africa"," 0115683737","","","","","https://maps.google.com/?hl=en_US&cid=0x0:0x413713b7023af7d0",""
"business","Business management consultant","Indoni Business Consulting (Pty) Ltd","81 Shirley St, Dawn Park, Boksburg, 1459","Boksburg","Gauteng","","South Africa"," 0833716265","","","","","https://maps.google.com/?hl=en_US&cid=0x0:0xcb278152cf6f2e8c",""
"business","business","N/A","","","Gauteng","","South Africa"," 0763304280","","http://www.multibusinessdivision.co.za/","","","https://maps.google.com/?hl=en_US&cid=0x0:0x1c2bf529b9dabd4a",""
"business","Accountant","Ghekko Business Services","60 Leeuwpoort St, Boksburg, 1459","Boksburg","Gauteng","","South Africa","","","","","","https://maps.google.com/?hl=en_US&cid=0x0:0x232177e351cf090d",""
"business","Software company","Gemelli IT Services","Fitzpatrick Road , Joel Ave, Farrar Park, Boksburg, 1459","Boksburg","Gauteng","","South Africa"," 0766352734","","","","","https://maps.google.com/?hl=en_US&cid=0x0:0x4bf5980b352aec3d",""
"business","Business management consultant","Numitone Group","9 Biddulph St, Witfield, Boksburg, 1459","Boksburg","Gauteng","","South Africa"," 0766910124","","","","","https://maps.google.com/?hl=en_US&cid=0x0:0x151884184662cf61",""
"business","Packaging company","Box-It Boksburg","234 Rondebult Rd, Libradene, Boksburg, 1459","Boksburg","Gauteng","","South Africa"," 0663962018","boxes4alberton@gmail.com","http://www.boxitsa.co.za/","","","https://maps.google.com/?hl=en_US&cid=0x0:0xfd89fe240c919cc0",""
"business","business","N/A","","","Gauteng","","South Africa","","","","","","https://maps.google.com/?hl=en_US&cid=0x0:0xeea905205a66ed1d",""
"business","Business park","Business Park","33 Malcolm Moodie Cres, Jet Park, Boksburg, 1459","Boksburg","Gauteng","","South Africa","","","","","","https://maps.google.com/?hl=en_US&cid=0x0:0xb7dffcb381cd536f",""
"business","Business development service","Gauteng","86 1st St, Boksburg North, Boksburg, 1459","Boksburg","Gauteng","","South Africa","","","","","","https://maps.google.com/?hl=en_US&cid=0x0:0xca6ffabad183950d",""
"business","Consultant","Compliance Consultants SA","Oakfields 235, Paperworks X43, Benoni, 1501","Benoni","Gauteng","","South Africa"," 0828173957","","","","","https://maps.google.com/?hl=en_US&cid=0x0:0x5563adbb83eadbb4",""
"business","Business management consultant","BCH Corporate","63 Asquith Rd, Ravenswood, Boksburg, 1459","Boksburg","Gauteng","","South Africa"," 0796926512","","","","","https://maps.google.com/?hl=en_US&cid=0x0:0xd9166f296d187024",""
"business","business","N/A","","","Gauteng","","South Africa"," 0791483644","","","","","https://maps.google.com/?hl=en_US&cid=0x0:0x93cd7735b4bde2df",""
"business","Office supply store","T.H BUSINESS SERVICES (PTY) LTD","101 Langenhoven St, Parkrand, Boksburg, 1459","Boksburg","Gauteng","","South Africa"," 0731310809","","","","","https://maps.google.com/?hl=en_US&cid=0x0:0xbe196700c0010cdc",""
"business","Software company","B2IT Boksburg Office","235 Rondebult Rd, Farrar Park, Boksburg, 1459","Boksburg","Gauteng","","South Africa","","","http://www.b2it.co.za/","","","https://maps.google.com/?hl=en_US&cid=0x0:0xd6b51992909ec9ca",""
"business","Scaffolding rental service","Form Scaff Boksburg","Angelo, Boksburg","Boksburg","Gauteng","","South Africa"," 0116534265","","","","","https://maps.google.com/?hl=en_US&cid=0x0:0xcfd21546bc8cff48",""
"business","Mechanic","Autorn Business Services","11 Lovemore Rd, Ravenswood, Boksburg, 1459","Boksburg","Gauteng","","South Africa"," 0829221337","","","","","https://maps.google.com/?hl=en_US&cid=0x0:0x5aaf7085280638ce",""
"business","Business to business service","MBG","5 Torchwood St, Brakpan, 1541","Brakpan","Gauteng","","South Africa"," 0656995209","","","","","https://maps.google.com/?hl=en_US&cid=0x0:0x4feed1e56ccb8e20",""
"business","Corporate office","Benvista Office Park","Edgar Rd, Klipfontein 83-Ir, Boksburg, 1459","Boksburg","Gauteng","","South Africa"," 0113255290","info@bentelprop.co.za","http://www.benvistaofficepark.co.za/","","","https://maps.google.com/?hl=en_US&cid=0x0:0xf464548f7ec067f2",""
"business","business","N/A","","","Gauteng","","South Africa"," 0818792106","dillon@dasilvamedia.co.za","https://dasilvamedia.co.za/","","","https://maps.google.com/?hl=en_US&cid=0x0:0x6c57c405a616666a",""
"business","Manufacturer","MFG boksburg","147 Leeuwpoort St, Boksburg South, Boksburg, 1459","Boksburg","Gauteng","","South Africa","","","","","","https://maps.google.com/?hl=en_US&cid=0x0:0x5f0bd551d1c41ce8",""
"business","Logistics service","Nebula Logistics Warehouse Boksburg","South Africa Cnr Dam , Main Rd, Anderbolt, Boksburg, 1459","Boksburg","Gauteng","","South Africa","","enquiries@nebulagroup.biz","http://nebulagroup.co.za/nebula-logistics-africa/","","","https://maps.google.com/?hl=en_US&cid=0x0:0x5d1304fc1b8bba9c",""
"business","Print shop","3@1 Boksburg","Shop 24, Sunward Centre Kingfisher Ave cnr, Duiker Rd, Sunward Park, Boksburg, 1459","Boksburg","Gauteng","","South Africa"," 0100355216","boksburg@3at1.co.za","http://www.3at1boksburg.co.za/","","","https://maps.google.com/?hl=en_US&cid=0x0:0x911c0de9fbefab55",""
"business","Shipping company","Senator International","Aerostar Business Park, 219 Jet Park Rd, Witfield, Johannesburg, 1459","Johannesburg","Gauteng","","South Africa"," 0114503622","","","","","https://maps.google.com/?hl=en_US&cid=0x0:0xc50af39437878c29",""
"business","","Allied Production Industries (Pty) Ltd","Cnr Bird  Field Roads , Flora Park, Lilianton, 1459","Boksburg","Gauteng","","South Africa"," 0118266111","","","","","https://maps.google.com/?hl=en_US&cid=0x0:0x1fbfe7d0991e3660",""
"business","business","1501","","","Gauteng","","South Africa","","","","","","https://maps.google.com/?hl=en_US&cid=0x0:0x117daa0012f008ab",""
"business","","Cargo Compass SA (Johannesburg)","Equites Jet Park, 1 Jurgens St, Isando, Boksburg, 1459","Boksburg","Gauteng","","South Africa"," 0114542010","info@cargocompass.co.za","http://www.cargocompasssa.co.za/","","","https://maps.google.com/?hl=en_US&cid=0x0:0x80fca36fa108b6b4",""
"business","business","N/A","","","Gauteng","","South Africa"," 0763304280","","http://www.multibusinessdivision.co.za/","","","https://maps.google.com/?hl=en_US&cid=0x0:0x1c2bf529b9dabd4a",""
"business","Software company","Gemelli IT Services","Fitzpatrick Road , Joel Ave, Farrar Park, Boksburg, 1459","Boksburg","Gauteng","","South Africa"," 0766352734","","","","","https://maps.google.com/?hl=en_US&cid=0x0:0x4bf5980b352aec3d",""
"business","Corporate office","Compass Business Park","Compass Business Park, 5 Main Reef Rd, Dunswart, Boksburg, 1508","Boksburg","Gauteng","","South Africa","","","","","","https://maps.google.com/?hl=en_US&cid=0x0:0x2d17a02867cc86d2",""
"business","Hair salon","Prospur Business Park","10 Oscar St, Hughes, Boksburg, 1459","Boksburg","Gauteng","","South Africa"," 0836591597","","","","","https://maps.google.com/?hl=en_US&cid=0x0:0x8c539bc6e1d32924",""
"business","Packaging company","Box-It Boksburg","234 Rondebult Rd, Libradene, Boksburg, 1459","Boksburg","Gauteng","","South Africa"," 0663962018","boxes4alberton@gmail.com","http://www.boxitsa.co.za/","","","https://maps.google.com/?hl=en_US&cid=0x0:0xfd89fe240c919cc0",""
"business","","Solidariteit Dienskantoor - Boksburg","198A Trichardts Rd, Panberthy Manor, Boksburg, 1459","Boksburg","Gauteng","","South Africa"," 0119130783","diens@solidariteit.co.za","https://solidariteit.co.za/","","","https://maps.google.com/?hl=en_US&cid=0x0:0xf340e54e0532c0f0",""
"business","Computer support and services","BClue Business Solutions","20 De Rouwe St, Beyers Park, Boksburg, 1459","Boksburg","Gauteng","","South Africa"," 0731888215","info@bclue.co.za","https://www.bclue.co.za/","","","https://maps.google.com/?hl=en_US&cid=0x0:0xa59386422ce2479f",""
"business","Accounting firm","The Success of Business Solutions","22 Wolwekop St, Rondebult, Germiston, 1434","Germiston","Gauteng","","South Africa"," 0814219955","you@yourwebsitedomain.com","http://thesuccess.co.za/","","","https://maps.google.com/?hl=en_US&cid=0x0:0xcdbc87f0208458cb",""
"business","Business management consultant","Numitone Group","9 Biddulph St, Witfield, Boksburg, 1459","Boksburg","Gauteng","","South Africa"," 0766910124","","","","","https://maps.google.com/?hl=en_US&cid=0x0:0x151884184662cf61",""
"business","business","N/A","","","Gauteng","","South Africa","","","","","","https://maps.google.com/?hl=en_US&cid=0x0:0xeea905205a66ed1d",""
"business","business","N/A","","","Gauteng","","South Africa"," 0733192711","sales@amty.co.za","https://shop.amty.co.za/","","","https://maps.google.com/?hl=en_US&cid=0x0:0x4ffdc7d8936ca793",""
"business","Bus stop","Booysens","32 Nelson Rd, Booysens, Johannesburg, 2091","Johannesburg","Gauteng","","South Africa"," 0110537881","","","","","https://maps.google.com/?hl=en_US&cid=0x0:0x13ead5af5221c385",""
"business","Computer support and services","City Power Johannesburg","Reuven, Johannesburg, 2091","Johannesburg","Gauteng","","South Africa"," 0114907000","","https://www.citypower.co.za/","","","https://maps.google.com/?hl=en_US&cid=0x0:0x3785a23b6bcabeeb",""
"business","Construction company","TYAN CONSTRUCTION","22 Ophir-Booysens Rd, Booysens, Johannesburg, 2091","Johannesburg","Gauteng","","South Africa"," 0114933300","","http://tyanconstruction.co.za/","","","https://maps.google.com/?hl=en_US&cid=0x0:0x9a3f304114eb2798",""
"business","Recruiter","Elite Business Services","39 Koster St, Booysens, Johannesburg, 2091","Johannesburg","Gauteng","","South Africa"," 0101098088","quinten@elitebusinessservices.co.za","http://www.elitebusinessservices.co.za/","","","https://maps.google.com/?hl=en_US&cid=0x0:0x70c8dc5d7997bf33",""
"business","business","Booysens","Johannesburg, 2091","Johannesburg","Gauteng","","South Africa","","","","","","https://maps.google.com/?hl=en_US&cid=0x0:0xe7f8d14887005e6b",""
