Category,Real Category,Business Name,Address,City,State,Postal Code,Country,Phone,Email,Website,Latitude,Longitude,Map Link,Details Link
"business","Business center","B R G Engineering  Supplies C C","46 Boundary St, Brakpan, 1540","Brakpan","Gauteng","","South Africa"," 0117402112","","","","","https://maps.google.com/?hl=en_US&cid=0x0:0x9da76da92c7713da",""
"business","Website designer","Manage My Website","176 Hamilton Ave, Dalview, Brakpan, 1554","Brakpan","Gauteng","","South Africa"," 0761406000","Welcome@ManageMyWebsite.co.za","https://www.managemywebsite.co.za/","","","https://maps.google.com/?hl=en_US&cid=0x0:0xd27556647ad8695f",""
"business","Computer support and services","Dynamic Gee - IT Support and IT Support Tech - Brakpan","20 Viking Rd, Dalpark, Brakpan, 1543","Brakpan","Gauteng","","South Africa"," 0115684399","","http://www.dynamicgee.co.za/","","","https://maps.google.com/?hl=en_US&cid=0x0:0xea650b727a9a6344",""
"business","Business park","Carnival Junction Business Park","15 Beechwood St, Larrendale, Brakpan, 1541","Brakpan","Gauteng","","South Africa","","","","","","https://maps.google.com/?hl=en_US&cid=0x0:0xc10ad8ff59eb1da1",""
"business","Tool manufacturer","Manhattan Corporation","1 Hospital Rd, Brakpan North, Johannesburg, 1541","Johannesburg","Gauteng","","South Africa"," 0117488800","info@manhattancorp.com","https://www.manhattancorp.com/","","","https://maps.google.com/?hl=en_US&cid=0x0:0x8fd71d1cde16e03b",""
"business","business","N/A","","","Gauteng","","South Africa"," 0100256756","","http://www.risimiconsulting.co.za/","","","https://maps.google.com/?hl=en_US&cid=0x0:0x47356a2eacfa0e50",""
"business","Engineering consultant","USize Engineering","13 Molecule Rd, Vulcania, Brakpan, 1554","Brakpan","Gauteng","","South Africa"," 0837811128","","http://usize.co.za/","","","https://maps.google.com/?hl=en_US&cid=0x0:0xa7df3f0bd8d902d3",""
"business","Business management consultant","SHEQ Street (Pty) Ltd","ext 2, 42 Waterval Rd, Leachville, Brakpan, 1541","Brakpan","Gauteng","","South Africa"," 0118973238","info@sheqstreet.co.za","https://sheqstreet.co.za/","","","https://maps.google.com/?hl=en_US&cid=0x0:0x7dd2938ea30c3a",""
"business","Steel fabricator","Admo Engineering","150 Hastings Ave, Brakpan, 1541","Brakpan","Gauteng","","South Africa"," 0117402093","admin2@admoeng.co.za","https://admoeng.co.za/","","","https://maps.google.com/?hl=en_US&cid=0x0:0xd33365ee7aa1bb86",""
"business","Corporate office","RMB CONSULTANT","EXT 5, 10890 Zulu St, Tsakane, Brakpan, 1548","Zulu St","Gauteng","10890","South Africa"," 0103350586","","","","","https://maps.google.com/?hl=en_US&cid=0x0:0x917b43f62fc05358",""
"business","Business management consultant","Futuristic Worx","10 Van der Merwe St, Brenthurst, Brakpan, 1541","Brakpan","Gauteng","","South Africa"," 0110386829","","","","","https://maps.google.com/?hl=en_US&cid=0x0:0x6307134a02017469",""
"business","Accountant","Prime PBT","737 Prince George Ave, Brenthurst, Brakpan, 1542","Brakpan","Gauteng","","South Africa"," 0718577811","info@primepbt.co.za","https://www.primepbt.co.za/","","","https://maps.google.com/?hl=en_US&cid=0x0:0xfd7be056fd70e129",""
"business","Fingerprinting service","INTELLIGENCES  INVESTIGATION TRAINING","96 Wordsworth St, Dalpark, Brakpan, 1552","Brakpan","Gauteng","","South Africa"," 0826951544","","","","","https://maps.google.com/?hl=en_US&cid=0x0:0xeba8385c483ed72f",""
"business","Website designer","Oceans I.T Services","28 Essex St, Dalview, Brakpan, 1541","Brakpan","Gauteng","","South Africa"," 0828566050","","http://www.oceans.co.za/","","","https://maps.google.com/?hl=en_US&cid=0x0:0x143698ca16943245",""
"business","Accountant","AT Accounting and Taxation Solutions (Pty) Ltd","16 Eeufees St, Dalview, Brakpan, 1541","Brakpan","Gauteng","","South Africa"," 0117400490","20enquiries@ataccounting.co.za","http://www.ataccounting.co.za/","","","https://maps.google.com/?hl=en_US&cid=0x0:0x37388f2e1ed96c29",""
"business","Training centre","HPS Security Guard  Training Centre","274 Prince George Ave, Brakpan, 1540","Brakpan","Gauteng","","South Africa"," 0118130281","hprotections@gmail.com","https://www.hlopi.net/","","","https://maps.google.com/?hl=en_US&cid=0x0:0x6ce88971c600d7fd",""
"business","Industrial equipment supplier","Brakpan Business Machines cc","543 Prince George Ave, Brakpan, 1540","Brakpan","Gauteng","","South Africa"," 0117402310","","","","","https://maps.google.com/?hl=en_US&cid=0x0:0xa12da6f1295d2937",""
"business","Construction company","JC Construction CC","Unit 18 Carnival Industrial Park 14 Coert Steynberg Street Van Eck Park, EXT 2, Brakpan, 1541","Brakpan","Gauteng","","South Africa"," 0119151202","","http://www.jcconstruction.1sta.com/","","","https://maps.google.com/?hl=en_US&cid=0x0:0x388a196d0fd0146b",""
"business","Manufacturer","Qck Metal Works - Precision Engineering","1 Strauss St, Van Eck Park, Brakpan, 1459","Brakpan","Gauteng","","South Africa"," 0107464927","sales@qckmetalworks.co.za","https://qckmetalworks.co.za/","","","https://maps.google.com/?hl=en_US&cid=0x0:0xa6be3c4752b64fa2",""
"business","business","Brakpan","","Brakpan","Gauteng","","South Africa","","","","","","https://maps.google.com/?hl=en_US&cid=0x0:0xd8de45bffbe45d1d",""
"business","Electrical installation service","Hexagon Electrical","Ext 2, 1 Coert Steynberg St, Van Eck Park, Brakpan, 1541","Brakpan","Gauteng","","South Africa"," 0861106520","admin@hexelec.co.za","http://hexelect.co.za/","","","https://maps.google.com/?hl=en_US&cid=0x0:0x9299dabe7067f579",""
"business","Manufacturer","Genesis Steel","8 Molecule Rd, Vulcania, Brakpan, 1541","Brakpan","Gauteng","","South Africa"," 0118174008","sales@genesissteel.co.za","https://genesissteel.co.za/","","","https://maps.google.com/?hl=en_US&cid=0x0:0x17c82bc8315c8e7",""
"business","Stationery store","QTKT Stationery","Unit 4 Unit 4, QTKT Stationers, 61 Van Der Walt Rd, Dalview, Brakpan, 1541","Brakpan","Gauteng","","South Africa"," 0645051078","orders@qtktstationers.co.za","http://qtktstationers.co.za/","","","https://maps.google.com/?hl=en_US&cid=0x0:0x92ef1df57cae69e1",""
"business","","Mpact Corrugated Brakpan","Mpact Corrugated, Vulcania, Brakpan, 1540","Brakpan","Gauteng","","South Africa"," 0118127400","info@mpact.co.za","http://www.mpact.co.za/","","","https://maps.google.com/?hl=en_US&cid=0x0:0x63f5655f4d33049e",""
"business","","R M E Materials (Africa) (Pty) Ltd","125 Floors St, Withok Estates, Brakpan, 1541","Brakpan","Gauteng","","South Africa"," 0823323542","","","","","https://maps.google.com/?hl=en_US&cid=0x0:0xbfb58d0494bee280",""
"business","Corporate office","NJR Steel Reinforcing Mesh","233 Joe Arnison St, Labore, Brakpan, 1540","Brakpan","Gauteng","","South Africa"," 0117321511","","https://www.njrsteel.com/reinforcing-mesh","","","https://maps.google.com/?hl=en_US&cid=0x0:0x1449329821ad201a",""
"business","Print shop","Omega Print  Office Supplies","42 Pendoring Ave, Dalpark, Brakpan, 1541","Brakpan","Gauteng","","South Africa"," 0119155859","","","","","https://maps.google.com/?hl=en_US&cid=0x0:0x9b6322387b2eb4d7",""
"business","Plastic fabrication company","Conver-Tek Pty Ltd","6, 8 Coert Steynberg St, Van Eck Park, Brakpan, 1541","Brakpan","Gauteng","","South Africa"," 0118272460","8c4075d5481d476e945486754f783364@sentry.io","http://www.convertek.co.za/","","","https://maps.google.com/?hl=en_US&cid=0x0:0x727ea1314ac3e36a",""
"business","Manufacturer","SMT Fabrication (Pty) Ltd","Unit 10, Brisley Place, 41 15th Rd, Sallies Village, Brakpan, 1541","Brakpan","Gauteng","","South Africa"," 0671270056","","https://www.smtfabrication.co.za/","","","https://maps.google.com/?hl=en_US&cid=0x0:0x15b3b81b519546bf",""
"business","Environmental consultant","Business Consultant","Tsakane, Brakpan, 1548","Brakpan","Gauteng","","South Africa"," 0735302426","","","","","https://maps.google.com/?hl=en_US&cid=0x0:0x16d98e51af5da070",""
"business","","Siyavuvuzela enterprise","35864 Toyitoyi St, Tsakane, Brakpan, 1550","Toyitoyi St","Gauteng","35864","South Africa"," 0729389590","","","","","https://maps.google.com/?hl=en_US&cid=0x0:0x690003736f434f53",""
"business","Corporate office","Kumbatia Business Solutions Pty (Ltd)","7529 Tlou St, Tsakane, Brakpan, 1550","Brakpan","Gauteng","","South Africa"," 0735727653","","https://kumbatia-business-solutions.my.canva.site/","","","https://maps.google.com/?hl=en_US&cid=0x0:0x72c40dce635adb0",""
"business","Corporate office","RMB CONSULTANT","EXT 5, 10890 Zulu St, Tsakane, Brakpan, 1548","Zulu St","Gauteng","10890","South Africa"," 0103350586","","","","","https://maps.google.com/?hl=en_US&cid=0x0:0x917b43f62fc05358",""
"business","Corporate office","Greater Brakpan Chamber of Commerce and Industry","Business Park, 5572 Hlakwana St, Tsakane, Brakpan, 1548","Brakpan","Gauteng","","South Africa"," 0839635081","","","","","https://maps.google.com/?hl=en_US&cid=0x0:0x2ed084a059d2fc12",""
"business","business","N/A","","","Gauteng","","South Africa"," 0837164688","","","","","https://maps.google.com/?hl=en_US&cid=0x0:0x887ac8a7afd1e8ea",""
"business","Business management consultant","Futuristic Worx","10 Van der Merwe St, Brenthurst, Brakpan, 1541","Brakpan","Gauteng","","South Africa"," 0110386829","","","","","https://maps.google.com/?hl=en_US&cid=0x0:0x6307134a02017469",""
"business","Electronics store","MduMSolutions","Tsakane Business Park/TSAKANE, 7522 1550 Hlakwana St, Tsakane, Brakpan, 1548","Brakpan","Gauteng","","South Africa","","","","","","https://maps.google.com/?hl=en_US&cid=0x0:0xf08ed04720c991b3",""
"business","Software company","Energix Solutions (Pty) Ltd","7313 Ramabanta St, Tsakane, Brakpan, 1548","Brakpan","Gauteng","","South Africa"," 0794001549","","","","","https://maps.google.com/?hl=en_US&cid=0x0:0x7f88196ec95405af",""
"business","Housing society","42442 Duyiswa street Brakpan","Tsakane, Brakpan, 1548","Brakpan","Gauteng","","South Africa","","","","","","https://maps.google.com/?hl=en_US&cid=0x0:0x18a517994505d845",""
"business","Construction company","MEKOGOLD CONSTRUCTION AND PROJECTS PTY LTD","7522 Hlakwana St, Tsakane, Brakpan, 1548","Brakpan","Gauteng","","South Africa"," 0733085076","","http://www.mekogoldconstruction.co.za/","","","https://maps.google.com/?hl=en_US&cid=0x0:0xa6e838b8d98d98e4",""
"business","business","Platinum Typing","2739 Mabaso St, Tsakane, Brakpan, 1550","Brakpan","Gauteng","","South Africa"," 0733002624","","","","","https://maps.google.com/?hl=en_US&cid=0x0:0xabc36974c205b281",""
"business","Construction company","Twin MB Groups","10654 Mehlape St, Tsakane, Brakpan, 1550","Mehlape St","Gauteng","10654","South Africa"," 0732050566","","","","","https://maps.google.com/?hl=en_US&cid=0x0:0x7cca8dc009c4913c",""
"business","Internet service provider","Township Entrepreneurs Network","Business Park, 7522 Hlakwana St, Tsakane, Tsakane`, 1550","Tsakane`","Gauteng","","South Africa"," 0814682425","","","","","https://maps.google.com/?hl=en_US&cid=0x0:0x24f413b3d1f33bf6",""
"business","Marketing agency","BT","Phofu St, Tsakane, Brakpan, 1548","Brakpan","Gauteng","","South Africa","","","","","","https://maps.google.com/?hl=en_US&cid=0x0:0x90f3d2857dde827",""
"business","Internet marketing service","Visionary Youth Entrepreneurial","4385 Malandela St, Tsakane, Brakpan, 1548","Brakpan","Gauteng","","South Africa"," 0785071255","","","","","https://maps.google.com/?hl=en_US&cid=0x0:0x5602b63e71e26b40",""
"business","Engineering consultant","USize Engineering","13 Molecule Rd, Vulcania, Brakpan, 1554","Brakpan","Gauteng","","South Africa"," 0837811128","","http://usize.co.za/","","","https://maps.google.com/?hl=en_US&cid=0x0:0xa7df3f0bd8d902d3",""
"business","Construction company","Dedacon trading","18 20th Rd, Denneoord, Brakpan, 1540","Brakpan","Gauteng","","South Africa"," 0839521579","","","","","https://maps.google.com/?hl=en_US&cid=0x0:0x6c69a0a2b870635d",""
"business","Automation company","Ndosi Chrome Group","Letswalo St, Tsakane, Brakpan, 8540","Brakpan","Gauteng","","South Africa"," 0670515200","","","","","https://maps.google.com/?hl=en_US&cid=0x0:0xd14f653430100568",""
"business","business","1548","Brakpan","Brakpan","Gauteng","","South Africa","","","","","","https://maps.google.com/?hl=en_US&cid=0x0:0x8812fe2cd1f7efa6",""
"business","business","N/A","","","Gauteng","","South Africa"," 0680344578","","","","","https://maps.google.com/?hl=en_US&cid=0x0:0x10cb8a80895e6fc6",""
"business","business","N/A","","","Gauteng","","South Africa"," 0714185328","","","","","https://maps.google.com/?hl=en_US&cid=0x0:0x704b3d89c6d6b558",""
"business","business","N/A","","","Gauteng","","South Africa"," 0767740350","","","","","https://maps.google.com/?hl=en_US&cid=0x0:0xf3c5c1fd77cd672",""
"business","business","N/A","","","Gauteng","","South Africa"," 0679396580","","","","","https://maps.google.com/?hl=en_US&cid=0x0:0xe406bc422ea7a88f",""
"business","Software company","Shasa Group Pty Ltd","Civin Rd, Sonneveld, Brakpan, 1541","Brakpan","Gauteng","","South Africa"," 0735272129","","","","","https://maps.google.com/?hl=en_US&cid=0x0:0x135be1d7be5d9da",""
"business","business","N/A","","","Gauteng","","South Africa"," 0676348862","","","","","https://maps.google.com/?hl=en_US&cid=0x0:0x89936750f5c8534b",""
"business","Safety equipment supplier","BSMT Services","73 Ampere St, Labore, Brakpan, 1546","Brakpan","Gauteng","","South Africa"," 0104500217","","","","","https://maps.google.com/?hl=en_US&cid=0x0:0x3ef07f09c497f45a",""
"business","business","N/A","","","Gauteng","","South Africa"," 0692030094","","","","","https://maps.google.com/?hl=en_US&cid=0x0:0x43448f04c272e734",""
"business","Steel fabricator","JAH VELA","7596 Phetla St, Tsakane, Brakpan, 1550","Brakpan","Gauteng","","South Africa"," 0682793288","","","","","https://maps.google.com/?hl=en_US&cid=0x0:0x14eab89230f4e33a",""
"business","Construction company","Dedacon trading","18 20th Rd, Denneoord, Brakpan, 1540","Brakpan","Gauteng","","South Africa"," 0839521579","","","","","https://maps.google.com/?hl=en_US&cid=0x0:0x6c69a0a2b870635d",""
"business","Business park","Carnival Junction Business Park","15 Beechwood St, Larrendale, Brakpan, 1541","Brakpan","Gauteng","","South Africa","","","","","","https://maps.google.com/?hl=en_US&cid=0x0:0xc10ad8ff59eb1da1",""
"business","Bus stop","Brakpan Bus Co (Pty) Ltd","Denne Rd, Vulcania, Brakpan, 1541","Brakpan","Gauteng","","South Africa"," 0119997899","","","","","https://maps.google.com/?hl=en_US&cid=0x0:0xac983249f67884dd",""
"business","business","N/A","","","Gauteng","","South Africa"," 0727203708","","http://www.precise-it.co.za/","","","https://maps.google.com/?hl=en_US&cid=0x0:0x88f160079a0713dd",""
"business","Real estate agency","Jawitz Properties Brakpan","24 Farquaharson Rd, Kenleaf, Brakpan, 1540","Brakpan","Gauteng","","South Africa"," 0117431012","brakpan@jawitz.co.za","http://www.jawitzbrakpan.co.za/","","","https://maps.google.com/?hl=en_US&cid=0x0:0xfd86fa7a01521873",""
"business","Accounting firm","AH Accountants  Biz Consulting (Pty) Ltd","Estate, 35 Witstinkhout St, Sonneveld, Brakpan, 1549","Brakpan","Gauteng","","South Africa"," 0718998462","","http://www.ah-accountants.co.za/","","","https://maps.google.com/?hl=en_US&cid=0x0:0x4b70f1c8fdfde59e",""
"business","business","KK Guesthouse","83 Hoy St, Brakpan, Johannesburg, 1540","Johannesburg","Gauteng","","South Africa"," 0117445668","info@kubasiweguesthouse.co.za","https://kubasiweguesthouse.co.za/","","","https://maps.google.com/?hl=en_US&cid=0x0:0xe57cc34d9c7a4d32",""
"business","business","Greenfig Guest House","4 Beetle Ave, Kenleaf, Brakpan, 1541","Brakpan","Gauteng","","South Africa"," 0117422072","","http://greenfig-guesthouse.co.za/","","","https://maps.google.com/?hl=en_US&cid=0x0:0xa895cac93ef882d0",""
"business","business","Carnival City Hotel"," Century Rd, Elsburg Road, Carnival City, Brakpan, 1540","Brakpan","Gauteng","","South Africa"," 0118987000","carnivalcity@suninternational.com","https://www.suninternational.com/carnival-city/rooms/","","","https://maps.google.com/?hl=en_US&cid=0x0:0xb202d83e6ecbcdce",""
"business","business","Road Lodge Carnival City","Century Road, Heidelberg Rd, Dalpark, Brakpan, 1541","Brakpan","Gauteng","","South Africa"," 0119155800","citylodge@whistleblowing.co.za","https://clhg.com/hotels/310/Road-Lodge-Carnival-City","","","https://maps.google.com/?hl=en_US&cid=0x0:0xf53749e1c6c22c63",""
"business","business","Franchise Guest House","134 Howard Ave, Benoni, 1500","Benoni","Gauteng","","South Africa"," 0114213982","","","","","https://maps.google.com/?hl=en_US&cid=0x0:0xc0cb2a7088f4cb30",""
"business","business","Carnival View Guest House and spa","79 Silverleaf St, Van Dykpark, Boksburg, 1459","Boksburg","Gauteng","","South Africa"," 0827716334","","","","","https://maps.google.com/?hl=en_US&cid=0x0:0xe5369e288be33415",""
"business","business","All Are Welcome","Dalpark, Brakpan, 1541","Brakpan","Gauteng","","South Africa"," 0119153077","info@allarewelcome.co.za","http://www.allarewelcome.co.za/","","","https://maps.google.com/?hl=en_US&cid=0x0:0xd888bd77c04d4da5",""
"business","business","Nest and Rest Guesthouse | Accommodation in Springs","8 Ceres Rd, Pollak Park, Springs, 1559","Springs","Gauteng","","South Africa"," 0785289110","nestandrest8@gmail.com","https://www.nestandrest.co.za/","","","https://maps.google.com/?hl=en_US&cid=0x0:0x8dc1c2d9995e2ca5",""
"business","Tool manufacturer","Manhattan Corporation","1 Hospital Rd, Brakpan North, Johannesburg, 1541","Johannesburg","Gauteng","","South Africa"," 0117488800","info@manhattancorp.com","https://www.manhattancorp.com/","","","https://maps.google.com/?hl=en_US&cid=0x0:0x8fd71d1cde16e03b",""
"business","","Wild Waters - Boksburg","1 Margaret Ave, Bardene, Boksburg, 1459","Boksburg","Gauteng","","South Africa","","","","","","https://maps.google.com/?hl=en_US&cid=0x0:0xcc1d2be8b284abc0",""
"business","Marketing agency","Proudly Ekurhuleni","1, 72 Bobstay Rd, Dalpark, Brakpan, 1541","Brakpan","Gauteng","","South Africa"," 0847561817","","","","","https://maps.google.com/?hl=en_US&cid=0x0:0xdb9cc4858cee3cb8",""
"business","business","Carnival City Casino","Cnr Century Road , Elsburg Rd, Brakpan, Boksburg, 1541","Boksburg","Gauteng","","South Africa"," 0118987000","carnivalcity@suninternational.com","https://www.suninternational.com/carnival-city","","","https://maps.google.com/?hl=en_US&cid=0x0:0x162c21f68b0c9540",""
"business","Professional organizer","ELPAVO","10 Ernest St, Kenleaf, Brakpan, 1541","Brakpan","Gauteng","","South Africa"," 0827768317","","","","","https://maps.google.com/?hl=en_US&cid=0x0:0xe844e999e08bd733",""
"business","Industrial equipment supplier","Brakpan Business Machines cc","543 Prince George Ave, Brakpan, 1540","Brakpan","Gauteng","","South Africa"," 0117402310","","","","","https://maps.google.com/?hl=en_US&cid=0x0:0xa12da6f1295d2937",""
"business","Business center","PLASMA SYSTEMS - AFRICA","412 Prince George Ave, Brakpan, 1540","Brakpan","Gauteng","","South Africa"," 0117401316","","","","","https://maps.google.com/?hl=en_US&cid=0x0:0x5969e1f2c2371fe3",""
"business","Bookkeeping service","Mardelev Financial  HR Solutions","157 Denne Rd, Witpoort Estates, Brakpan, 1541","Brakpan","Gauteng","","South Africa"," 0117421687","","http://www.mardelev.co.za/","","","https://maps.google.com/?hl=en_US&cid=0x0:0xb9a77f1bb6a8846b",""
"business","business","N/A","","","Gauteng","","South Africa"," 0826551201","","","","","https://maps.google.com/?hl=en_US&cid=0x0:0x6d4fef953b17f543",""
"business","Lodging","Kenico Guest House Brenthurst Brakpan","649 Prince George Ave, Brenthurst, Brakpan, 1541","Brakpan","Gauteng","","South Africa"," 0734190560","","http://www.kenicoguesthouse.com/","","","https://maps.google.com/?hl=en_US&cid=0x0:0x2537e9d81bc5c1ee",""
"business","business","N/A","","","Gauteng","","South Africa"," 0842625017","","","","","https://maps.google.com/?hl=en_US&cid=0x0:0xf3881bc2c667c81e",""
"business","Event venue","Plot 434 Functions  Conference Venue","434 Nestadt Street, Withok Estate Withok, Brakpan, 1552","Brakpan","Gauteng","","South Africa"," 0726067063","","","","","https://maps.google.com/?hl=en_US&cid=0x0:0x11e89f8412be513",""
"business","business","1549","Brakpan","Brakpan","Gauteng","","South Africa","","","","","","https://maps.google.com/?hl=en_US&cid=0x0:0x9105d64611e83cf0",""
"business","Corporate office","Blvk Inc","10138 Kgope Street, Tsakane, Brakpan, 1550","Kgope Street","Gauteng","10138","South Africa"," 0680144362","","","","","https://maps.google.com/?hl=en_US&cid=0x0:0xb6c3583b6fe0e806",""
"business","Guest house","Kenico Guest House Brakpan","127 A Kitzinger Ave, Brakpan, 1541","Brakpan","Gauteng","","South Africa"," 0734190560","","http://www.kenicoguesthouse.com/","","","https://maps.google.com/?hl=en_US&cid=0x0:0x8cd6e635abc57aa1",""
"business","Business park","Carnival Junction Business Park","15 Beechwood St, Larrendale, Brakpan, 1541","Brakpan","Gauteng","","South Africa","","","","","","https://maps.google.com/?hl=en_US&cid=0x0:0xc10ad8ff59eb1da1",""
"business","","Mpact Corrugated Brakpan","Mpact Corrugated, Vulcania, Brakpan, 1540","Brakpan","Gauteng","","South Africa"," 0118127400","info@mpact.co.za","http://www.mpact.co.za/","","","https://maps.google.com/?hl=en_US&cid=0x0:0x63f5655f4d33049e",""
"business","Environmental consultant","Business Consultant","Tsakane, Brakpan, 1548","Brakpan","Gauteng","","South Africa"," 0735302426","","","","","https://maps.google.com/?hl=en_US&cid=0x0:0x16d98e51af5da070",""
"business","Tool manufacturer","Manhattan Corporation","1 Hospital Rd, Brakpan North, Johannesburg, 1541","Johannesburg","Gauteng","","South Africa"," 0117488800","info@manhattancorp.com","https://www.manhattancorp.com/","","","https://maps.google.com/?hl=en_US&cid=0x0:0x8fd71d1cde16e03b",""
"business","Business to business service","MBG","5 Torchwood St, Brakpan, 1541","Brakpan","Gauteng","","South Africa"," 0656995209","","","","","https://maps.google.com/?hl=en_US&cid=0x0:0x4feed1e56ccb8e20",""
"business","Corporate office","Greater Brakpan Chamber of Commerce and Industry","Business Park, 5572 Hlakwana St, Tsakane, Brakpan, 1548","Brakpan","Gauteng","","South Africa"," 0839635081","","","","","https://maps.google.com/?hl=en_US&cid=0x0:0x2ed084a059d2fc12",""
"business","Construction company","Twin MB Groups","10654 Mehlape St, Tsakane, Brakpan, 1550","Mehlape St","Gauteng","10654","South Africa"," 0732050566","","","","","https://maps.google.com/?hl=en_US&cid=0x0:0x7cca8dc009c4913c",""
"business","Marketing agency","Proudly Ekurhuleni","1, 72 Bobstay Rd, Dalpark, Brakpan, 1541","Brakpan","Gauteng","","South Africa"," 0847561817","","","","","https://maps.google.com/?hl=en_US&cid=0x0:0xdb9cc4858cee3cb8",""
"business","Accounting firm","Mapunyane Holdings (PTY) LTD","16 Glamorgan St, Dalpark, Brakpan, 1541","Brakpan","Gauteng","","South Africa"," 0797215355","","","","","https://maps.google.com/?hl=en_US&cid=0x0:0xe292c2dae1f53bde",""
"business","Business center","PLASMA SYSTEMS - AFRICA","412 Prince George Ave, Brakpan, 1540","Brakpan","Gauteng","","South Africa"," 0117401316","","","","","https://maps.google.com/?hl=en_US&cid=0x0:0x5969e1f2c2371fe3",""
"business","Metal supplier","NIRAKAR INDUSTRIES","308 Denne Rd, Witpoortjie, Brakpan, 1540","Brakpan","Gauteng","","South Africa"," 0110537058","","","","","https://maps.google.com/?hl=en_US&cid=0x0:0xdf3805a9bc49634b",""
"business","Internet marketing service","Ubuntu Business Advisory  Consulting","Ste611 Floor 6 Rentbel Bldg, 219 Bureau Ln, Pretoria Central, Pretoria, 0002","Pretoria","Gauteng","","South Africa"," 0123238067","info@ubac.co.za","http://www.ubac.co.za/","","","https://maps.google.com/?hl=en_US&cid=0x0:0xe0183f1b717b1fea",""
"business","Beauty salon","Brumars Business Empire","40570 Madiba St, Tsakane, Brakpan, 1550","Madiba St","Gauteng","40570","South Africa"," 0603939090","","","","","https://maps.google.com/?hl=en_US&cid=0x0:0x550528262c0cfe5f",""
"business","Pentecostal church","Brakpan Assemblies of God Fellowship","114 Germains St, Brakpan, 1540","Brakpan","Gauteng","","South Africa","","","https://agfbrakpan.com/","","","https://maps.google.com/?hl=en_US&cid=0x0:0x4aaf77deaac9cc58",""
"business","business","N/A","","","Gauteng","","South Africa"," 0826551201","","","","","https://maps.google.com/?hl=en_US&cid=0x0:0x6d4fef953b17f543",""
"business","Car repair and maintenance service","Herb's Garage SA","65 Porter St, Brenthurst, Brakpan, 1541","Brakpan","Gauteng","","South Africa"," 0840672913","","https://www.facebook.com/HerbsGarage20/?__cft__-0->>u003dAZUxst3O9HZoEDv3Uw1ZSMAv2kTHzBrnEuyT4rPR5K3RWSToL2WGeQzIUIgtFmKd2g9B2KBzGamWF9-SjjTEcwao1RQ7btEQ4UP52uBXAwiXxiUl1vCstZ0x9bDvaixcgVN7o7D_4v0nPRTS1dfRqT1tnUOpvaKPBgIfryv_8kKHrQ>>u0026__tn__>>u003dkK-R","","","https://maps.google.com/?hl=en_US&cid=0x0:0x801fb8279096e96b",""
"business","Business management consultant","Mobility Solution Consulting","7 Rossouw St, Minnebron, Brakpan, 1541","Brakpan","Gauteng","","South Africa"," 0829218017","","","","","https://maps.google.com/?hl=en_US&cid=0x0:0xed4b521f97ccbd67",""
"business","business","Gauteng","","","Gauteng","","South Africa","","","","","","https://maps.google.com/?hl=en_US&cid=0x0:0x6d9ee7c7cb5438e2",""
"business","Business management consultant","Claricent Consulting Services Pty Ltd","337 Visagie St, Pretoria Central, Pretoria, 0001","Pretoria","Gauteng","","South Africa"," 0871520938","info@claricent-consulting.co.za","http://www.claricent-consulting.co.za/","","","https://maps.google.com/?hl=en_US&cid=0x0:0xe4d00c7e0d82a55",""
"business","Auto body shop","SLEEQ AUTO Panel  Paint","19 Coert Steynberg St, Van Eck Park, Brakpan, 1459","Brakpan","Gauteng","","South Africa"," 0118973055","","http://www.sleeqauto.co.za/","","","https://maps.google.com/?hl=en_US&cid=0x0:0xa46042d8c151e3de",""
"business","Electrical installation service","Hexagon Electrical","Ext 2, 1 Coert Steynberg St, Van Eck Park, Brakpan, 1541","Brakpan","Gauteng","","South Africa"," 0861106520","admin@hexelec.co.za","http://hexelect.co.za/","","","https://maps.google.com/?hl=en_US&cid=0x0:0x9299dabe7067f579",""
"business","Tile store","Ezee Tile Adhesive Manufacturers (Pty) Ltd","97 Uranium Rd, Vulcania, Brakpan, 1554","Brakpan","Gauteng","","South Africa"," 0118720627","","https://ezeetile.co.za/","","","https://maps.google.com/?hl=en_US&cid=0x0:0x2807d35628b0c9ae",""
"business","business","N/A","","","Gauteng","","South Africa"," 0763304280","","http://www.multibusinessdivision.co.za/","","","https://maps.google.com/?hl=en_US&cid=0x0:0x1c2bf529b9dabd4a",""
"business","Manufacturer","Genesis Steel","8 Molecule Rd, Vulcania, Brakpan, 1541","Brakpan","Gauteng","","South Africa"," 0118174008","sales@genesissteel.co.za","https://genesissteel.co.za/","","","https://maps.google.com/?hl=en_US&cid=0x0:0x17c82bc8315c8e7",""
"business","Mechanical engineer","Kenmore Crushing Solutions.","33 Coert Steynberg St, Van Eck Park, Brakpan, 1541","Brakpan","Gauteng","","South Africa"," 0119150131","sales@kencrush.co.za","https://www.kenmore.co.za/","","","https://maps.google.com/?hl=en_US&cid=0x0:0xc1af78f3a409342a",""
"business","Courier service","PostNet Brakpan","Shop 28, Carnival Centre, Rangeview Rd, Dalpark, Brakpan, 1541","Brakpan","Gauteng","","South Africa"," 0119150040","brakpan@postnet.co.za","http://brakpan.postnet.co.za/","","","https://maps.google.com/?hl=en_US&cid=0x0:0xeff15ca7aa372387",""
"business","Plastic fabrication company","Conver-Tek Pty Ltd","6, 8 Coert Steynberg St, Van Eck Park, Brakpan, 1541","Brakpan","Gauteng","","South Africa"," 0118272460","8c4075d5481d476e945486754f783364@sentry.io","http://www.convertek.co.za/","","","https://maps.google.com/?hl=en_US&cid=0x0:0x727ea1314ac3e36a",""
"business","Stationery store","QTKT Stationery","Unit 4 Unit 4, QTKT Stationers, 61 Van Der Walt Rd, Dalview, Brakpan, 1541","Brakpan","Gauteng","","South Africa"," 0645051078","orders@qtktstationers.co.za","http://qtktstationers.co.za/","","","https://maps.google.com/?hl=en_US&cid=0x0:0x92ef1df57cae69e1",""
"business","business","N/A","","","Gauteng","","South Africa"," 0871331516","info@printex.co.za","http://www.printex.co.za/","","","https://maps.google.com/?hl=en_US&cid=0x0:0x540ea5a93cd9c558",""
"business","Fabrication engineer","JBJ Engineering","10 Railway St, Brakpan, 1541","Brakpan","Gauteng","","South Africa"," 0117406804","","","","","https://maps.google.com/?hl=en_US&cid=0x0:0x721ebf1f7fa4d4e",""
"business","Business park","Carnival Junction Business Park","15 Beechwood St, Larrendale, Brakpan, 1541","Brakpan","Gauteng","","South Africa","","","","","","https://maps.google.com/?hl=en_US&cid=0x0:0xc10ad8ff59eb1da1",""
"business","business","N/A","","","Gauteng","","South Africa"," 0763304280","","http://www.multibusinessdivision.co.za/","","","https://maps.google.com/?hl=en_US&cid=0x0:0x1c2bf529b9dabd4a",""
"business","Industrial equipment supplier","Brakpan Business Machines cc","543 Prince George Ave, Brakpan, 1540","Brakpan","Gauteng","","South Africa"," 0117402310","","","","","https://maps.google.com/?hl=en_US&cid=0x0:0xa12da6f1295d2937",""
"business","Steel fabricator","Admo Engineering","150 Hastings Ave, Brakpan, 1541","Brakpan","Gauteng","","South Africa"," 0117402093","admin2@admoeng.co.za","https://admoeng.co.za/","","","https://maps.google.com/?hl=en_US&cid=0x0:0xd33365ee7aa1bb86",""
"business","Construction company","JC Construction CC","Unit 18 Carnival Industrial Park 14 Coert Steynberg Street Van Eck Park, EXT 2, Brakpan, 1541","Brakpan","Gauteng","","South Africa"," 0119151202","","http://www.jcconstruction.1sta.com/","","","https://maps.google.com/?hl=en_US&cid=0x0:0x388a196d0fd0146b",""
"business","Tool manufacturer","Manhattan Corporation","1 Hospital Rd, Brakpan North, Johannesburg, 1541","Johannesburg","Gauteng","","South Africa"," 0117488800","info@manhattancorp.com","https://www.manhattancorp.com/","","","https://maps.google.com/?hl=en_US&cid=0x0:0x8fd71d1cde16e03b",""
"business","Accountant","AT Accounting and Taxation Solutions (Pty) Ltd","16 Eeufees St, Dalview, Brakpan, 1541","Brakpan","Gauteng","","South Africa"," 0117400490","20enquiries@ataccounting.co.za","http://www.ataccounting.co.za/","","","https://maps.google.com/?hl=en_US&cid=0x0:0x37388f2e1ed96c29",""
"business","Accounting firm","McNair  Co","123A Kitzinger Ave, Brakpan, 1541","Brakpan","Gauteng","","South Africa"," 0117443710","","","","","https://maps.google.com/?hl=en_US&cid=0x0:0x9034771347bb5068",""
"business","Accountant","Prime PBT","737 Prince George Ave, Brenthurst, Brakpan, 1542","Brakpan","Gauteng","","South Africa"," 0718577811","info@primepbt.co.za","https://www.primepbt.co.za/","","","https://maps.google.com/?hl=en_US&cid=0x0:0xfd7be056fd70e129",""
"business","Business management consultant","Phoenix Global Management","EXT 6, 7 Naboom Cres, Dalpark, Brakpan, 1541","Brakpan","Gauteng","","South Africa"," 0634927418","","","","","https://maps.google.com/?hl=en_US&cid=0x0:0x4b6dcd5681ca68a2",""
"business","Computer support and services","Dynamic Gee - IT Support and IT Support Tech - Brakpan","20 Viking Rd, Dalpark, Brakpan, 1543","Brakpan","Gauteng","","South Africa"," 0115684399","","http://www.dynamicgee.co.za/","","","https://maps.google.com/?hl=en_US&cid=0x0:0xea650b727a9a6344",""
"business","Corporate office","Kumbatia Business Solutions Pty (Ltd)","7529 Tlou St, Tsakane, Brakpan, 1550","Brakpan","Gauteng","","South Africa"," 0735727653","","https://kumbatia-business-solutions.my.canva.site/","","","https://maps.google.com/?hl=en_US&cid=0x0:0x72c40dce635adb0",""
"business","business","N/A","","","Gauteng","","South Africa"," 0100256756","info@www.risimiconsulting.co.za","http://www.risimiconsulting.co.za/","","","https://maps.google.com/?hl=en_US&cid=0x0:0x47356a2eacfa0e50",""
"business","Accounting firm","AH Accountants  Biz Consulting (Pty) Ltd","Estate, 35 Witstinkhout St, Sonneveld, Brakpan, 1549","Brakpan","Gauteng","","South Africa"," 0718998462","","http://www.ah-accountants.co.za/","","","https://maps.google.com/?hl=en_US&cid=0x0:0x4b70f1c8fdfde59e",""
"business","Engineering consultant","USize Engineering","13 Molecule Rd, Vulcania, Brakpan, 1554","Brakpan","Gauteng","","South Africa"," 0837811128","","http://usize.co.za/","","","https://maps.google.com/?hl=en_US&cid=0x0:0xa7df3f0bd8d902d3",""
"business","Corporate office","Greater Brakpan Chamber of Commerce and Industry","Business Park, 5572 Hlakwana St, Tsakane, Brakpan, 1548","Brakpan","Gauteng","","South Africa"," 0839635081","","","","","https://maps.google.com/?hl=en_US&cid=0x0:0x2ed084a059d2fc12",""
"business","business","Brakpan","","Brakpan","Gauteng","","South Africa","","","","","","https://maps.google.com/?hl=en_US&cid=0x0:0xd8de45bffbe45d1d",""
"business","","Mpact Corrugated Brakpan","Mpact Corrugated, Vulcania, Brakpan, 1540","Brakpan","Gauteng","","South Africa"," 0118127400","info@mpact.co.za","http://www.mpact.co.za/","","","https://maps.google.com/?hl=en_US&cid=0x0:0x63f5655f4d33049e",""
"business","Accountant","KR Accounting - bookkeeping services - accounting services - tax practitioner","Unit 15, Carnival junction business park, 15 Beechwood St, Larrendale, Brakpan, 1541","Brakpan","Gauteng","","South Africa"," 0872657099","karin@kraccounting.co.za","http://www.kraccounting.co.za/","","","https://maps.google.com/?hl=en_US&cid=0x0:0x50df82bbb9aeebf5",""
"business","Tile store","Ezee Tile Adhesive Manufacturers (Pty) Ltd","97 Uranium Rd, Vulcania, Brakpan, 1554","Brakpan","Gauteng","","South Africa"," 0118720627","","https://ezeetile.co.za/","","","https://maps.google.com/?hl=en_US&cid=0x0:0x2807d35628b0c9ae",""
"business","Construction company","Fundamental G","20 Wildevy St, Dalpark, Brakpan, 1541","Brakpan","Gauteng","","South Africa"," 0604298179","","","","","https://maps.google.com/?hl=en_US&cid=0x0:0x8fad6037153ea0ea",""
"business","Electrical installation service","Hexagon Electrical","Ext 2, 1 Coert Steynberg St, Van Eck Park, Brakpan, 1541","Brakpan","Gauteng","","South Africa"," 0861106520","admin@hexelec.co.za","http://hexelect.co.za/","","","https://maps.google.com/?hl=en_US&cid=0x0:0x9299dabe7067f579",""
"business","Manufacturer","Genesis Steel","8 Molecule Rd, Vulcania, Brakpan, 1541","Brakpan","Gauteng","","South Africa"," 0118174008","sales@genesissteel.co.za","https://genesissteel.co.za/","","","https://maps.google.com/?hl=en_US&cid=0x0:0x17c82bc8315c8e7",""
"business","Corporate office","Security Seal Services CC","169 Witpoortjie Rd, Denneoord, Brakpan, 1549","Brakpan","Gauteng","","South Africa"," 0824730288","securiss@netactive.co.za","http://www.securitysealservices.com/contact_us/contact_us.asp","","","https://maps.google.com/?hl=en_US&cid=0x0:0x772707892ac822d1",""
"business","","Bizexpo Business Brokers","19 Lotus Ave, Kenleaf, Brakpan, 1544","Brakpan","Gauteng","","South Africa"," 0732534494","","","","","https://maps.google.com/?hl=en_US&cid=0x0:0xff8a2cbf36d131f",""
"business","Stationery store","QTKT Stationery","Unit 4 Unit 4, QTKT Stationers, 61 Van Der Walt Rd, Dalview, Brakpan, 1541","Brakpan","Gauteng","","South Africa"," 0645051078","orders@qtktstationers.co.za","http://qtktstationers.co.za/","","","https://maps.google.com/?hl=en_US&cid=0x0:0x92ef1df57cae69e1",""
"business","Civil engineering company","Hin-Tech Manufacturing","NO 2 Newton St, Labore, Brakpan, 1546","Brakpan","Gauteng","","South Africa","","info@hintech.co.za","http://www.hintech.co.za/","","","https://maps.google.com/?hl=en_US&cid=0x0:0x3d729b37139933e8",""
"business","Manufacturer","TOWERCO","10 Milne St, Vulcania, Brakpan, 1541","Brakpan","Gauteng","","South Africa"," 0113067000","","http://www.towerco.co.za/","","","https://maps.google.com/?hl=en_US&cid=0x0:0x89a95e518b129123",""
"business","Business management consultant","Affective Reflexions","Ext 3, 51 Sudwala Ave, Leachville, Brakpan, 1541","Brakpan","Gauteng","","South Africa"," 0713062805","","","","","https://maps.google.com/?hl=en_US&cid=0x0:0x5761beeb7f7d2166",""
"business","Business to business service","MBG","5 Torchwood St, Brakpan, 1541","Brakpan","Gauteng","","South Africa"," 0656995209","","","","","https://maps.google.com/?hl=en_US&cid=0x0:0x4feed1e56ccb8e20",""
"business","Business park","Carnival Junction Business Park","15 Beechwood St, Larrendale, Brakpan, 1541","Brakpan","Gauteng","","South Africa","","","","","","https://maps.google.com/?hl=en_US&cid=0x0:0xc10ad8ff59eb1da1",""
"business","Accounting firm","Anicro Business Solutions","71 Escombe St, Brakpan, 1451","Brakpan","Gauteng","","South Africa"," 0727604157","","","","","https://maps.google.com/?hl=en_US&cid=0x0:0x360a16fef5d18050",""
"business","Industrial equipment supplier","Brakpan Business Machines cc","543 Prince George Ave, Brakpan, 1540","Brakpan","Gauteng","","South Africa"," 0117402310","","","","","https://maps.google.com/?hl=en_US&cid=0x0:0xa12da6f1295d2937",""
"business","Corporate office","Greater Brakpan Chamber of Commerce and Industry","Business Park, 5572 Hlakwana St, Tsakane, Brakpan, 1548","Brakpan","Gauteng","","South Africa"," 0839635081","","","","","https://maps.google.com/?hl=en_US&cid=0x0:0x2ed084a059d2fc12",""
"business","Design agency","Trojan Prince Business Solutions","Unit 17 Viking Rd, Dalpark Etx 1, Brakpan, 1541","Brakpan","Gauteng","","South Africa"," 0845461167","","","","","https://maps.google.com/?hl=en_US&cid=0x0:0x8a0f31454e331540",""
"business","Business center","B R G Engineering  Supplies C C","46 Boundary St, Brakpan, 1540","Brakpan","Gauteng","","South Africa"," 0117402112","","","","","https://maps.google.com/?hl=en_US&cid=0x0:0x9da76da92c7713da",""
"business","Bus stop","Brakpan Bus Co (Pty) Ltd","Denne Rd, Vulcania, Brakpan, 1541","Brakpan","Gauteng","","South Africa"," 0119997899","","","","","https://maps.google.com/?hl=en_US&cid=0x0:0xac983249f67884dd",""
"business","Environmental consultant","Business Consultant","Tsakane, Brakpan, 1548","Brakpan","Gauteng","","South Africa"," 0735302426","","","","","https://maps.google.com/?hl=en_US&cid=0x0:0x16d98e51af5da070",""
"business","business","N/A","","","Gauteng","","South Africa"," 0826551201","","","","","https://maps.google.com/?hl=en_US&cid=0x0:0x841141910d562c98",""
"business","Multimedia and electronic book publisher","Brakpan Herald","25 Hendrik Potgieter Rd, Dalview, Brakpan, 1541","Brakpan","Gauteng","","South Africa"," 0823518662","","","","","https://maps.google.com/?hl=en_US&cid=0x0:0x397645cf0c559660",""
"business","","Mpact Corrugated Brakpan","Mpact Corrugated, Vulcania, Brakpan, 1540","Brakpan","Gauteng","","South Africa"," 0118127400","info@mpact.co.za","http://www.mpact.co.za/","","","https://maps.google.com/?hl=en_US&cid=0x0:0x63f5655f4d33049e",""
"business","Business management consultant","at reception","Industrial, 82 Apex Rd, East, Benoni, 1540","Benoni","Gauteng","","South Africa"," 0105008611","","","","","https://maps.google.com/?hl=en_US&cid=0x0:0x4d1e2ceb917759b4",""
"business","Store","BBNS HOLDINGS (PTY) LTD","143 Wenden St, Brakpan, 1541","Brakpan","Gauteng","","South Africa"," 0117401006","","","","","https://maps.google.com/?hl=en_US&cid=0x0:0xb6d0903b3287e650",""
"business","business","1553","Leachville, Brakpan","Brakpan","Gauteng","","South Africa","","","","","","https://maps.google.com/?hl=en_US&cid=0x0:0x9ef7d4d97ce4d21f",""
"business","Marketing agency","Proudly Ekurhuleni","1, 72 Bobstay Rd, Dalpark, Brakpan, 1541","Brakpan","Gauteng","","South Africa"," 0847561817","","","","","https://maps.google.com/?hl=en_US&cid=0x0:0xdb9cc4858cee3cb8",""
"business","Beauty salon","Brumars Business Empire","40570 Madiba St, Tsakane, Brakpan, 1550","Madiba St","Gauteng","40570","South Africa"," 0603939090","","","","","https://maps.google.com/?hl=en_US&cid=0x0:0x550528262c0cfe5f",""
"business","Construction company","Fundamental G","20 Wildevy St, Dalpark, Brakpan, 1541","Brakpan","Gauteng","","South Africa"," 0604298179","","","","","https://maps.google.com/?hl=en_US&cid=0x0:0x8fad6037153ea0ea",""
"business","Tool manufacturer","Manhattan Corporation","1 Hospital Rd, Brakpan North, Johannesburg, 1541","Johannesburg","Gauteng","","South Africa"," 0117488800","info@manhattancorp.com","https://www.manhattancorp.com/","","","https://maps.google.com/?hl=en_US&cid=0x0:0x8fd71d1cde16e03b",""
"business","Car repair and maintenance service","Car Service Carnival Auto","Rangeview Rd, Dalpark, Brakpan, 1541","Brakpan","Gauteng","","South Africa"," 0118973204","","https://boschcar.co.za/","","","https://maps.google.com/?hl=en_US&cid=0x0:0xe18bfa758a4eb86c",""
"business","business","N/A","","","Gauteng","","South Africa"," 0817381643","","","","","https://maps.google.com/?hl=en_US&cid=0x0:0x36e12213e36498c9",""
"business","Business center","PLASMA SYSTEMS - AFRICA","412 Prince George Ave, Brakpan, 1540","Brakpan","Gauteng","","South Africa"," 0117401316","","","","","https://maps.google.com/?hl=en_US&cid=0x0:0x5969e1f2c2371fe3",""
"business","Electronics store","QBEConnect-two way radio supplier -ptt radio - Communications consultant","Unit 15, 15 Beechwood St, Larrendale, Brakpan, 1541","Brakpan","Gauteng","","South Africa"," 0872659130","sales@qbeconnect.co.za","http://qbeconnect.co.za/","","","https://maps.google.com/?hl=en_US&cid=0x0:0x22580218cf11268a",""
"business","Metal fabricator","ROVIDA ENGINEERING","8 Siding road, Vulcania, Brakpan, 1554","Brakpan","Gauteng","","South Africa"," 0117404777","","","","","https://maps.google.com/?hl=en_US&cid=0x0:0x2595adb4025bd807",""
"business","business","N/A","","","Gauteng","","South Africa"," 0833911359","","","","","https://maps.google.com/?hl=en_US&cid=0x0:0x86f2bd2d0deb9786",""
"business","business","N/A","","","Gauteng","","South Africa"," 0114222206","","","","","https://maps.google.com/?hl=en_US&cid=0x0:0x9eda5314fe2ed96d",""
"business","Manufacturer","Designer Moulds","14 Klipspringer Ave, Leachville, Brakpan, 1541","Brakpan","Gauteng","","South Africa"," 0670478108","","","","","https://maps.google.com/?hl=en_US&cid=0x0:0xac4d3726de7eaea1",""
"business","Software company","Simple Business Intelligence","14 Recreation Way, Brakpan, 1541","Brakpan","Gauteng","","South Africa"," 0796107155","","","","","https://maps.google.com/?hl=en_US&cid=0x0:0xcb114c3cb826b63d",""
"business","business","N/A","","","Gauteng","","South Africa"," 0720290531","","","","","https://maps.google.com/?hl=en_US&cid=0x0:0xbd81ad57b293b21c",""
"business","Manufacturer","Kimberly Clark Warehouse","8 12th Rd, Vulcania South, Brakpan, 1554","Brakpan","Gauteng","","South Africa"," 0117379418","","","","","https://maps.google.com/?hl=en_US&cid=0x0:0x26ec3ce9fbd890e1",""
"business","Engineering consultant","USize Engineering","13 Molecule Rd, Vulcania, Brakpan, 1554","Brakpan","Gauteng","","South Africa"," 0837811128","","http://usize.co.za/","","","https://maps.google.com/?hl=en_US&cid=0x0:0xa7df3f0bd8d902d3",""
"business","Construction company","Dedacon trading","18 20th Rd, Denneoord, Brakpan, 1540","Brakpan","Gauteng","","South Africa"," 0839521579","","","","","https://maps.google.com/?hl=en_US&cid=0x0:0x6c69a0a2b870635d",""
"business","Industrial equipment supplier","Brakpan Business Machines cc","543 Prince George Ave, Brakpan, 1540","Brakpan","Gauteng","","South Africa"," 0117402310","","","","","https://maps.google.com/?hl=en_US&cid=0x0:0xa12da6f1295d2937",""
"business","Business management consultant","Futuristic Worx","10 Van der Merwe St, Brenthurst, Brakpan, 1541","Brakpan","Gauteng","","South Africa"," 0110386829","","","","","https://maps.google.com/?hl=en_US&cid=0x0:0x6307134a02017469",""
"business","Manufacturer","Ferro South Africa (Pty) Ltd","10 Atomic St, Vulcania, Brakpan, 1554","Brakpan","Gauteng","","South Africa"," 0117464000","brian@creativestudio.co.za","http://www.ferrosa.co.za/","","","https://maps.google.com/?hl=en_US&cid=0x0:0x18eb8fb3666bfe0f",""
"business","Business park","Carnival Junction Business Park","15 Beechwood St, Larrendale, Brakpan, 1541","Brakpan","Gauteng","","South Africa","","","","","","https://maps.google.com/?hl=en_US&cid=0x0:0xc10ad8ff59eb1da1",""
"business","","HI-CARB SOLUTIONS","2 Atomic St, Vulcania, Brakpan, 1554","Brakpan","Gauteng","","South Africa"," 0117448000","adrian@hicarb.co.za","http://hicarb.co.za/","","","https://maps.google.com/?hl=en_US&cid=0x0:0xb2942f4311b1219e",""
"business","Business management consultant","Rashuma Consulting","No 1, Unit 12 Uranium Rd, Vulcania, Brakpan, 1554","Brakpan","Gauteng","","South Africa"," 0118961248","","","","","https://maps.google.com/?hl=en_US&cid=0x0:0xecfbf986ab13b8c9",""
"business","Logistics service","TAG-Link Pty (LTD)","01 Uranium Rd, Vulcania, Brakpan, 1541","Brakpan","Gauteng","","South Africa"," 0735218752","","","","","https://maps.google.com/?hl=en_US&cid=0x0:0xe932e32a9af08aa8",""
"business","Business center","PLASMA SYSTEMS - AFRICA","412 Prince George Ave, Brakpan, 1540","Brakpan","Gauteng","","South Africa"," 0117401316","","","","","https://maps.google.com/?hl=en_US&cid=0x0:0x5969e1f2c2371fe3",""
"business","","Mpact Corrugated Brakpan","Mpact Corrugated, Vulcania, Brakpan, 1540","Brakpan","Gauteng","","South Africa"," 0118127400","info@mpact.co.za","http://www.mpact.co.za/","","","https://maps.google.com/?hl=en_US&cid=0x0:0x63f5655f4d33049e",""
"business","Business to business service","MBG","5 Torchwood St, Brakpan, 1541","Brakpan","Gauteng","","South Africa"," 0656995209","","","","","https://maps.google.com/?hl=en_US&cid=0x0:0x4feed1e56ccb8e20",""
"business","Legal services","J Lombard Attorneys","8 Millicent St, Brenthurst, Brakpan, 1541","Brakpan","Gauteng","","South Africa"," 0100210457","info@jl-attorneys.co.za","http://www.jl-attorneys.co.za/","","","https://maps.google.com/?hl=en_US&cid=0x0:0x47ba76ac78630ab7",""
"business","Tool manufacturer","Manhattan Corporation","1 Hospital Rd, Brakpan North, Johannesburg, 1541","Johannesburg","Gauteng","","South Africa"," 0117488800","info@manhattancorp.com","https://www.manhattancorp.com/","","","https://maps.google.com/?hl=en_US&cid=0x0:0x8fd71d1cde16e03b",""
"business","Environmental consultant","Business Consultant","Tsakane, Brakpan, 1548","Brakpan","Gauteng","","South Africa"," 0735302426","","","","","https://maps.google.com/?hl=en_US&cid=0x0:0x16d98e51af5da070",""
"business","Computer store","Resnet Technologies","Molecule Rd, Vulcania, Brakpan, 1541","Brakpan","Gauteng","","South Africa"," 0118133215","","","","","https://maps.google.com/?hl=en_US&cid=0x0:0xcc29a7a1c034629a",""
"business","Corporate office","Greater Brakpan Chamber of Commerce and Industry","Business Park, 5572 Hlakwana St, Tsakane, Brakpan, 1548","Brakpan","Gauteng","","South Africa"," 0839635081","","","","","https://maps.google.com/?hl=en_US&cid=0x0:0x2ed084a059d2fc12",""
"business","business","1554","Brakpan","Brakpan","Gauteng","","South Africa","","","","","","https://maps.google.com/?hl=en_US&cid=0x0:0xf62b460c1c12bd23",""
"business","Manufacturer","Lephoto Steel Fabrication (Pty) Ltd trading as Codee Engineering  Conveyors cc","Shop 3, Vulcania Industrial Park, 1 Uranium Rd, Vulcania, Brakpan, 1554","Brakpan","Gauteng","","South Africa","","","","","","https://maps.google.com/?hl=en_US&cid=0x0:0xd668c69739c91675",""
"business","Tile store","Ezee Tile Adhesive Manufacturers (Pty) Ltd","97 Uranium Rd, Vulcania, Brakpan, 1554","Brakpan","Gauteng","","South Africa"," 0118720627","","https://ezeetile.co.za/","","","https://maps.google.com/?hl=en_US&cid=0x0:0x2807d35628b0c9ae",""
"business","Advertising agency","PFA Advertising /Bison Sport","3 De Kock St, Vulcania, Brakpan, 1554","Brakpan","Gauteng","","South Africa"," 0119156552","sales@pfabison.co.za","http://pfaadvertising.co.za/","","","https://maps.google.com/?hl=en_US&cid=0x0:0x7b9f9a7d27fb7754",""
"business","Steel fabricator","Bhubezi Fabrication","73 First Rd, Vulcania, Brakpan, 1554","Brakpan","Gauteng","","South Africa","","","","","","https://maps.google.com/?hl=en_US&cid=0x0:0xa5d7d5378ca65b10",""
"business","business","N/A","","","Gauteng","","South Africa"," 0674015223","","","","","https://maps.google.com/?hl=en_US&cid=0x0:0x340f163f329f0396",""
"business","Crane service","SKY PTY LTD (SKY RIGGING)","86 Lemmer Rd, Vulcania, Brakpan, 1554","Brakpan","Gauteng","","South Africa"," 0645456115","","http://www.skyrigging.co.za/","","","https://maps.google.com/?hl=en_US&cid=0x0:0xde67ee4441b892b5",""
"business","Metal fabricator","GfE-MIR Alloys and Minerals SA Pty Ltd","2 Atomic St, Vulcania, Brakpan, 1554","Brakpan","Gauteng","","South Africa"," 0117401034","info@heneken.com","https://www.heneken.com/en/heneken-alloys-minerals-sa/","","","https://maps.google.com/?hl=en_US&cid=0x0:0x5bbd6310c5f5627d",""
"business","Railroad contractor","Aveng Infraset Brakpan","77 Lemmer Rd, Vulcania, Brakpan, 1541","Brakpan","Gauteng","","South Africa"," 0118132340","","http://www.infraset.com/","","","https://maps.google.com/?hl=en_US&cid=0x0:0x17b512d6d1225bbc",""
"business","Steel fabricator","Bhubezi Projects Work Shop 1","4 Molecule Rd, Vulcania, Brakpan, 1554","Brakpan","Gauteng","","South Africa"," 0118923107","","","","","https://maps.google.com/?hl=en_US&cid=0x0:0x3f28d40e1122ac2a",""
"business","Marketing agency","Fascination Media","117 Caroline St, Brixton, Johannesburg, 2092","Johannesburg","Gauteng","","South Africa"," 0118301844","","","","","https://maps.google.com/?hl=en_US&cid=0x0:0xb2dd7eb25cb4f3f2",""
"business","Business management consultant","Cogniplex (Pty) Ltd","48 Hampton Ave Rossmore, Auckland Park, Johannesburg, 2092","Johannesburg","Gauteng","","South Africa"," 0118391536","","http://cogniplex.co.za/","","","https://maps.google.com/?hl=en_US&cid=0x0:0x15005beb0e3193e2",""
"business","Community center","Brixton Multipurpose Centre","78 Foyle Ave, Mayfair West, Johannesburg, 2092","Johannesburg","Gauteng","","South Africa","","","","","","https://maps.google.com/?hl=en_US&cid=0x0:0x75ef791ab6c70648",""
"business","business","Brixton","Johannesburg, 2019","Johannesburg","Gauteng","","South Africa","","","","","","https://maps.google.com/?hl=en_US&cid=0x0:0xa7d31b8c71f05324",""
"business","business","N/A","","","Gauteng","","South Africa"," 0834554182","","","","","https://maps.google.com/?hl=en_US&cid=0x0:0x1b06936136ff9a6a",""
"business","Business school","REGENT Business School - Johannesburg","13 Frost Ave, Sunnyside, Johannesburg, 2092","Johannesburg","Gauteng","","South Africa"," 0114821404","","","","","https://maps.google.com/?hl=en_US&cid=0x0:0x5765e447e8dd4de",""
"business","Business management consultant","BSG","Oxford Glenhove Precinct, 110 Oxford Rd Houghton Estate, Rosebank, Johannesburg, 2198","Johannesburg","Gauteng","","South Africa"," 0112156666","","http://www.bsg.co.za/","","","https://maps.google.com/?hl=en_US&cid=0x0:0xa46c2cb71123c14e",""
"business","Business management consultant","Commerce Cillutions","128 Caroline St, Brixton, Johannesburg, 2092","Johannesburg","Gauteng","","South Africa"," 0118375654","","","","","https://maps.google.com/?hl=en_US&cid=0x0:0x3d509da959e7ff4e",""
"business","Business management consultant","The Sales Enablement Company","28 Sturdee Ave, Rosebank, Johannesburg, 2196","Johannesburg","Gauteng","","South Africa"," 0103351182","success@theenablement.com","http://www.theenablement.com/","","","https://maps.google.com/?hl=en_US&cid=0x0:0x50020f3be991042a",""
"business","City courthouse","Brixton Magistrate's Court","Cnr High , Mercury St, Brixton, Randburg, 2092","Randburg","Gauteng","","South Africa"," 0118392768","","https://www.justice.gov.za/contact/lowercourts_full.html","","","https://maps.google.com/?hl=en_US&cid=0x0:0xa2b17c4d875478be",""
"business","Manufacturer","CAVI Brands","Oakhurst Building, 11-13 Saint Andrew Road, Parktown, Johannesburg, 2193","Johannesburg","Gauteng","","South Africa"," 0113414900","","","","","https://maps.google.com/?hl=en_US&cid=0x0:0xac7fc06ddb17cdc9",""
"business","Business management consultant","Business Takers","211 Management house, 38 Melle St, Braamfontein, Johannesburg, 2017","Johannesburg","Gauteng","","South Africa"," 0113391458","info@businesstakers.com","https://www.businesstakers.com/","","","https://maps.google.com/?hl=en_US&cid=0x0:0xf768a0b253b8746a",""
"business","business","N/A","","","Gauteng","","South Africa"," 0823330008","","","","","https://maps.google.com/?hl=en_US&cid=0x0:0xc1c7d0bdc4c5ba5b",""
"business","Courier service","PostNet Brixton","Shop 56, Protea Shopping Centre, 80 High St, Brixton, Johannesburg, 2092","Johannesburg","Gauteng","","South Africa"," 0114828802","brixton@postnet.co.za","http://brixton.postnet.co.za/","","","https://maps.google.com/?hl=en_US&cid=0x0:0xe564fa840ea8244f",""
"business","Wheel store","ODZ Wheel And Tyre Brixton","101 High St, Brixton, Johannesburg, 2092","Johannesburg","Gauteng","","South Africa"," 0118300213","","https://www.odzwheelandtyre.co.za/","","","https://maps.google.com/?hl=en_US&cid=0x0:0x31aed9200a05206e",""
"business","Consultant","Khulisa Management Services","26 7th Ave, Parktown North, Randburg, 2193","Randburg","Gauteng","","South Africa"," 0114476464","Info@Khulisa.com","http://www.khulisa.com/","","","https://maps.google.com/?hl=en_US&cid=0x0:0x5987e7c1e2533a7b",""
"business","Business school","Johannesburg Business School","69 Kingsway Ave, Auckland Park, Johannesburg, 2092","Johannesburg","Gauteng","","South Africa"," 0115597570","ExecEd@jbs.ac.za","https://jbs.ac.za/","","","https://maps.google.com/?hl=en_US&cid=0x0:0xe10c2afa14a18834",""
"business","Consultant","BEESA Group Offices","Unit 2, 5 Sherborne Rd, Parktown, Johannesburg, 2193","Johannesburg","Gauteng","","South Africa"," 0117263052","poovan@beesa.co.za","http://www.beesa.co.za/","","","https://maps.google.com/?hl=en_US&cid=0x0:0x6eaaab378e3054f6",""
"business","Arts organization","BUSINESS AND ARTS SOUTH AFRICA","38 4th Ave, Melville, Johannesburg, 2109","Johannesburg","Gauteng","","South Africa"," 0114472295","info@basa.co.za","http://www.basa.co.za/","","","https://maps.google.com/?hl=en_US&cid=0x0:0x2170054c6f175ef5",""
"business","business","N/A","","","Gauteng","","South Africa"," 0740286750","Emailinfo@promptsol.co.za","http://www.promptsol.co.za/","","","https://maps.google.com/?hl=en_US&cid=0x0:0x4eaad48379e366fb",""
"business","Chamber of Commerce","Chamber of Commerce and Industry","Braamfontein Werf, Johannesburg, 2092","Johannesburg","Gauteng","","South Africa"," 0117265300","denise@jcci.co.za","http://www.jcci.co.za/","","","https://maps.google.com/?hl=en_US&cid=0x0:0x7242f42ac515e050",""
"business","Business management consultant","Mut-Con (Pty) Ltd","222 Smit St, Braamfontein, Johannesburg, 2017","Johannesburg","Gauteng","","South Africa"," 0797877136","admin@mut-con.co.za","https://mut-con.co.za/","","","https://maps.google.com/?hl=en_US&cid=0x0:0x8adaa039bef8d2b9",""
"business","Tax consultant","DUNN-SWART TAX PRACTITIONERS","98 Collins St, Brixton, Johannesburg, 2092","Johannesburg","Gauteng","","South Africa"," 0879451462","","","","","https://maps.google.com/?hl=en_US&cid=0x0:0x3596b1215e3cb73",""
"business","business","Ackermans Brixton Jhb","Shop 59, Protea Centre, Fortuna St, Brixton, Johannesburg, 2092","Johannesburg","Gauteng","","South Africa"," 0118376042","","","","","https://maps.google.com/?hl=en_US&cid=0x0:0x5b9d316fe4fca797",""
"business","Corporate gift supplier","UPS Marketing","1 Eloff St, Salisbury Claims, Johannesburg, 2001","Johannesburg","Gauteng","","South Africa"," 0642409386","webmaster@upsmarketing.co.za","http://upsmarketing.co.za/","","","https://maps.google.com/?hl=en_US&cid=0x0:0x72e20a0e106b37ae",""
"business","Business management consultant","Sizasana Business Services (Pty) Ltd.","222 Smit St, Braamfontein, Johannesburg, 2001","Johannesburg","Gauteng","","South Africa","","info@sizasana.co.za","http://sizasana.co.za/","","","https://maps.google.com/?hl=en_US&cid=0x0:0xf09ba97f97a5a3e8",""
"business","Financial planner","Jeffcott Financial Services","35 Symons Rd, Auckland Park, Johannesburg, 2006","Johannesburg","Gauteng","","South Africa"," 0101420201","info@jeffcott.co.za","https://jeffcott.co.za/","","","https://maps.google.com/?hl=en_US&cid=0x0:0xaf51de742d35771b",""
"business","Software company","THE SUPPLY CHAIN LAB","23 Wellington Rd, Parktown, Johannesburg, 2193","Johannesburg","Gauteng","","South Africa","","","","","","https://maps.google.com/?hl=en_US&cid=0x0:0x8b07c3e9b8b847ae",""
"business","Training centre","Lanham-Love Consulting","7 Northwold Dr, Johannesburg, 2132","Johannesburg","Gauteng","","South Africa"," 0112686565","info@lanham-love.co","https://www.lanham-love.co/","","","https://maps.google.com/?hl=en_US&cid=0x0:0xf9852e86be60019a",""
"business","Accountant","WONDERBOY CONSULTANTS CO.","PLOT 1 Lanham St, BRONKHORSTSPRUIT, Bronkhorstspruit, 1020","Bronkhorstspruit","Gauteng","","South Africa"," 0769374994","","","","","https://maps.google.com/?hl=en_US&cid=0x0:0xbf1ad3a69d5e7ad9",""
"business","Business development service","Netshipise business solutions (Pty)Ltd","Ti-Tsang-Wang Cres, Erasmus, Bronkhorstspruit, 1020","Bronkhorstspruit","Gauteng","","South Africa"," 0721952424","info@netshipise.co.za","http://www.netshipise.co.za/","","","https://maps.google.com/?hl=en_US&cid=0x0:0x73ac16eef851b001",""
"business","Non-profit organization","GBBC SA","Cnr Nan-Nua and, R25, Culturapark, Bronkhorstspruit, 1020","Bronkhorstspruit","Gauteng","","South Africa"," 0814471543","","","","","https://maps.google.com/?hl=en_US&cid=0x0:0xb869bce7e29eb77a",""
"business","Business management consultant","Desire2Win Consulting Services","35 Church St, Erasmus, Bronkhorstspruit, 1020","Bronkhorstspruit","Gauteng","","South Africa"," 0636207366","admin@desire2win.co.za","http://www.desire2win.co.za/","","","https://maps.google.com/?hl=en_US&cid=0x0:0x4875afb7a4b3decf",""
"business","Business management consultant","Vitrovian","Shop 6, 37 Church St, Erasmus, Bronkhorstspruit, 1020","Bronkhorstspruit","Gauteng","","South Africa"," 0136971871","info@vitrovian.co.za","http://vitrovian.co.za/","","","https://maps.google.com/?hl=en_US&cid=0x0:0x3f8ba41f76ec9b15",""
"business","Consultant","TOP PERFORMERS FOR AFRICA","Market St, Erasmus, Bronkhorstspruit, 1020","Bronkhorstspruit","Gauteng","","South Africa"," 0139351893","info@topperformers.co.za","http://www.topperformers.co.za/","","","https://maps.google.com/?hl=en_US&cid=0x0:0xaca79fe76bba1237",""
"business","Certified public accountant","Equity Point Solutions","27 Church St, Erasmus, Bronkhorstspruit, 1020","Bronkhorstspruit","Gauteng","","South Africa"," 0659942669","","","","","https://maps.google.com/?hl=en_US&cid=0x0:0xdfc0d351044d494a",""
"business","Agricultural product wholesaler","Lethabo Trading","16 Nooidach St, Erasmus, Bronkhorstspruit, 1020","Bronkhorstspruit","Gauteng","","South Africa"," 0673056893","info@lethabotrading.co.za","https://lethabotrading.co.za/","","","https://maps.google.com/?hl=en_US&cid=0x0:0x6f4d9296abe49e7a",""
"business","Business management consultant","Mtshezi Obomvu","Mvakali  Company, 43 Lanham St, Erasmus, Bronkhorstspruit, 1020","Bronkhorstspruit","Gauteng","","South Africa"," 0736098515","","","","","https://maps.google.com/?hl=en_US&cid=0x0:0x8e6f2c6222ba0cd6",""
"business","Engineering consultant","Carab Technologies (Pty) Ltd.","33 Market St, Erasmus, Bronkhorstspruit, 1020","Bronkhorstspruit","Gauteng","","South Africa"," 0139325449","","","","","https://maps.google.com/?hl=en_US&cid=0x0:0xbb5160b5ef743477",""
"business","Business management consultant","ABCM Accounting  Consultation","AE, 40 Lanham St, Erasmus, Bronkhorstspruit, 1020","Bronkhorstspruit","Gauteng","","South Africa"," 0139320051","","","","","https://maps.google.com/?hl=en_US&cid=0x0:0xa5b935a7599a1a57",""
"business","Marketing agency","Novus Initiis Consulting","18 Renoster St, Bronkhorstspruit, 1020","Bronkhorstspruit","Gauteng","","South Africa"," 0824653288","","","","","https://maps.google.com/?hl=en_US&cid=0x0:0x4bf72640eb69c871",""
"business","Legal services","KETLABABALLAMASHELE","45 Sonneblom Rd, Riamarpark, Bronkhorstspruit, 1020","Bronkhorstspruit","Gauteng","","South Africa"," 0139320799","","","","","https://maps.google.com/?hl=en_US&cid=0x0:0xb442fe28e17ffc69",""
"business","Accountant","MYTCON Business Consulting","82 Botha St, Bronkhorstspruit, 1020","Bronkhorstspruit","Gauteng","","South Africa"," 0139322541","","","","","https://maps.google.com/?hl=en_US&cid=0x0:0x6c8e137a59683e24",""
"business","Engineering consultant","Cividraft","53 Kruger St, Erasmus, Bronkhorstspruit, 1020","Bronkhorstspruit","Gauteng","","South Africa"," 0139322131","admin@cividraft.co.za","http://www.cividraft.co.za/","","","https://maps.google.com/?hl=en_US&cid=0x0:0x30603fc069f598b5",""
"business","Electronic engineering service","Greenoxe Pty Limited","Extg Lecture Theatre, Jakhalsfontein, Bronkhorstspruit, 2000","Bronkhorstspruit","Gauteng","","South Africa"," 0727715279","","","","","https://maps.google.com/?hl=en_US&cid=0x0:0xf351ff53ed098aba",""
"business","Law firm","Bronkhorstspruit Law Chambers","55 Kruger St, Erasmus, Bronkhorstspruit, 1020","Bronkhorstspruit","Gauteng","","South Africa"," 0139325060","","","","","https://maps.google.com/?hl=en_US&cid=0x0:0x29bccd029e7ce466",""
"business","business","N/A","","","Gauteng","","South Africa"," 0835165065","","","","","https://maps.google.com/?hl=en_US&cid=0x0:0x7915278bb00e99d3",""
"business","Business management consultant","Malmash Investments","55 Kruger St, Erasmus, Bronkhorstspruit, 1020","Bronkhorstspruit","Gauteng","","South Africa"," 0139325060","","","","","https://maps.google.com/?hl=en_US&cid=0x0:0xcab87193f783f900",""
"business","business","Gauteng","","","Gauteng","","South Africa","","","","","","https://maps.google.com/?hl=en_US&cid=0x0:0x6d9ee7c7cb5438e2",""
"business","Auto body shop","Autorobix","53 Rooth Street, Erasmus, Bronkhorstspruit, 1020","Bronkhorstspruit","Gauteng","","South Africa"," 0820842724","","","","","https://maps.google.com/?hl=en_US&cid=0x0:0xf19205d309e9db1a",""
"business","Hardware store","Bismillah Steel Products CC","5, No: 5 Charl Cillier St, Erasmus, Bronkhorstspruit, 1020","Bronkhorstspruit","Gauteng","","South Africa"," 0139320532","","","","","https://maps.google.com/?hl=en_US&cid=0x0:0x8157919acd5afb1b",""
"business","Hardware store","Discount Build Bronkhorstspruit","Lanham St, Erasmus, Bronkhorstspruit, 1020","Bronkhorstspruit","Gauteng","","South Africa"," 0139323871","support@brabys.co.za","https://www.brabys.com/za/gauteng/bronkhorstspruit/distribution/melsins-supplies","","","https://maps.google.com/?hl=en_US&cid=0x0:0x42415e491531444a",""
"business","Plastic fabrication company","Hammerle Plastics cc","25 Industrial Cresent, Erasmus, Bronkhorstspruit, 1020","Bronkhorstspruit","Gauteng","","South Africa"," 0139351012","","http://www.hammerle.co.za/","","","https://maps.google.com/?hl=en_US&cid=0x0:0x56e123ea2ce9fbb6",""
"business","Contractor","Mansae","1968 Kuang Yin Cres, Culturapark, Bronkhorstspruit, 1020","Bronkhorstspruit","Gauteng","","South Africa"," 0681710440","8c4075d5481d476e945486754f783364@sentry.io","http://www.mansae.co.za/","","","https://maps.google.com/?hl=en_US&cid=0x0:0x3cc0f392fec302a2",""
"business","Paint store","Pro-Paint Manufacturing (Pty) Ltd","4 Nywerheid Cres, Erasmus, Bronkhorstspruit, 1020","Bronkhorstspruit","Gauteng","","South Africa"," 0139320020","sales@propaint.co.za","http://industrial-paint.co.za/","","","https://maps.google.com/?hl=en_US&cid=0x0:0x9a2f6c357e792650",""
"business","Grocery store","Olympic Cash Traders CC","27 Nywerheid Cres, Erasmus, Bronkhorstspruit, 1020","Bronkhorstspruit","Gauteng","","South Africa"," 0139322524","","","","","https://maps.google.com/?hl=en_US&cid=0x0:0x864be506fb14170a",""
"business","Food processing company","RSP Processing(Pty) Ltd","Farm Hondsrivie, Portion 202, Bronkhorstspruit, 1020","Bronkhorstspruit","Gauteng","","South Africa"," 0129430150","info@rsp.co.za","https://rsp.co.za/","","","https://maps.google.com/?hl=en_US&cid=0x0:0x3be9bc70140e3bff",""
"business","Manufacturer","Southern Services (Pty) Ltd","66 Lanham St, Erasmus, Bronkhorstspruit, 1020","Bronkhorstspruit","Gauteng","","South Africa"," 0139324281","","http://www.southernservices.co.za/","","","https://maps.google.com/?hl=en_US&cid=0x0:0xe679c04aa624c417",""
"business","Bookkeeping service","Skhulu Business Solutions","174 Section B, Sokhulumi, Bronkhorstspruit, 1021","Bronkhorstspruit","Gauteng","","South Africa"," 0790982883","","","","","https://maps.google.com/?hl=en_US&cid=0x0:0xde4aaea5318f3160",""
"business","Business management consultant","Mtshezi Obomvu","Mvakali  Company, 43 Lanham St, Erasmus, Bronkhorstspruit, 1020","Bronkhorstspruit","Gauteng","","South Africa"," 0736098515","","","","","https://maps.google.com/?hl=en_US&cid=0x0:0x8e6f2c6222ba0cd6",""
"business","Accountant","WONDERBOY CONSULTANTS CO.","PLOT 1 Lanham St, BRONKHORSTSPRUIT, Bronkhorstspruit, 1020","Bronkhorstspruit","Gauteng","","South Africa"," 0769374994","","","","","https://maps.google.com/?hl=en_US&cid=0x0:0xbf1ad3a69d5e7ad9",""
"business","Accountant","MYTCON Business Consulting","82 Botha St, Bronkhorstspruit, 1020","Bronkhorstspruit","Gauteng","","South Africa"," 0139322541","","","","","https://maps.google.com/?hl=en_US&cid=0x0:0x6c8e137a59683e24",""
"business","Legal services","KETLABABALLAMASHELE","45 Sonneblom Rd, Riamarpark, Bronkhorstspruit, 1020","Bronkhorstspruit","Gauteng","","South Africa"," 0139320799","","","","","https://maps.google.com/?hl=en_US&cid=0x0:0xb442fe28e17ffc69",""
"business","Accounting firm","Mvakali  Company","Tshwane Business Place, 43 Lanham St, Erasmus, Bronkhorstspruit, 1020","Bronkhorstspruit","Gauteng","","South Africa","","","","","","https://maps.google.com/?hl=en_US&cid=0x0:0xd18bfb3a45544f31",""
"business","business","N/A","","","Gauteng","","South Africa"," 0835165065","","","","","https://maps.google.com/?hl=en_US&cid=0x0:0x7915278bb00e99d3",""
"business","Consultant","TOP PERFORMERS FOR AFRICA","Market St, Erasmus, Bronkhorstspruit, 1020","Bronkhorstspruit","Gauteng","","South Africa"," 0139351893","info@topperformers.co.za","http://www.topperformers.co.za/","","","https://maps.google.com/?hl=en_US&cid=0x0:0xaca79fe76bba1237",""
"business","Marketing agency","Novus Initiis Consulting","18 Renoster St, Bronkhorstspruit, 1020","Bronkhorstspruit","Gauteng","","South Africa"," 0824653288","","","","","https://maps.google.com/?hl=en_US&cid=0x0:0x4bf72640eb69c871",""
"business","Business management consultant","Desire2Win Consulting Services","35 Church St, Erasmus, Bronkhorstspruit, 1020","Bronkhorstspruit","Gauteng","","South Africa"," 0636207366","admin@desire2win.co.za","http://www.desire2win.co.za/","","","https://maps.google.com/?hl=en_US&cid=0x0:0x4875afb7a4b3decf",""
"business","Electronic engineering service","Greenoxe Pty Limited","Extg Lecture Theatre, Jakhalsfontein, Bronkhorstspruit, 2000","Bronkhorstspruit","Gauteng","","South Africa"," 0727715279","","","","","https://maps.google.com/?hl=en_US&cid=0x0:0xf351ff53ed098aba",""
"business","Certified public accountant","Equity Point Solutions","27 Church St, Erasmus, Bronkhorstspruit, 1020","Bronkhorstspruit","Gauteng","","South Africa"," 0659942669","","","","","https://maps.google.com/?hl=en_US&cid=0x0:0xdfc0d351044d494a",""
"business","business","N/A","","","Gauteng","","South Africa"," 0795061282","","","","","https://maps.google.com/?hl=en_US&cid=0x0:0xbf9cc28a9f6484ba",""
"business","Business management consultant","Vitrovian","Shop 6, 37 Church St, Erasmus, Bronkhorstspruit, 1020","Bronkhorstspruit","Gauteng","","South Africa"," 0136971871","info@vitrovian.co.za","http://vitrovian.co.za/","","","https://maps.google.com/?hl=en_US&cid=0x0:0x3f8ba41f76ec9b15",""
"business","Law firm","Bronkhorstspruit Law Chambers","55 Kruger St, Erasmus, Bronkhorstspruit, 1020","Bronkhorstspruit","Gauteng","","South Africa"," 0139325060","","","","","https://maps.google.com/?hl=en_US&cid=0x0:0x29bccd029e7ce466",""
"business","Law firm","KEELSON  ASSOCIATES","Unit 5D, 56 Kruger Street, Bronkhorstspruit Forum Building, Bronkhorstspruit, 1020","Bronkhorstspruit","Gauteng","","South Africa"," 0129411245","","","","","https://maps.google.com/?hl=en_US&cid=0x0:0x18cc7a737d02fe36",""
"business","Agricultural product wholesaler","Lethabo Trading","16 Nooidach St, Erasmus, Bronkhorstspruit, 1020","Bronkhorstspruit","Gauteng","","South Africa"," 0673056893","info@lethabotrading.co.za","https://lethabotrading.co.za/","","","https://maps.google.com/?hl=en_US&cid=0x0:0x6f4d9296abe49e7a",""
"business","business","Gauteng","","","Gauteng","","South Africa","","","","","","https://maps.google.com/?hl=en_US&cid=0x0:0x6d9ee7c7cb5438e2",""
"business","Business management consultant","Mbono Business Solutions","No. 703, THE OVAL OHE, 39 Loop St, BEREA PARK, Pretoria, 0002","Pretoria","Gauteng","","South Africa"," 0842682977","","","","","https://maps.google.com/?hl=en_US&cid=0x0:0x45c23b60aea2b9e4",""
"business","Business management consultant","ABCM Accounting  Consultation","AE, 40 Lanham St, Erasmus, Bronkhorstspruit, 1020","Bronkhorstspruit","Gauteng","","South Africa"," 0139320051","","","","","https://maps.google.com/?hl=en_US&cid=0x0:0xa5b935a7599a1a57",""
"business","Auto body shop","Autorobix","53 Rooth Street, Erasmus, Bronkhorstspruit, 1020","Bronkhorstspruit","Gauteng","","South Africa"," 0820842724","","","","","https://maps.google.com/?hl=en_US&cid=0x0:0xf19205d309e9db1a",""
"business","Hardware store","Discount Build Bronkhorstspruit","Lanham St, Erasmus, Bronkhorstspruit, 1020","Bronkhorstspruit","Gauteng","","South Africa"," 0139323871","support@brabys.co.za","https://www.brabys.com/za/gauteng/bronkhorstspruit/distribution/melsins-supplies","","","https://maps.google.com/?hl=en_US&cid=0x0:0x42415e491531444a",""
"business","Food processing company","RSP Processing(Pty) Ltd","Farm Hondsrivie, Portion 202, Bronkhorstspruit, 1020","Bronkhorstspruit","Gauteng","","South Africa"," 0129430150","info@rsp.co.za","https://rsp.co.za/","","","https://maps.google.com/?hl=en_US&cid=0x0:0x3be9bc70140e3bff",""
"business","Manufacturer","Southern Services (Pty) Ltd","66 Lanham St, Erasmus, Bronkhorstspruit, 1020","Bronkhorstspruit","Gauteng","","South Africa"," 0139324281","","http://www.southernservices.co.za/","","","https://maps.google.com/?hl=en_US&cid=0x0:0xe679c04aa624c417",""
"business","Paint store","Pro-Paint Manufacturing (Pty) Ltd","4 Nywerheid Cres, Erasmus, Bronkhorstspruit, 1020","Bronkhorstspruit","Gauteng","","South Africa"," 0139320020","sales@propaint.co.za","http://industrial-paint.co.za/","","","https://maps.google.com/?hl=en_US&cid=0x0:0x9a2f6c357e792650",""
"business","Contractor","Mansae","1968 Kuang Yin Cres, Culturapark, Bronkhorstspruit, 1020","Bronkhorstspruit","Gauteng","","South Africa"," 0681710440","8c4075d5481d476e945486754f783364@sentry.io","http://www.mansae.co.za/","","","https://maps.google.com/?hl=en_US&cid=0x0:0x3cc0f392fec302a2",""
"business","Animal feed store","KWD Feeds Bronkhorstspruit","Extension 1, Lanham St, Bronkhorstspruit, 1020","Bronkhorstspruit","Gauteng","","South Africa"," 0826196256","","","","","https://maps.google.com/?hl=en_US&cid=0x0:0x1aece643b69246ec",""
"business","Record company","MGENGAN","ZITHOBENI 3683 EXT 4, Bronkhorstspruit, 1024","Bronkhorstspruit","Gauteng","","South Africa"," 0798717600","","https://mgengan.myportmoni.com/","","","https://maps.google.com/?hl=en_US&cid=0x0:0xbce082d28dd11cdc",""
"business","Post office","PostNet Bronkhorstspruit","Pick 'n Pay Center, Cnr Church , Fiddes St, Bronkhorstspruit, 1020","Bronkhorstspruit","Gauteng","","South Africa"," 0139320932","bronkhorstspruit@postnet.co.za","http://bronkhorstspruit.postnet.co.za/","","","https://maps.google.com/?hl=en_US&cid=0x0:0x5c5a0d97a26dad6b",""
"business","Accounting firm","Mvakali  Company","Tshwane Business Place, 43 Lanham St, Erasmus, Bronkhorstspruit, 1020","Bronkhorstspruit","Gauteng","","South Africa","","","","","","https://maps.google.com/?hl=en_US&cid=0x0:0xd18bfb3a45544f31",""
"business","Business development service","Netshipise business solutions (Pty)Ltd","Ti-Tsang-Wang Cres, Erasmus, Bronkhorstspruit, 1020","Bronkhorstspruit","Gauteng","","South Africa"," 0721952424","info@netshipise.co.za","http://www.netshipise.co.za/","","","https://maps.google.com/?hl=en_US&cid=0x0:0x73ac16eef851b001",""
"business","Accountant","WONDERBOY CONSULTANTS CO.","PLOT 1 Lanham St, BRONKHORSTSPRUIT, Bronkhorstspruit, 1020","Bronkhorstspruit","Gauteng","","South Africa"," 0769374994","","","","","https://maps.google.com/?hl=en_US&cid=0x0:0xbf1ad3a69d5e7ad9",""
"business","Agricultural product wholesaler","Lethabo Trading","16 Nooidach St, Erasmus, Bronkhorstspruit, 1020","Bronkhorstspruit","Gauteng","","South Africa"," 0673056893","info@lethabotrading.co.za","https://lethabotrading.co.za/","","","https://maps.google.com/?hl=en_US&cid=0x0:0x6f4d9296abe49e7a",""
"business","Business management consultant","Desire2Win Consulting Services","35 Church St, Erasmus, Bronkhorstspruit, 1020","Bronkhorstspruit","Gauteng","","South Africa"," 0636207366","admin@desire2win.co.za","http://www.desire2win.co.za/","","","https://maps.google.com/?hl=en_US&cid=0x0:0x4875afb7a4b3decf",""
"business","Business management consultant","Vitrovian","Shop 6, 37 Church St, Erasmus, Bronkhorstspruit, 1020","Bronkhorstspruit","Gauteng","","South Africa"," 0136971871","info@vitrovian.co.za","http://vitrovian.co.za/","","","https://maps.google.com/?hl=en_US&cid=0x0:0x3f8ba41f76ec9b15",""
"business","Business management consultant","Mtshezi Obomvu","Mvakali  Company, 43 Lanham St, Erasmus, Bronkhorstspruit, 1020","Bronkhorstspruit","Gauteng","","South Africa"," 0736098515","","","","","https://maps.google.com/?hl=en_US&cid=0x0:0x8e6f2c6222ba0cd6",""
"business","Bookkeeping service","Skhulu Business Solutions","174 Section B, Sokhulumi, Bronkhorstspruit, 1021","Bronkhorstspruit","Gauteng","","South Africa"," 0790982883","","","","","https://maps.google.com/?hl=en_US&cid=0x0:0xde4aaea5318f3160",""
"business","Legal services","KETLABABALLAMASHELE","45 Sonneblom Rd, Riamarpark, Bronkhorstspruit, 1020","Bronkhorstspruit","Gauteng","","South Africa"," 0139320799","","","","","https://maps.google.com/?hl=en_US&cid=0x0:0xb442fe28e17ffc69",""
"business","Engineering consultant","Cividraft","53 Kruger St, Erasmus, Bronkhorstspruit, 1020","Bronkhorstspruit","Gauteng","","South Africa"," 0139322131","admin@cividraft.co.za","http://www.cividraft.co.za/","","","https://maps.google.com/?hl=en_US&cid=0x0:0x30603fc069f598b5",""
"business","Consultant","TOP PERFORMERS FOR AFRICA","Market St, Erasmus, Bronkhorstspruit, 1020","Bronkhorstspruit","Gauteng","","South Africa"," 0139351893","info@topperformers.co.za","http://www.topperformers.co.za/","","","https://maps.google.com/?hl=en_US&cid=0x0:0xaca79fe76bba1237",""
"business","Marketing agency","Novus Initiis Consulting","18 Renoster St, Bronkhorstspruit, 1020","Bronkhorstspruit","Gauteng","","South Africa"," 0824653288","","","","","https://maps.google.com/?hl=en_US&cid=0x0:0x4bf72640eb69c871",""
"business","Law firm","KEELSON  ASSOCIATES","Unit 5D, 56 Kruger Street, Bronkhorstspruit Forum Building, Bronkhorstspruit, 1020","Bronkhorstspruit","Gauteng","","South Africa"," 0129411245","","","","","https://maps.google.com/?hl=en_US&cid=0x0:0x18cc7a737d02fe36",""
"business","Law firm","Govender Attorneys","46 Kruger St, Erasmus, Bronkhorstspruit, 1020","Bronkhorstspruit","Gauteng","","South Africa"," 0139320118","","","","","https://maps.google.com/?hl=en_US&cid=0x0:0x4c619936723288b",""
"business","Accountant","MYTCON Business Consulting","82 Botha St, Bronkhorstspruit, 1020","Bronkhorstspruit","Gauteng","","South Africa"," 0139322541","","","","","https://maps.google.com/?hl=en_US&cid=0x0:0x6c8e137a59683e24",""
"business","Business management consultant","ABCM Accounting  Consultation","AE, 40 Lanham St, Erasmus, Bronkhorstspruit, 1020","Bronkhorstspruit","Gauteng","","South Africa"," 0139320051","","","","","https://maps.google.com/?hl=en_US&cid=0x0:0xa5b935a7599a1a57",""
"business","Law firm","Mohlolo Mashego Attorneys","Office No:4, A.E. Centre, 40 Lanham St, Erasmus, Bronkhorstspruit, 1020","Bronkhorstspruit","Gauteng","","South Africa"," 0139322891","","","","","https://maps.google.com/?hl=en_US&cid=0x0:0xebf72c25c5da44aa",""
"business","Business management consultant","Claricent Consulting Services Pty Ltd","337 Visagie St, Pretoria Central, Pretoria, 0001","Pretoria","Gauteng","","South Africa"," 0871520938","info@claricent-consulting.co.za","http://www.claricent-consulting.co.za/","","","https://maps.google.com/?hl=en_US&cid=0x0:0xe4d00c7e0d82a55",""
"business","Law firm","Bronkhorstspruit Law Chambers","55 Kruger St, Erasmus, Bronkhorstspruit, 1020","Bronkhorstspruit","Gauteng","","South Africa"," 0139325060","","","","","https://maps.google.com/?hl=en_US&cid=0x0:0x29bccd029e7ce466",""
"business","business","Gauteng","","","Gauteng","","South Africa","","","","","","https://maps.google.com/?hl=en_US&cid=0x0:0x6d9ee7c7cb5438e2",""
"business","Auto body shop","Autorobix","53 Rooth Street, Erasmus, Bronkhorstspruit, 1020","Bronkhorstspruit","Gauteng","","South Africa"," 0820842724","","","","","https://maps.google.com/?hl=en_US&cid=0x0:0xf19205d309e9db1a",""
"business","Wholesaler","Godrich Flour Mills (Pty) Ltd.","Lanham Street Extension, Bronkhorstspruit, 1020","Bronkhorstspruit","Gauteng","","South Africa"," 0139320155","","https://godrichmills.co.za/","","","https://maps.google.com/?hl=en_US&cid=0x0:0x8c2fcf59c672cea2",""
"business","Paint store","Pro-Paint Manufacturing (Pty) Ltd","4 Nywerheid Cres, Erasmus, Bronkhorstspruit, 1020","Bronkhorstspruit","Gauteng","","South Africa"," 0139320020","sales@propaint.co.za","http://industrial-paint.co.za/","","","https://maps.google.com/?hl=en_US&cid=0x0:0x9a2f6c357e792650",""
"business","Hardware store","Discount Build Bronkhorstspruit","Lanham St, Erasmus, Bronkhorstspruit, 1020","Bronkhorstspruit","Gauteng","","South Africa"," 0139323871","support@brabys.co.za","https://www.brabys.com/za/gauteng/bronkhorstspruit/distribution/melsins-supplies","","","https://maps.google.com/?hl=en_US&cid=0x0:0x42415e491531444a",""
"business","Animal feed store","KWD Feeds Bronkhorstspruit","Extension 1, Lanham St, Bronkhorstspruit, 1020","Bronkhorstspruit","Gauteng","","South Africa"," 0826196256","","","","","https://maps.google.com/?hl=en_US&cid=0x0:0x1aece643b69246ec",""
"business","Grocery store","Olympic Cash Traders CC","27 Nywerheid Cres, Erasmus, Bronkhorstspruit, 1020","Bronkhorstspruit","Gauteng","","South Africa"," 0139322524","","","","","https://maps.google.com/?hl=en_US&cid=0x0:0x864be506fb14170a",""
"business","Hardware store","Bismillah Steel Products CC","5, No: 5 Charl Cillier St, Erasmus, Bronkhorstspruit, 1020","Bronkhorstspruit","Gauteng","","South Africa"," 0139320532","","","","","https://maps.google.com/?hl=en_US&cid=0x0:0x8157919acd5afb1b",""
"business","Auto repair shop","Bosch Car Service Bronkhorstspruit","Cnr Ovipro St, Nywerheid Cres, , Bronkhorstspruit, 1020","Bronkhorstspruit","Gauteng","","South Africa"," 0871839686","","","","","https://maps.google.com/?hl=en_US&cid=0x0:0x1acc17f86768ca47",""
"business","Manufacturer","Southern Services (Pty) Ltd","66 Lanham St, Erasmus, Bronkhorstspruit, 1020","Bronkhorstspruit","Gauteng","","South Africa"," 0139324281","","http://www.southernservices.co.za/","","","https://maps.google.com/?hl=en_US&cid=0x0:0xe679c04aa624c417",""
"business","Accounting firm","Mvakali  Company","Tshwane Business Place, 43 Lanham St, Erasmus, Bronkhorstspruit, 1020","Bronkhorstspruit","Gauteng","","South Africa","","","","","","https://maps.google.com/?hl=en_US&cid=0x0:0xd18bfb3a45544f31",""
"business","Business management consultant","LaShinga SHEQ Solutions","Bester Park, 09 Tier St, Bronkhorstspruit, 1020","Bronkhorstspruit","Gauteng","","South Africa"," 0732540474","","","","","https://maps.google.com/?hl=en_US&cid=0x0:0x8d6993f5faa08190",""
"business","Business development service","Netshipise business solutions (Pty)Ltd","Ti-Tsang-Wang Cres, Erasmus, Bronkhorstspruit, 1020","Bronkhorstspruit","Gauteng","","South Africa"," 0721952424","info@netshipise.co.za","http://www.netshipise.co.za/","","","https://maps.google.com/?hl=en_US&cid=0x0:0x73ac16eef851b001",""
"business","business","N/A","","","Gauteng","","South Africa"," 0824053105","","","","","https://maps.google.com/?hl=en_US&cid=0x0:0x5e8e7c40b2a758b2",""
"business","Agricultural product wholesaler","Lethabo Trading","16 Nooidach St, Erasmus, Bronkhorstspruit, 1020","Bronkhorstspruit","Gauteng","","South Africa"," 0673056893","info@lethabotrading.co.za","https://lethabotrading.co.za/","","","https://maps.google.com/?hl=en_US&cid=0x0:0x6f4d9296abe49e7a",""
"business","Certified public accountant","Equity Point Solutions","27 Church St, Erasmus, Bronkhorstspruit, 1020","Bronkhorstspruit","Gauteng","","South Africa"," 0659942669","","","","","https://maps.google.com/?hl=en_US&cid=0x0:0xdfc0d351044d494a",""
"business","Event planner","Sebas Concepts (Pty) Ltd","10 Reggie Ln, Erasmus, Bronkhorstspruit, 1020","Bronkhorstspruit","Gauteng","","South Africa"," 0719412441","","","","","https://maps.google.com/?hl=en_US&cid=0x0:0xc8a306e5b2dcd16b",""
"business","Accountant","WONDERBOY CONSULTANTS CO.","PLOT 1 Lanham St, BRONKHORSTSPRUIT, Bronkhorstspruit, 1020","Bronkhorstspruit","Gauteng","","South Africa"," 0769374994","","","","","https://maps.google.com/?hl=en_US&cid=0x0:0xbf1ad3a69d5e7ad9",""
"business","Engineering consultant","Carab Technologies (Pty) Ltd.","33 Market St, Erasmus, Bronkhorstspruit, 1020","Bronkhorstspruit","Gauteng","","South Africa"," 0139325449","","","","","https://maps.google.com/?hl=en_US&cid=0x0:0xbb5160b5ef743477",""
"business","Bookkeeping service","Skhulu Business Solutions","174 Section B, Sokhulumi, Bronkhorstspruit, 1021","Bronkhorstspruit","Gauteng","","South Africa"," 0790982883","","","","","https://maps.google.com/?hl=en_US&cid=0x0:0xde4aaea5318f3160",""
"business","Business management consultant","Vitrovian","Shop 6, 37 Church St, Erasmus, Bronkhorstspruit, 1020","Bronkhorstspruit","Gauteng","","South Africa"," 0136971871","info@vitrovian.co.za","http://vitrovian.co.za/","","","https://maps.google.com/?hl=en_US&cid=0x0:0x3f8ba41f76ec9b15",""
"business","Legal services","KETLABABALLAMASHELE","45 Sonneblom Rd, Riamarpark, Bronkhorstspruit, 1020","Bronkhorstspruit","Gauteng","","South Africa"," 0139320799","","","","","https://maps.google.com/?hl=en_US&cid=0x0:0xb442fe28e17ffc69",""
"business","Lawyer","Serfontein Viljoen  Swart","Markstraat, 30 Market St, Erasmus, Bronkhorstspruit, 1020","Bronkhorstspruit","Gauteng","","South Africa"," 0139323034","fanus@svslaw.co.za","http://www.serfonteinviljoenandswart.co.za/","","","https://maps.google.com/?hl=en_US&cid=0x0:0x121f6399788c0573",""
"business","Lawyer","Sibanyoni JB Attorneys","60 Church St, Erasmus, Bronkhorstspruit, 1020","Bronkhorstspruit","Gauteng","","South Africa"," 0832863017","","","","","https://maps.google.com/?hl=en_US&cid=0x0:0xa56fefd68743cad2",""
"business","Consultant","TOP PERFORMERS FOR AFRICA","Market St, Erasmus, Bronkhorstspruit, 1020","Bronkhorstspruit","Gauteng","","South Africa"," 0139351893","info@topperformers.co.za","http://www.topperformers.co.za/","","","https://maps.google.com/?hl=en_US&cid=0x0:0xaca79fe76bba1237",""
"business","Engineering consultant","Cividraft","53 Kruger St, Erasmus, Bronkhorstspruit, 1020","Bronkhorstspruit","Gauteng","","South Africa"," 0139322131","admin@cividraft.co.za","http://www.cividraft.co.za/","","","https://maps.google.com/?hl=en_US&cid=0x0:0x30603fc069f598b5",""
"business","Marketing agency","DIGITAL WAVE HOLDINGS PTY LTD","1212 Kan Lu St, Culturapark, Bronkhorstspruit, 1020","Bronkhorstspruit","Gauteng","","South Africa"," 0733333279","","","","","https://maps.google.com/?hl=en_US&cid=0x0:0xe529a3d4bacb4948",""
"business","Business management consultant","Mtshezi Obomvu","Mvakali  Company, 43 Lanham St, Erasmus, Bronkhorstspruit, 1020","Bronkhorstspruit","Gauteng","","South Africa"," 0736098515","","","","","https://maps.google.com/?hl=en_US&cid=0x0:0x8e6f2c6222ba0cd6",""
"business","business","Bronkhorstspruit","","Bronkhorstspruit","Gauteng","","South Africa","","","","","","https://maps.google.com/?hl=en_US&cid=0x0:0x51044edbf66e6a3",""
"business","Industrial real estate agency","REAL ESTATE In Action - Bronkhorstspruit","27 Rooth Street, Erasmus, Bronkhorstspruit, 1020","Bronkhorstspruit","Gauteng","","South Africa"," 0139325055","","http://www.realeststeinaction.co.za/","","","https://maps.google.com/?hl=en_US&cid=0x0:0x6bfefe3693b13cb",""
"business","Auto body shop","Autorobix","53 Rooth Street, Erasmus, Bronkhorstspruit, 1020","Bronkhorstspruit","Gauteng","","South Africa"," 0820842724","","","","","https://maps.google.com/?hl=en_US&cid=0x0:0xf19205d309e9db1a",""
"business","Hardware store","Discount Build Bronkhorstspruit","Lanham St, Erasmus, Bronkhorstspruit, 1020","Bronkhorstspruit","Gauteng","","South Africa"," 0139323871","support@brabys.co.za","https://www.brabys.com/za/gauteng/bronkhorstspruit/distribution/melsins-supplies","","","https://maps.google.com/?hl=en_US&cid=0x0:0x42415e491531444a",""
"business","Animal feed store","KWD Feeds Bronkhorstspruit","Extension 1, Lanham St, Bronkhorstspruit, 1020","Bronkhorstspruit","Gauteng","","South Africa"," 0826196256","","","","","https://maps.google.com/?hl=en_US&cid=0x0:0x1aece643b69246ec",""
"business","Record company","MGENGAN","ZITHOBENI 3683 EXT 4, Bronkhorstspruit, 1024","Bronkhorstspruit","Gauteng","","South Africa"," 0798717600","","https://mgengan.myportmoni.com/","","","https://maps.google.com/?hl=en_US&cid=0x0:0xbce082d28dd11cdc",""
"business","Hardware store","Bismillah Steel Products CC","5, No: 5 Charl Cillier St, Erasmus, Bronkhorstspruit, 1020","Bronkhorstspruit","Gauteng","","South Africa"," 0139320532","","","","","https://maps.google.com/?hl=en_US&cid=0x0:0x8157919acd5afb1b",""
"business","Contractor","Mansae","1968 Kuang Yin Cres, Culturapark, Bronkhorstspruit, 1020","Bronkhorstspruit","Gauteng","","South Africa"," 0681710440","8c4075d5481d476e945486754f783364@sentry.io","http://www.mansae.co.za/","","","https://maps.google.com/?hl=en_US&cid=0x0:0x3cc0f392fec302a2",""
"business","Food processing company","RSP Processing(Pty) Ltd","Farm Hondsrivie, Portion 202, Bronkhorstspruit, 1020","Bronkhorstspruit","Gauteng","","South Africa"," 0129430150","info@rsp.co.za","https://rsp.co.za/","","","https://maps.google.com/?hl=en_US&cid=0x0:0x3be9bc70140e3bff",""
"business","Paint store","Pro-Paint Manufacturing (Pty) Ltd","4 Nywerheid Cres, Erasmus, Bronkhorstspruit, 1020","Bronkhorstspruit","Gauteng","","South Africa"," 0139320020","sales@propaint.co.za","http://industrial-paint.co.za/","","","https://maps.google.com/?hl=en_US&cid=0x0:0x9a2f6c357e792650",""
"business","Manufacturer","Cloud XIV (Pty) Ltd.","X4, 2850 Kagiso street, Zithobeni, Bronkhorstspruit, 1024","Bronkhorstspruit","Gauteng","","South Africa"," 0826478248","","","","","https://maps.google.com/?hl=en_US&cid=0x0:0x26dd9a7c50479133",""
"business","Accounting firm","Mvakali  Company","Tshwane Business Place, 43 Lanham St, Erasmus, Bronkhorstspruit, 1020","Bronkhorstspruit","Gauteng","","South Africa","","","","","","https://maps.google.com/?hl=en_US&cid=0x0:0xd18bfb3a45544f31",""
"business","Business development service","Netshipise business solutions (Pty)Ltd","Ti-Tsang-Wang Cres, Erasmus, Bronkhorstspruit, 1020","Bronkhorstspruit","Gauteng","","South Africa"," 0721952424","info@netshipise.co.za","http://www.netshipise.co.za/","","","https://maps.google.com/?hl=en_US&cid=0x0:0x73ac16eef851b001",""
"business","Business management consultant","LaShinga SHEQ Solutions","Bester Park, 09 Tier St, Bronkhorstspruit, 1020","Bronkhorstspruit","Gauteng","","South Africa"," 0732540474","","","","","https://maps.google.com/?hl=en_US&cid=0x0:0x8d6993f5faa08190",""
"business","Logistics service","ILANGA AFRICA","121 Miracle Meadows, Kungwini, Bronkhorstspruit, 1020","Bronkhorstspruit","Gauteng","","South Africa"," 0832790228","","","","","https://maps.google.com/?hl=en_US&cid=0x0:0x856e8ca472e9ba5d",""
"business","Accountant","WONDERBOY CONSULTANTS CO.","PLOT 1 Lanham St, BRONKHORSTSPRUIT, Bronkhorstspruit, 1020","Bronkhorstspruit","Gauteng","","South Africa"," 0769374994","","","","","https://maps.google.com/?hl=en_US&cid=0x0:0xbf1ad3a69d5e7ad9",""
"business","Agricultural product wholesaler","Lethabo Trading","16 Nooidach St, Erasmus, Bronkhorstspruit, 1020","Bronkhorstspruit","Gauteng","","South Africa"," 0673056893","info@lethabotrading.co.za","https://lethabotrading.co.za/","","","https://maps.google.com/?hl=en_US&cid=0x0:0x6f4d9296abe49e7a",""
"business","Animal feed store","KWD Feeds Bronkhorstspruit","Extension 1, Lanham St, Bronkhorstspruit, 1020","Bronkhorstspruit","Gauteng","","South Africa"," 0826196256","","","","","https://maps.google.com/?hl=en_US&cid=0x0:0x1aece643b69246ec",""
"business","Business management consultant","Desire2Win Consulting Services","35 Church St, Erasmus, Bronkhorstspruit, 1020","Bronkhorstspruit","Gauteng","","South Africa"," 0636207366","admin@desire2win.co.za","http://www.desire2win.co.za/","","","https://maps.google.com/?hl=en_US&cid=0x0:0x4875afb7a4b3decf",""
"business","Certified public accountant","Equity Point Solutions","27 Church St, Erasmus, Bronkhorstspruit, 1020","Bronkhorstspruit","Gauteng","","South Africa"," 0659942669","","","","","https://maps.google.com/?hl=en_US&cid=0x0:0xdfc0d351044d494a",""
"business","business","N/A","","","Gauteng","","South Africa"," 0824053105","","","","","https://maps.google.com/?hl=en_US&cid=0x0:0x5e8e7c40b2a758b2",""
"business","Engineering consultant","Carab Technologies (Pty) Ltd.","33 Market St, Erasmus, Bronkhorstspruit, 1020","Bronkhorstspruit","Gauteng","","South Africa"," 0139325449","","","","","https://maps.google.com/?hl=en_US&cid=0x0:0xbb5160b5ef743477",""
"business","Business management consultant","Vitrovian","Shop 6, 37 Church St, Erasmus, Bronkhorstspruit, 1020","Bronkhorstspruit","Gauteng","","South Africa"," 0136971871","info@vitrovian.co.za","http://vitrovian.co.za/","","","https://maps.google.com/?hl=en_US&cid=0x0:0x3f8ba41f76ec9b15",""
"business","Engineering consultant","Cividraft","53 Kruger St, Erasmus, Bronkhorstspruit, 1020","Bronkhorstspruit","Gauteng","","South Africa"," 0139322131","admin@cividraft.co.za","http://www.cividraft.co.za/","","","https://maps.google.com/?hl=en_US&cid=0x0:0x30603fc069f598b5",""
"business","Construction and maintenance office","GUGU BUSINESS AND CONSTRUCTION","ext2, 2958 Simelane St, Zithobeni, Bronkhorstspruit, 1024","Bronkhorstspruit","Gauteng","","South Africa"," 0728716240","","","","","https://maps.google.com/?hl=en_US&cid=0x0:0x1b2d933b57f76f76",""
"business","Industrial real estate agency","REAL ESTATE In Action - Bronkhorstspruit","27 Rooth Street, Erasmus, Bronkhorstspruit, 1020","Bronkhorstspruit","Gauteng","","South Africa"," 0139325055","","http://www.realeststeinaction.co.za/","","","https://maps.google.com/?hl=en_US&cid=0x0:0x6bfefe3693b13cb",""
"business","Electronic engineering service","Greenoxe Pty Limited","Extg Lecture Theatre, Jakhalsfontein, Bronkhorstspruit, 2000","Bronkhorstspruit","Gauteng","","South Africa"," 0727715279","","","","","https://maps.google.com/?hl=en_US&cid=0x0:0xf351ff53ed098aba",""
"business","Legal services","KETLABABALLAMASHELE","45 Sonneblom Rd, Riamarpark, Bronkhorstspruit, 1020","Bronkhorstspruit","Gauteng","","South Africa"," 0139320799","","","","","https://maps.google.com/?hl=en_US&cid=0x0:0xb442fe28e17ffc69",""
"business","business","Bronkhorstspruit","","Bronkhorstspruit","Gauteng","","South Africa","","","","","","https://maps.google.com/?hl=en_US&cid=0x0:0x51044edbf66e6a3",""
"business","Consultant","TOP PERFORMERS FOR AFRICA","Market St, Erasmus, Bronkhorstspruit, 1020","Bronkhorstspruit","Gauteng","","South Africa"," 0139351893","info@topperformers.co.za","http://www.topperformers.co.za/","","","https://maps.google.com/?hl=en_US&cid=0x0:0xaca79fe76bba1237",""
"business","Packaging company","Pack Zone","5 Mulder Rd, Erasmus, Bronkhorstspruit, 1020","Bronkhorstspruit","Gauteng","","South Africa"," 0139322910","","","","","https://maps.google.com/?hl=en_US&cid=0x0:0x7d0bd326dd1edd29",""
"business","Auto body shop","Autorobix","53 Rooth Street, Erasmus, Bronkhorstspruit, 1020","Bronkhorstspruit","Gauteng","","South Africa"," 0820842724","","","","","https://maps.google.com/?hl=en_US&cid=0x0:0xf19205d309e9db1a",""
"business","Wholesaler","Godrich Flour Mills (Pty) Ltd.","Lanham Street Extension, Bronkhorstspruit, 1020","Bronkhorstspruit","Gauteng","","South Africa"," 0139320155","","https://godrichmills.co.za/","","","https://maps.google.com/?hl=en_US&cid=0x0:0x8c2fcf59c672cea2",""
"business","Manufacturer","Southern Services (Pty) Ltd","66 Lanham St, Erasmus, Bronkhorstspruit, 1020","Bronkhorstspruit","Gauteng","","South Africa"," 0139324281","","http://www.southernservices.co.za/","","","https://maps.google.com/?hl=en_US&cid=0x0:0xe679c04aa624c417",""
"business","Hardware store","Discount Build Bronkhorstspruit","Lanham St, Erasmus, Bronkhorstspruit, 1020","Bronkhorstspruit","Gauteng","","South Africa"," 0139323871","support@brabys.co.za","https://www.brabys.com/za/gauteng/bronkhorstspruit/distribution/melsins-supplies","","","https://maps.google.com/?hl=en_US&cid=0x0:0x42415e491531444a",""
"business","Grocery store","Olympic Cash Traders CC","27 Nywerheid Cres, Erasmus, Bronkhorstspruit, 1020","Bronkhorstspruit","Gauteng","","South Africa"," 0139322524","","","","","https://maps.google.com/?hl=en_US&cid=0x0:0x864be506fb14170a",""
"business","Contractor","Mansae","1968 Kuang Yin Cres, Culturapark, Bronkhorstspruit, 1020","Bronkhorstspruit","Gauteng","","South Africa"," 0681710440","8c4075d5481d476e945486754f783364@sentry.io","http://www.mansae.co.za/","","","https://maps.google.com/?hl=en_US&cid=0x0:0x3cc0f392fec302a2",""
"business","Plastic fabrication company","Hammerle Plastics cc","25 Industrial Cresent, Erasmus, Bronkhorstspruit, 1020","Bronkhorstspruit","Gauteng","","South Africa"," 0139351012","","http://www.hammerle.co.za/","","","https://maps.google.com/?hl=en_US&cid=0x0:0x56e123ea2ce9fbb6",""
"business","Paint store","Pro-Paint Manufacturing (Pty) Ltd","4 Nywerheid Cres, Erasmus, Bronkhorstspruit, 1020","Bronkhorstspruit","Gauteng","","South Africa"," 0139320020","sales@propaint.co.za","http://industrial-paint.co.za/","","","https://maps.google.com/?hl=en_US&cid=0x0:0x9a2f6c357e792650",""
"business","Security service","JVR Protection Services","51 De La Rey St, Erasmus, Bronkhorstspruit, 1020","Bronkhorstspruit","Gauteng","","South Africa"," 0131100904","","","","","https://maps.google.com/?hl=en_US&cid=0x0:0xffeb03cc5260e009",""
"business","Event planner","Sebas Concepts (Pty) Ltd","10 Reggie Ln, Erasmus, Bronkhorstspruit, 1020","Bronkhorstspruit","Gauteng","","South Africa"," 0719412441","","","","","https://maps.google.com/?hl=en_US&cid=0x0:0xc8a306e5b2dcd16b",""
"business","Agricultural product wholesaler","Lethabo Trading","16 Nooidach St, Erasmus, Bronkhorstspruit, 1020","Bronkhorstspruit","Gauteng","","South Africa"," 0673056893","info@lethabotrading.co.za","https://lethabotrading.co.za/","","","https://maps.google.com/?hl=en_US&cid=0x0:0x6f4d9296abe49e7a",""
"business","Business development service","Netshipise business solutions (Pty)Ltd","Ti-Tsang-Wang Cres, Erasmus, Bronkhorstspruit, 1020","Bronkhorstspruit","Gauteng","","South Africa"," 0721952424","info@netshipise.co.za","http://www.netshipise.co.za/","","","https://maps.google.com/?hl=en_US&cid=0x0:0x73ac16eef851b001",""
"business","Business management consultant","LaShinga SHEQ Solutions","Bester Park, 09 Tier St, Bronkhorstspruit, 1020","Bronkhorstspruit","Gauteng","","South Africa"," 0732540474","","","","","https://maps.google.com/?hl=en_US&cid=0x0:0x8d6993f5faa08190",""
"business","Accounting firm","Mvakali  Company","Tshwane Business Place, 43 Lanham St, Erasmus, Bronkhorstspruit, 1020","Bronkhorstspruit","Gauteng","","South Africa","","","","","","https://maps.google.com/?hl=en_US&cid=0x0:0xd18bfb3a45544f31",""
"business","Certified public accountant","Equity Point Solutions","27 Church St, Erasmus, Bronkhorstspruit, 1020","Bronkhorstspruit","Gauteng","","South Africa"," 0659942669","","","","","https://maps.google.com/?hl=en_US&cid=0x0:0xdfc0d351044d494a",""
"business","Accountant","WONDERBOY CONSULTANTS CO.","PLOT 1 Lanham St, BRONKHORSTSPRUIT, Bronkhorstspruit, 1020","Bronkhorstspruit","Gauteng","","South Africa"," 0769374994","","","","","https://maps.google.com/?hl=en_US&cid=0x0:0xbf1ad3a69d5e7ad9",""
"business","Engineering consultant","Carab Technologies (Pty) Ltd.","33 Market St, Erasmus, Bronkhorstspruit, 1020","Bronkhorstspruit","Gauteng","","South Africa"," 0139325449","","","","","https://maps.google.com/?hl=en_US&cid=0x0:0xbb5160b5ef743477",""
"business","Business management consultant","Vitrovian","Shop 6, 37 Church St, Erasmus, Bronkhorstspruit, 1020","Bronkhorstspruit","Gauteng","","South Africa"," 0136971871","info@vitrovian.co.za","http://vitrovian.co.za/","","","https://maps.google.com/?hl=en_US&cid=0x0:0x3f8ba41f76ec9b15",""
"business","Business management consultant","Desire2Win Consulting Services","35 Church St, Erasmus, Bronkhorstspruit, 1020","Bronkhorstspruit","Gauteng","","South Africa"," 0636207366","admin@desire2win.co.za","http://www.desire2win.co.za/","","","https://maps.google.com/?hl=en_US&cid=0x0:0x4875afb7a4b3decf",""
"business","Business management consultant","Mtshezi Obomvu","Mvakali  Company, 43 Lanham St, Erasmus, Bronkhorstspruit, 1020","Bronkhorstspruit","Gauteng","","South Africa"," 0736098515","","","","","https://maps.google.com/?hl=en_US&cid=0x0:0x8e6f2c6222ba0cd6",""
"business","Legal services","KETLABABALLAMASHELE","45 Sonneblom Rd, Riamarpark, Bronkhorstspruit, 1020","Bronkhorstspruit","Gauteng","","South Africa"," 0139320799","","","","","https://maps.google.com/?hl=en_US&cid=0x0:0xb442fe28e17ffc69",""
"business","Lawyer","Sibanyoni JB Attorneys","60 Church St, Erasmus, Bronkhorstspruit, 1020","Bronkhorstspruit","Gauteng","","South Africa"," 0832863017","","","","","https://maps.google.com/?hl=en_US&cid=0x0:0xa56fefd68743cad2",""
"business","business","N/A","","","Gauteng","","South Africa"," 0835165065","","","","","https://maps.google.com/?hl=en_US&cid=0x0:0x7915278bb00e99d3",""
"business","Consultant","TOP PERFORMERS FOR AFRICA","Market St, Erasmus, Bronkhorstspruit, 1020","Bronkhorstspruit","Gauteng","","South Africa"," 0139351893","info@topperformers.co.za","http://www.topperformers.co.za/","","","https://maps.google.com/?hl=en_US&cid=0x0:0xaca79fe76bba1237",""
"business","Electronic engineering service","Greenoxe Pty Limited","Extg Lecture Theatre, Jakhalsfontein, Bronkhorstspruit, 2000","Bronkhorstspruit","Gauteng","","South Africa"," 0727715279","","","","","https://maps.google.com/?hl=en_US&cid=0x0:0xf351ff53ed098aba",""
"business","Business management consultant","ABCM Accounting  Consultation","AE, 40 Lanham St, Erasmus, Bronkhorstspruit, 1020","Bronkhorstspruit","Gauteng","","South Africa"," 0139320051","","","","","https://maps.google.com/?hl=en_US&cid=0x0:0xa5b935a7599a1a57",""
"business","Digital printing service","Theke Printing","80 Protea Road Ivory Park Ext 7 Ematsheni, Riamarpark, Bronkhorstspruit, 1020","Bronkhorstspruit","Gauteng","","South Africa"," 0793520839","","","","","https://maps.google.com/?hl=en_US&cid=0x0:0x9aafd2b4dd0dbe8",""
"business","Accountant","MYTCON Business Consulting","82 Botha St, Bronkhorstspruit, 1020","Bronkhorstspruit","Gauteng","","South Africa"," 0139322541","","","","","https://maps.google.com/?hl=en_US&cid=0x0:0x6c8e137a59683e24",""
"business","business","Bronkhorstspruit","","Bronkhorstspruit","Gauteng","","South Africa","","","","","","https://maps.google.com/?hl=en_US&cid=0x0:0x51044edbf66e6a3",""
"business","Auto body shop","Autorobix","53 Rooth Street, Erasmus, Bronkhorstspruit, 1020","Bronkhorstspruit","Gauteng","","South Africa"," 0820842724","","","","","https://maps.google.com/?hl=en_US&cid=0x0:0xf19205d309e9db1a",""
"business","Hardware store","Discount Build Bronkhorstspruit","Lanham St, Erasmus, Bronkhorstspruit, 1020","Bronkhorstspruit","Gauteng","","South Africa"," 0139323871","support@brabys.co.za","https://www.brabys.com/za/gauteng/bronkhorstspruit/distribution/melsins-supplies","","","https://maps.google.com/?hl=en_US&cid=0x0:0x42415e491531444a",""
"business","Manufacturer","Southern Services (Pty) Ltd","66 Lanham St, Erasmus, Bronkhorstspruit, 1020","Bronkhorstspruit","Gauteng","","South Africa"," 0139324281","","http://www.southernservices.co.za/","","","https://maps.google.com/?hl=en_US&cid=0x0:0xe679c04aa624c417",""
"business","Contractor","Mansae","1968 Kuang Yin Cres, Culturapark, Bronkhorstspruit, 1020","Bronkhorstspruit","Gauteng","","South Africa"," 0681710440","8c4075d5481d476e945486754f783364@sentry.io","http://www.mansae.co.za/","","","https://maps.google.com/?hl=en_US&cid=0x0:0x3cc0f392fec302a2",""
"business","Auto repair shop","Bosch Car Service Bronkhorstspruit","Cnr Ovipro St, Nywerheid Cres, , Bronkhorstspruit, 1020","Bronkhorstspruit","Gauteng","","South Africa"," 0871839686","","","","","https://maps.google.com/?hl=en_US&cid=0x0:0x1acc17f86768ca47",""
"business","Grocery store","Olympic Cash Traders CC","27 Nywerheid Cres, Erasmus, Bronkhorstspruit, 1020","Bronkhorstspruit","Gauteng","","South Africa"," 0139322524","","","","","https://maps.google.com/?hl=en_US&cid=0x0:0x864be506fb14170a",""
"business","Food processing company","RSP Processing(Pty) Ltd","Farm Hondsrivie, Portion 202, Bronkhorstspruit, 1020","Bronkhorstspruit","Gauteng","","South Africa"," 0129430150","info@rsp.co.za","https://rsp.co.za/","","","https://maps.google.com/?hl=en_US&cid=0x0:0x3be9bc70140e3bff",""
"business","Manufacturer","Sunspray","2 Ovipro St, Ovipropark, Bronkhorstspruit, 1020","Bronkhorstspruit","Gauteng","","South Africa"," 0139324051","","http://www.sunspray.co.za/","","","https://maps.google.com/?hl=en_US&cid=0x0:0xba86893ab0bf8743",""
"business","Electronics store","ANB Skryfbehoeftes/Stationers","42 Church St, Erasmus, Bronkhorstspruit, 1020","Bronkhorstspruit","Gauteng","","South Africa"," 0139325009","","https://www.facebook.com/ANBStationersBHS","","","https://maps.google.com/?hl=en_US&cid=0x0:0x5a85eaaf93303775",""
"business","Accountant","MYTCON Business Consulting","82 Botha St, Bronkhorstspruit, 1020","Bronkhorstspruit","Gauteng","","South Africa"," 0139322541","","","","","https://maps.google.com/?hl=en_US&cid=0x0:0x6c8e137a59683e24",""
"business","Certified public accountant","Equity Point Solutions","27 Church St, Erasmus, Bronkhorstspruit, 1020","Bronkhorstspruit","Gauteng","","South Africa"," 0659942669","","","","","https://maps.google.com/?hl=en_US&cid=0x0:0xdfc0d351044d494a",""
"business","Post office","PostNet Bronkhorstspruit","Pick 'n Pay Center, Cnr Church , Fiddes St, Bronkhorstspruit, 1020","Bronkhorstspruit","Gauteng","","South Africa"," 0139320932","bronkhorstspruit@postnet.co.za","http://bronkhorstspruit.postnet.co.za/","","","https://maps.google.com/?hl=en_US&cid=0x0:0x5c5a0d97a26dad6b",""
"business","Business management consultant","Kharitanganyise General Services (KGS) (Pty) Ltd","72 Skietpoort Ave, Salvokop, Pretoria, 0002","Pretoria","Gauteng","","South Africa"," 0825724618","","","","","https://maps.google.com/?hl=en_US&cid=0x0:0xff34d7fb8e699ed4",""
"business","","Hot 1027 FM (Pty) Ltd","44 Felstead Rd, Boundary Park, Roodepoort, 2169","Roodepoort","Gauteng","","South Africa"," 0101571027","info@hot1027.co.za","https://www.hot1027.co.za/","","","https://maps.google.com/?hl=en_US&cid=0x0:0xc01903e076d37c62",""
"business","Nature preserve","Bronkies Nature Reserve","Bronkhorstspruit Dam, Bronkhorstspruit","Bronkhorstspruit","Gauteng","","South Africa"," 0716718655","","","","","https://maps.google.com/?hl=en_US&cid=0x0:0x70e78727d6bf2f5c",""
"business","Corporate office","CTE Holding Group","605, Constantia Building, 291 Thabo Sehume St, Pretoria Central, Pretoria, 0001","Pretoria","Gauteng","","South Africa"," 0834821037","","","","","https://maps.google.com/?hl=en_US&cid=0x0:0xd1b99dde08da5e03",""
"business","Public relations firm","mmprince","Sho No 3 Shercourt Building 334 Thabo Sehume , Nana Sita St, Pretoria, 0002","Pretoria","Gauteng","","South Africa"," 0632933075","orders@mmprince.co.za","http://www.mmprince.co.za/","","","https://maps.google.com/?hl=en_US&cid=0x0:0xcd9d8a335b7ac4f4",""
"business","Business management consultant","Maverick Business Solutions","403 B, Fountain Vie, 71 Willow Rd, Muckleneuk, Pretoria, 0002","Pretoria","Gauteng","","South Africa"," 0127518253","","","","","https://maps.google.com/?hl=en_US&cid=0x0:0x3dff21c5132960a9",""
"business","Business networking company","TINSIDS CONSULTING  PROJECTS Pty Ltd","Ajo Building, 325 Visagie St, Pretoria Central, Pretoria, 0001","Pretoria","Gauteng","","South Africa"," 0738393868","","","","","https://maps.google.com/?hl=en_US&cid=0x0:0x8dce743e9b4957be",""
"business","Nature preserve","Bronkies Angling and Nature Reserve","Unnamed Road,, Bronkhorstspruit","Bronkhorstspruit","Gauteng","","South Africa"," 0716718605","","","","","https://maps.google.com/?hl=en_US&cid=0x0:0x7818df322c1dbaad",""
"business","Holding company","Mathobo Holdings (Pty) Ltd","Sunnypark, 1509 Robert Sobukwe St, Sunnyside, Pretoria, 0002","Pretoria","Gauteng","","South Africa"," 0794139410","","","","","https://maps.google.com/?hl=en_US&cid=0x0:0x9166296cbc3c7201",""
"business","Financial institution","Tel Entities","357 Leyds St, Arcadia, Pretoria, 0002","Pretoria","Gauteng","","South Africa"," 0614439999","","","","","https://maps.google.com/?hl=en_US&cid=0x0:0xea6e4ba506649868",""
"business","Law firm","Morare Inc.","176 Schoeman St, Pretoria Central, Pretoria, 0001","Pretoria","Gauteng","","South Africa"," 0812528942","","","","","https://maps.google.com/?hl=en_US&cid=0x0:0xe8f7192f2ad18a4f",""
"business","Business management consultant","Defford Consultancy","543 Leyds Street, 110 Nedholm, Mucklenueck, Pretoria, 0002","Pretoria","Gauteng","","South Africa"," 0769541336","","","","","https://maps.google.com/?hl=en_US&cid=0x0:0x474572627c482013",""
"business","Business management consultant","Claricent Consulting Services Pty Ltd","337 Visagie St, Pretoria Central, Pretoria, 0001","Pretoria","Gauteng","","South Africa"," 0871520938","info@claricent-consulting.co.za","http://www.claricent-consulting.co.za/","","","https://maps.google.com/?hl=en_US&cid=0x0:0xe4d00c7e0d82a55",""
"business","Internet service provider","Small, Medium  Micro Enterprise","RIVA Suites, 267 Du Toit St, Pretoria Central, Pretoria, 0002","Pretoria","Gauteng","","South Africa"," 0665571571","info@smme-link.co.za","http://smme-link.co.za/","","","https://maps.google.com/?hl=en_US&cid=0x0:0x60879b4071917382",""
"business","Government office","GAUTENG ENTERPRISE PROPELLER","Lazarus building, 49 Lanham St, Erasmus, Bronkhorstspruit, 1020","Bronkhorstspruit","Gauteng","","South Africa"," 0139323828","","","","","https://maps.google.com/?hl=en_US&cid=0x0:0x3f816b4b648a9713",""
"business","Corporate office","CAPITAL COLLECTIVE","101 Du Toit St, Pretoria Central, Pretoria, 0001","Pretoria","Gauteng","","South Africa"," 0828546854","info@capitalcollective.co.za","http://capitalcollective.co.za/","","","https://maps.google.com/?hl=en_US&cid=0x0:0x43d58d48614342fb",""
"business","Auto body shop","Autorobix","53 Rooth Street, Erasmus, Bronkhorstspruit, 1020","Bronkhorstspruit","Gauteng","","South Africa"," 0820842724","","","","","https://maps.google.com/?hl=en_US&cid=0x0:0xf19205d309e9db1a",""
"business","Contractor","Mansae","1968 Kuang Yin Cres, Culturapark, Bronkhorstspruit, 1020","Bronkhorstspruit","Gauteng","","South Africa"," 0681710440","8c4075d5481d476e945486754f783364@sentry.io","http://www.mansae.co.za/","","","https://maps.google.com/?hl=en_US&cid=0x0:0x3cc0f392fec302a2",""
"business","Wholesaler","Godrich Flour Mills (Pty) Ltd.","Lanham Street Extension, Bronkhorstspruit, 1020","Bronkhorstspruit","Gauteng","","South Africa"," 0139320155","","https://godrichmills.co.za/","","","https://maps.google.com/?hl=en_US&cid=0x0:0x8c2fcf59c672cea2",""
"business","Hardware store","Discount Build Bronkhorstspruit","Lanham St, Erasmus, Bronkhorstspruit, 1020","Bronkhorstspruit","Gauteng","","South Africa"," 0139323871","support@brabys.co.za","https://www.brabys.com/za/gauteng/bronkhorstspruit/distribution/melsins-supplies","","","https://maps.google.com/?hl=en_US&cid=0x0:0x42415e491531444a",""
"business","Food processing company","RSP Processing(Pty) Ltd","Farm Hondsrivie, Portion 202, Bronkhorstspruit, 1020","Bronkhorstspruit","Gauteng","","South Africa"," 0129430150","info@rsp.co.za","https://rsp.co.za/","","","https://maps.google.com/?hl=en_US&cid=0x0:0x3be9bc70140e3bff",""
"business","Manufacturer","Southern Services (Pty) Ltd","66 Lanham St, Erasmus, Bronkhorstspruit, 1020","Bronkhorstspruit","Gauteng","","South Africa"," 0139324281","","http://www.southernservices.co.za/","","","https://maps.google.com/?hl=en_US&cid=0x0:0xe679c04aa624c417",""
"business","Auto repair shop","Bosch Car Service Bronkhorstspruit","Cnr Ovipro St, Nywerheid Cres, , Bronkhorstspruit, 1020","Bronkhorstspruit","Gauteng","","South Africa"," 0871839686","","","","","https://maps.google.com/?hl=en_US&cid=0x0:0x1acc17f86768ca47",""
"business","General store","Bronkies slaghuis","Lanham St, Erasmus, Bronkhorstspruit, 1020","Bronkhorstspruit","Gauteng","","South Africa"," 0825733114","","","","","https://maps.google.com/?hl=en_US&cid=0x0:0x1ca01c541a758c65",""
"business","Manufacturer","Cloud XIV (Pty) Ltd.","X4, 2850 Kagiso street, Zithobeni, Bronkhorstspruit, 1024","Bronkhorstspruit","Gauteng","","South Africa"," 0826478248","","","","","https://maps.google.com/?hl=en_US&cid=0x0:0x26dd9a7c50479133",""
"business","Clothing store","Antex School Wear","Antex Building, 49 Cathie St, Bronkhorstspruit, 1020","Bronkhorstspruit","Gauteng","","South Africa"," 0833068085","","","","","https://maps.google.com/?hl=en_US&cid=0x0:0x3ebbdb1c12b1410e",""
"business","Accountant","WONDERBOY CONSULTANTS CO.","PLOT 1 Lanham St, BRONKHORSTSPRUIT, Bronkhorstspruit, 1020","Bronkhorstspruit","Gauteng","","South Africa"," 0769374994","","","","","https://maps.google.com/?hl=en_US&cid=0x0:0xbf1ad3a69d5e7ad9",""
"business","Animal feed store","KWD Feeds Bronkhorstspruit","Extension 1, Lanham St, Bronkhorstspruit, 1020","Bronkhorstspruit","Gauteng","","South Africa"," 0826196256","","","","","https://maps.google.com/?hl=en_US&cid=0x0:0x1aece643b69246ec",""
"business","Accounting firm","Mvakali  Company","Tshwane Business Place, 43 Lanham St, Erasmus, Bronkhorstspruit, 1020","Bronkhorstspruit","Gauteng","","South Africa","","","","","","https://maps.google.com/?hl=en_US&cid=0x0:0xd18bfb3a45544f31",""
"business","Certified public accountant","Equity Point Solutions","27 Church St, Erasmus, Bronkhorstspruit, 1020","Bronkhorstspruit","Gauteng","","South Africa"," 0659942669","","","","","https://maps.google.com/?hl=en_US&cid=0x0:0xdfc0d351044d494a",""
"business","business","N/A","","","Gauteng","","South Africa"," 0835165065","","","","","https://maps.google.com/?hl=en_US&cid=0x0:0x7915278bb00e99d3",""
"business","Business management consultant","Desire2Win Consulting Services","35 Church St, Erasmus, Bronkhorstspruit, 1020","Bronkhorstspruit","Gauteng","","South Africa"," 0636207366","admin@desire2win.co.za","http://www.desire2win.co.za/","","","https://maps.google.com/?hl=en_US&cid=0x0:0x4875afb7a4b3decf",""
"business","Business management consultant","Mtshezi Obomvu","Mvakali  Company, 43 Lanham St, Erasmus, Bronkhorstspruit, 1020","Bronkhorstspruit","Gauteng","","South Africa"," 0736098515","","","","","https://maps.google.com/?hl=en_US&cid=0x0:0x8e6f2c6222ba0cd6",""
"business","Business management consultant","Vitrovian","Shop 6, 37 Church St, Erasmus, Bronkhorstspruit, 1020","Bronkhorstspruit","Gauteng","","South Africa"," 0136971871","info@vitrovian.co.za","http://vitrovian.co.za/","","","https://maps.google.com/?hl=en_US&cid=0x0:0x3f8ba41f76ec9b15",""
"business","Consultant","TOP PERFORMERS FOR AFRICA","Market St, Erasmus, Bronkhorstspruit, 1020","Bronkhorstspruit","Gauteng","","South Africa"," 0139351893","info@topperformers.co.za","http://www.topperformers.co.za/","","","https://maps.google.com/?hl=en_US&cid=0x0:0xaca79fe76bba1237",""
"business","Law firm","Govender Attorneys","46 Kruger St, Erasmus, Bronkhorstspruit, 1020","Bronkhorstspruit","Gauteng","","South Africa"," 0139320118","","","","","https://maps.google.com/?hl=en_US&cid=0x0:0x4c619936723288b",""
"business","Post office","PostNet Bronkhorstspruit","Pick 'n Pay Center, Cnr Church , Fiddes St, Bronkhorstspruit, 1020","Bronkhorstspruit","Gauteng","","South Africa"," 0139320932","bronkhorstspruit@postnet.co.za","http://bronkhorstspruit.postnet.co.za/","","","https://maps.google.com/?hl=en_US&cid=0x0:0x5c5a0d97a26dad6b",""
"business","Legal services","KETLABABALLAMASHELE","45 Sonneblom Rd, Riamarpark, Bronkhorstspruit, 1020","Bronkhorstspruit","Gauteng","","South Africa"," 0139320799","","","","","https://maps.google.com/?hl=en_US&cid=0x0:0xb442fe28e17ffc69",""
"business","Lawyer","Antonie Venter Attorneys","36 Market St, Erasmus, Bronkhorstspruit, 1020","Bronkhorstspruit","Gauteng","","South Africa"," 0139321041","","","","","https://maps.google.com/?hl=en_US&cid=0x0:0xca2f03fba34b691c",""
"business","Accountant","MYTCON Business Consulting","82 Botha St, Bronkhorstspruit, 1020","Bronkhorstspruit","Gauteng","","South Africa"," 0139322541","","","","","https://maps.google.com/?hl=en_US&cid=0x0:0x6c8e137a59683e24",""
"business","business","N/A","","","Gauteng","","South Africa"," 0795061282","","","","","https://maps.google.com/?hl=en_US&cid=0x0:0xbf9cc28a9f6484ba",""
"business","Marketing agency","Novus Initiis Consulting","18 Renoster St, Bronkhorstspruit, 1020","Bronkhorstspruit","Gauteng","","South Africa"," 0824653288","","","","","https://maps.google.com/?hl=en_US&cid=0x0:0x4bf72640eb69c871",""
"business","Industrial real estate agency","REAL ESTATE In Action - Bronkhorstspruit","27 Rooth Street, Erasmus, Bronkhorstspruit, 1020","Bronkhorstspruit","Gauteng","","South Africa"," 0139325055","","http://www.realeststeinaction.co.za/","","","https://maps.google.com/?hl=en_US&cid=0x0:0x6bfefe3693b13cb",""
"business","business","Gauteng","","","Gauteng","","South Africa","","","","","","https://maps.google.com/?hl=en_US&cid=0x0:0x6d9ee7c7cb5438e2",""
"business","Law firm","KEELSON  ASSOCIATES","Unit 5D, 56 Kruger Street, Bronkhorstspruit Forum Building, Bronkhorstspruit, 1020","Bronkhorstspruit","Gauteng","","South Africa"," 0129411245","","","","","https://maps.google.com/?hl=en_US&cid=0x0:0x18cc7a737d02fe36",""
"business","Real estate agency","Pam Golding Properties","Shop 6a Roxy Village Wlk, Joubert St, Bronkhorstspruit, 1020","Bronkhorstspruit","Gauteng","","South Africa"," 0139351802","","https://www.pamgolding.co.za/","","","https://maps.google.com/?hl=en_US&cid=0x0:0x3e2d4596b73fe5c1",""
"business","Boiler manufacturer","DB Engineering","Platinum Rd, Ekandustria, Bronkhorstspruit, 1028","Bronkhorstspruit","Gauteng","","South Africa"," 0139333161","Info@dbengineering.co.za","http://www.dbengineering.co.za/","","","https://maps.google.com/?hl=en_US&cid=0x0:0xa4f3e98c78fd036f",""
"business","Hardware store","Discount Build Bronkhorstspruit","Lanham St, Erasmus, Bronkhorstspruit, 1020","Bronkhorstspruit","Gauteng","","South Africa"," 0139323871","support@brabys.co.za","https://www.brabys.com/za/gauteng/bronkhorstspruit/distribution/melsins-supplies","","","https://maps.google.com/?hl=en_US&cid=0x0:0x42415e491531444a",""
"business","Auto body shop","Autorobix","53 Rooth Street, Erasmus, Bronkhorstspruit, 1020","Bronkhorstspruit","Gauteng","","South Africa"," 0820842724","","","","","https://maps.google.com/?hl=en_US&cid=0x0:0xf19205d309e9db1a",""
"business","Paint store","Pro-Paint Manufacturing (Pty) Ltd","4 Nywerheid Cres, Erasmus, Bronkhorstspruit, 1020","Bronkhorstspruit","Gauteng","","South Africa"," 0139320020","sales@propaint.co.za","http://industrial-paint.co.za/","","","https://maps.google.com/?hl=en_US&cid=0x0:0x9a2f6c357e792650",""
"business","Food processing company","RSP Processing(Pty) Ltd","Farm Hondsrivie, Portion 202, Bronkhorstspruit, 1020","Bronkhorstspruit","Gauteng","","South Africa"," 0129430150","info@rsp.co.za","https://rsp.co.za/","","","https://maps.google.com/?hl=en_US&cid=0x0:0x3be9bc70140e3bff",""
"business","Auto repair shop","Bosch Car Service Bronkhorstspruit","Cnr Ovipro St, Nywerheid Cres, , Bronkhorstspruit, 1020","Bronkhorstspruit","Gauteng","","South Africa"," 0871839686","","","","","https://maps.google.com/?hl=en_US&cid=0x0:0x1acc17f86768ca47",""
"business","Hardware store","Rhino Maintenance Services Cc","58 Kruger St, Erasmus, Bronkhorstspruit, 1020","Bronkhorstspruit","Gauteng","","South Africa"," 0139323627","","","","","https://maps.google.com/?hl=en_US&cid=0x0:0x8f3fea5e2b48bbf8",""
"business","Grocery store","Olympic Cash Traders CC","27 Nywerheid Cres, Erasmus, Bronkhorstspruit, 1020","Bronkhorstspruit","Gauteng","","South Africa"," 0139322524","","","","","https://maps.google.com/?hl=en_US&cid=0x0:0x864be506fb14170a",""
"business","Wholesaler","Godrich Flour Mills (Pty) Ltd.","Lanham Street Extension, Bronkhorstspruit, 1020","Bronkhorstspruit","Gauteng","","South Africa"," 0139320155","","https://godrichmills.co.za/","","","https://maps.google.com/?hl=en_US&cid=0x0:0x8c2fcf59c672cea2",""
"business","Insurance broker","Brooklyn Business Brokers","179 Lynnwood Rd, Brooklyn, Pretoria, 0075","Pretoria","Gauteng","","South Africa"," 0123621678","","","","","https://maps.google.com/?hl=en_US&cid=0x0:0x4ca67dd295e4ce29",""
"business","Business management consultant","Sevcom Consolidated (Pty) ltd","3rd Floor, Building 2, 570 Fehrsen, Brooklyn Bridge Rd, Office Park, Pretoria, 0181","Pretoria","Gauteng","","South Africa"," 0124336567","","","","","https://maps.google.com/?hl=en_US&cid=0x0:0x33621f6cb616ed9b",""
"business","Business management consultant","KMH Stocktaking Services","570 Fehrsen Street 3rd Floor Steven House Brooklyn Bridge Office Centre, Pretoria, 0181","Pretoria","Gauteng","","South Africa"," 0813407964","","http://kmhstocktaking.co.za/","","","https://maps.google.com/?hl=en_US&cid=0x0:0xa21cc4f6304d9c17",""
"business","Business management consultant","Safrich Management Services","189 Clark St, Brooklyn, Pretoria, 0181","Pretoria","Gauteng","","South Africa","","","","","","https://maps.google.com/?hl=en_US&cid=0x0:0x906842d0d85f20c6",""
"business","Business management consultant","Hedmenn Strauss Proprietary Limited","570 Fehrsen St, Brooklyn, Pretoria, 0181","Pretoria","Gauteng","","South Africa"," 0875104516","","","","","https://maps.google.com/?hl=en_US&cid=0x0:0x47bad7875f182f78",""
"business","Business management consultant","Lengana","Steven House, 3rd Floor, 570 Fehrsen St, Brooklyn, Pretoria, 0181","Pretoria","Gauteng","","South Africa"," 0124336444","","http://lenganamc.co.za/","","","https://maps.google.com/?hl=en_US&cid=0x0:0x6805075b6304025f",""
"business","Consultant","E-Deposit","Brooks Place, 198 Pienaar St, Brooklyn, Pretoria, 0011","Pretoria","Gauteng","","South Africa"," 0127518363","","","","","https://maps.google.com/?hl=en_US&cid=0x0:0x8a5f21bd40107720",""
"business","Accountant","Value-Grow Solutions (Pty) Ltd","Steven House, Brooklyn Bridge Office Park 3rd Floor, 570 Fehrsen St, Brooklyn, Pretoria, 0181","Pretoria","Gauteng","","South Africa"," 0126228957","","","","","https://maps.google.com/?hl=en_US&cid=0x0:0x3a9c13d9c0342927",""
"business","Business management consultant","Lwandle Collective Pty Ltd","Block A, Brooklyn Rd, Brooklyn, Pretoria, 0011","Pretoria","Gauteng","","South Africa"," 0123642584","","","","","https://maps.google.com/?hl=en_US&cid=0x0:0x807ecb963cf56802",""
"business","Business management consultant","Interven Africa Group","462 Rupert St, Brooklyn, Pretoria, 0011","Pretoria","Gauteng","","South Africa"," 0123400347","","http://www.interven.group/","","","https://maps.google.com/?hl=en_US&cid=0x0:0xdffaec75e40e0ed8",""
"business","Business management consultant","Tshepanglentswe Consulting And Project","3rd Floor, Regus Brooklyn Bridge, Steven House, 570 Fehrsen St, Brooklyn, Pretoria, 0011","Pretoria","Gauteng","","South Africa"," 0124336433","","","","","https://maps.google.com/?hl=en_US&cid=0x0:0xbca6e9b2b5deaf8f",""
