Category,Real Category,Business Name,Address,City,State,Postal Code,Country,Phone,Email,Website,Latitude,Longitude,Map Link,Details Link
"business","Business management consultant","Innovation Boutique","Hobart Road, Bryanston, Johannesburg, 2191","Johannesburg","Gauteng","","South Africa"," 0105911251","","","","","https://maps.google.com/?hl=en_US&cid=0x0:0xf27ec95161913c6c",""
"business","business","N/A","","","Gauteng","","South Africa"," 0731505169","hello@beinghuman.cx","https://www.beinghuman.cx/","","","https://maps.google.com/?hl=en_US&cid=0x0:0x7db853d570c43707",""
"business","Corporate office","Stonewedge Office Park","1 Wedgelink Rd, Bryanston, Johannesburg, 2031","Johannesburg","Gauteng","","South Africa"," 0116763000","","http://www.tourvest.co.za/","","","https://maps.google.com/?hl=en_US&cid=0x0:0x8dbd56a700c10e8d",""
"business","Beverage distributor","Designer Water Bryanston","20 Georgian Cres E, Bryanston, Johannesburg, 2191","Johannesburg","Gauteng","","South Africa"," 0726456222","","","","","https://maps.google.com/?hl=en_US&cid=0x0:0xbc4fea0e42ad80bc",""
"business","Office space rental agency","The Campus","Main Rd, Bryanston, Midrand, 2191","Midrand","Gauteng","","South Africa"," 0115758822","","https://thecampus.co.za/","","","https://maps.google.com/?hl=en_US&cid=0x0:0x76f3b71aa3d74d7d",""
"business","Business management consultant","Business Intelligent","20 Georgian Cres E, Bryanston, 2191","Bryanston","Gauteng","","South Africa"," 0842444129","","http://www.businessintelligent.co.za/","","","https://maps.google.com/?hl=en_US&cid=0x0:0xee952d34b0c411c1",""
"business","Marketing agency","Promise Brand Specialists / Promise Digital","10 Hobart Rd, Bryanston, Sandton, 2191","Sandton","Gauteng","","South Africa"," 0114632413","","http://www.promisegroup.co.za/","","","https://maps.google.com/?hl=en_US&cid=0x0:0xdf2faa8878a39025",""
"business","Advertising agency","Main Straight Office Park, Bryanston","2940 Winnie Mandela Dr, Bryanston, Sandton, 2191","Sandton","Gauteng","","South Africa","","","","","","https://maps.google.com/?hl=en_US&cid=0x0:0x4864cc82ccd4b4",""
"business","business","N/A","","","Gauteng","","South Africa"," 0814596678","","","","","https://maps.google.com/?hl=en_US&cid=0x0:0xbec10fcee8347913",""
"business","Office space rental agency","The Station Office Bryanston","63 Peter Place, Bryanston, Sandton, 2021","Sandton","Gauteng","","South Africa"," 0114635455","info@thestationoffice.co.za","http://www.thestationoffice.co.za/","","","https://maps.google.com/?hl=en_US&cid=0x0:0x8d8c49febdc10abd",""
"business","Business park","Regus - Johannesburg Bryanston The Campus","Ground Floor, The Campus, Twickenham Building, Cnr Main , Sloane St, Bryanston, Johannesburg, 2021","Johannesburg","Gauteng","","South Africa"," 0115756000","","https://www.regus.com/en-gb/south-africa/johannesburg/bryanston-the-campus-638?utm_source>>u003dyext_places_gmb>>u0026utm_medium>>u003dplaces>>u0026utm_campaign>>u003dyext_traffic>>u0026utm_content>>u003d638","","","https://maps.google.com/?hl=en_US&cid=0x0:0x82a7f241078ffe5e",""
"business","Corporate office","AB-InBev Bryanston Office","56 Grosvenor Rd, Bryanston, Sandton, 2191","Sandton","Gauteng","","South Africa"," 0118818111","","http://www.sab.co.za/","","","https://maps.google.com/?hl=en_US&cid=0x0:0xce7e691bc9c657af",""
"business","Office space rental agency","2929 on Nicol","2929 Winnie Mandela Dr, Bryanston, Sandton, 2021","Sandton","Gauteng","","South Africa"," 0112913147","","https://burstone.com/property-portfolio/south-africa/2929-on-nicol","","","https://maps.google.com/?hl=en_US&cid=0x0:0x8dea028d7ca8ff08",""
"business","Corporate office","The Campus","Ground Floor, 57 Sloane St, Bryanston, Sandton, 2191","Sandton","Gauteng","","South Africa"," 0115758822","","http://thecampus.co.za/","","","https://maps.google.com/?hl=en_US&cid=0x0:0x7d15631b3cb8cd5c",""
"business","Real estate agency","Realyst Contract Management","4 Pieter Wenning Rd, Witkoppen, Sandton, 2068","Sandton","Gauteng","","South Africa"," 0108223571","info@realyst.com","http://www.realyst.com/","","","https://maps.google.com/?hl=en_US&cid=0x0:0x423148073dfec50c",""
"business","Computer consultant","BUI","3012 Winnie Mandela Dr, Bryanston, Sandton, 2191","Sandton","Gauteng","","South Africa"," 0116562862","","http://www.bui.co.za/","","","https://maps.google.com/?hl=en_US&cid=0x0:0x888fd94f437f0855",""
"business","Business management consultant","Valish (Pty) Ltd","Building 1, Ruby Cl, Witkoppen, Sandton, 2068","Sandton","Gauteng","","South Africa"," 0878222487","","","","","https://maps.google.com/?hl=en_US&cid=0x0:0xc4e7f4643dfe784b",""
"business","Business park","41 on Sloane","Sandton, 2191, 41 Sloane St, Bryanston, Johannesburg, 2191","Johannesburg","Gauteng","","South Africa"," 0110542500","hello@41sloane.co.za","https://41sloane.co.za/","","","https://maps.google.com/?hl=en_US&cid=0x0:0x52b17b766f61f0e7",""
"business","business","Bryanston","Sandton, 2191","Sandton","Gauteng","","South Africa","","","","","","https://maps.google.com/?hl=en_US&cid=0x0:0xbeb533755a3527fd",""
"business","Business management consultant","Milele Group","Unit 3, 1st Floor, Parc Nicol, Office Park Bryanston","Sandton","Gauteng","","South Africa"," 0114635554","","","","","https://maps.google.com/?hl=en_US&cid=0x0:0xa5854296fd9aef80",""
"business","Office space rental agency","Nicol Main Office Park Building A","2 Bruton Rd, Bryanston, Sandton, 2191","Sandton","Gauteng","","South Africa"," 0112913147","","","","","https://maps.google.com/?hl=en_US&cid=0x0:0xbf16112e797b91d5",""
"business","Business management consultant","Shiko Consulting","22 Sloane St, Bryanston, Sandton, 2191","Sandton","Gauteng","","South Africa"," 0620860616","","","","","https://maps.google.com/?hl=en_US&cid=0x0:0x89a7a01166db02cb",""
"business","Business management consultant","Tulo Vation","22 Sloane St, Bryanston, Sandton, 2191","Sandton","Gauteng","","South Africa"," 0115684660","","","","","https://maps.google.com/?hl=en_US&cid=0x0:0x6a5bd66e0b9d0fd5",""
"business","Software company","PRP Solutions","Building 9, Somerset Office Park, 5 Libertas Rd, Bryanston, Sandton, 2191","Sandton","Gauteng","","South Africa"," 0861000476","","https://www.prpsolutions.com/","","","https://maps.google.com/?hl=en_US&cid=0x0:0x2bfddb9a63d046e0",""
"business","Marketing agency","Digital Briefcase","Cube Workspace Bryanston, 1 Wedgewood Link Rd, Bryanston, Sandton, 2191","Sandton","Gauteng","","South Africa"," 0101410253","info@digitalbriefcase.co.za","http://digitalbriefcase.co.za/","","","https://maps.google.com/?hl=en_US&cid=0x0:0xeae6d526eb8f50b7",""
"business","Business management consultant","INDeX INNOVATION GROUP (PTY) LTD","1 Wedgewood Link Rd, Bryanston, Johannesburg, 2191","Johannesburg","Gauteng","","South Africa"," 0795538795","","http://indexinnovation.global/","","","https://maps.google.com/?hl=en_US&cid=0x0:0xbfef4e47c1e818ee",""
"business","Business management consultant","National Group","Westminster Ave, Bryanston, Sandton, 2191","Sandton","Gauteng","","South Africa"," 0102130484","info@nationalgroup.co.za","https://www.nationalgroup.co.za/","","","https://maps.google.com/?hl=en_US&cid=0x0:0xfbced005ac6c8627",""
"business","Recruiter","Wood","Building 2, Silver Stream Business Park, 10 Muswell Rd S, Johannesburg, 2021","Johannesburg","Gauteng","","South Africa"," 0118407300","investor.relations@woodplc.com","http://www.woodplc.com/","","","https://maps.google.com/?hl=en_US&cid=0x0:0x84f8835e3e84b32d",""
"business","BPO company","Serite Associates","Sloane St , Winnie Mandela Dr, Bryanston, Sandton, 2191","Sandton","Gauteng","","South Africa"," 0101101402","info@azaniaca.co.za","http://seriteca.co.za/","","","https://maps.google.com/?hl=en_US&cid=0x0:0xb30f12266d4fbe10",""
"business","Business management consultant","Tulo Vation","22 Sloane St, Bryanston, Sandton, 2191","Sandton","Gauteng","","South Africa"," 0115684660","","","","","https://maps.google.com/?hl=en_US&cid=0x0:0x6a5bd66e0b9d0fd5",""
"business","Advertising agency","Main Straight Office Park, Bryanston","2940 Winnie Mandela Dr, Bryanston, Sandton, 2191","Sandton","Gauteng","","South Africa","","","","","","https://maps.google.com/?hl=en_US&cid=0x0:0x4864cc82ccd4b4",""
"business","Video production service","The African Motion Picture Company","Wedgewood Link Rd, Bryanston, Sandton, 2191","Sandton","Gauteng","","South Africa"," 0114635059","justyn@africanmotion.co.za","http://www.africanmotion.co.za/","","","https://maps.google.com/?hl=en_US&cid=0x0:0x84686c59e66f5ccf",""
"business","Advertising agency","OOB Business","Gaunt Ave, Bryanston, Sandton, 2191","Sandton","Gauteng","","South Africa","","administrator@oob.busi","http://oob.business/","","","https://maps.google.com/?hl=en_US&cid=0x0:0xd597693212a5fd92",""
"business","Computer support and services","Expeditus","Ground floor, Atterbury House, Hampton Office Park, 20 Georgian Cres E, Bryanston, Johannesburg, 2191","Johannesburg","Gauteng","","South Africa"," 0100204852","info@expeditus.co.za","http://expeditus.co.za/","","","https://maps.google.com/?hl=en_US&cid=0x0:0x6194a7cf112f74e5",""
"business","Business management consultant","Arbour Consulting","The Main Office Straight, Portman Rd, Bryanston, Sandton, 2191","Sandton","Gauteng","","South Africa"," 0103000170","contact@arbour.co.za","http://www.arbour.co.za/","","","https://maps.google.com/?hl=en_US&cid=0x0:0xb5865ca20f1af110",""
"business","Accounting firm","More Core Management (Pty) Ltd","E, La Rocca Office Park, 321 Main Rd, Bryanston, Johannesburg, 2191","Johannesburg","Gauteng","","South Africa"," 0114631169","","http://www.morecore.co.za/","","","https://maps.google.com/?hl=en_US&cid=0x0:0xc9a032b1f616384a",""
"business","Marketing agency","Digital Briefcase","Cube Workspace Bryanston, 1 Wedgewood Link Rd, Bryanston, Sandton, 2191","Sandton","Gauteng","","South Africa"," 0101410253","info@digitalbriefcase.co.za","http://digitalbriefcase.co.za/","","","https://maps.google.com/?hl=en_US&cid=0x0:0xeae6d526eb8f50b7",""
"business","Business management consultant","National Group","Westminster Ave, Bryanston, Sandton, 2191","Sandton","Gauteng","","South Africa"," 0102130484","info@nationalgroup.co.za","https://www.nationalgroup.co.za/","","","https://maps.google.com/?hl=en_US&cid=0x0:0xfbced005ac6c8627",""
"business","Software company","PRP Solutions","Building 9, Somerset Office Park, 5 Libertas Rd, Bryanston, Sandton, 2191","Sandton","Gauteng","","South Africa"," 0861000476","","https://www.prpsolutions.com/","","","https://maps.google.com/?hl=en_US&cid=0x0:0x2bfddb9a63d046e0",""
"business","Tax consultant","Foreign Company Setup South Africa","57 Sloane St, Bryanston, Sandton, 2191","Sandton","Gauteng","","South Africa"," 0114670810","","https://foreigncompany.co.za/","","","https://maps.google.com/?hl=en_US&cid=0x0:0xe1819acad5f367ae",""
"business","Beverage distributor","Designer Water Bryanston","20 Georgian Cres E, Bryanston, Johannesburg, 2191","Johannesburg","Gauteng","","South Africa"," 0726456222","","","","","https://maps.google.com/?hl=en_US&cid=0x0:0xbc4fea0e42ad80bc",""
"business","Corporate office","Stonewedge Office Park","1 Wedgelink Rd, Bryanston, Johannesburg, 2031","Johannesburg","Gauteng","","South Africa"," 0116763000","","http://www.tourvest.co.za/","","","https://maps.google.com/?hl=en_US&cid=0x0:0x8dbd56a700c10e8d",""
"business","Business management consultant","Milele Group","Unit 3, 1st Floor, Parc Nicol, Office Park Bryanston","Sandton","Gauteng","","South Africa"," 0114635554","","","","","https://maps.google.com/?hl=en_US&cid=0x0:0xa5854296fd9aef80",""
"business","Recruiter","Wood","Building 2, Silver Stream Business Park, 10 Muswell Rd S, Johannesburg, 2021","Johannesburg","Gauteng","","South Africa"," 0118407300","investor.relations@woodplc.com","http://www.woodplc.com/","","","https://maps.google.com/?hl=en_US&cid=0x0:0x84f8835e3e84b32d",""
"business","Software company","epic ERP","1st Floor, Sedgwick House, 19 Muswell Rd S, Bryanston, Johannesburg, 2191","Johannesburg","Gauteng","","South Africa"," 0113670620","in@ep.za","http://www.epicerp.co.za/","","","https://maps.google.com/?hl=en_US&cid=0x0:0x82483d60ea5cb7c7",""
"business","Office space rental agency","Cube Workspace Bryanston","1 Wedgewood Link Rd, Bryanston, Johannesburg, 2191","Johannesburg","Gauteng","","South Africa"," 0861112823","info@cubeworkspace.co.za","http://cubeworkspace.co.za/","","","https://maps.google.com/?hl=en_US&cid=0x0:0x481368131dd81341",""
"business","Business management consultant","INDeX INNOVATION GROUP (PTY) LTD","1 Wedgewood Link Rd, Bryanston, Johannesburg, 2191","Johannesburg","Gauteng","","South Africa"," 0795538795","","http://indexinnovation.global/","","","https://maps.google.com/?hl=en_US&cid=0x0:0xbfef4e47c1e818ee",""
"business","business","Bryanston","Sandton, 2191","Sandton","Gauteng","","South Africa","","","","","","https://maps.google.com/?hl=en_US&cid=0x0:0xbeb533755a3527fd",""
"business","Office space rental agency","Wedgefield Office Park","17 Muswell Rd S, Bryanston, Sandton, 2191","Sandton","Gauteng","","South Africa","","sales@sireletsagroup.co.za","http://sireletsagroup.co.za/","","","https://maps.google.com/?hl=en_US&cid=0x0:0xc73cb8fa8fa4d630",""
"business","Business management consultant","Cassava Smartech","Anslow Office Park, 8 Anslow Ln, Bryanston, 2196","Sandton","Gauteng","","South Africa","","","http://cassavasmartech.com/","","","https://maps.google.com/?hl=en_US&cid=0x0:0x5c5460573879d119",""
"business","Chartered accountant","Moore Infinity","Silver Stream Business Park, 10 Muswell Rd, Bryanston, Sandton, 2191","Sandton","Gauteng","","South Africa"," 0114218374","","https://www.moore-southafrica.com/","","","https://maps.google.com/?hl=en_US&cid=0x0:0xbff625965cf91240",""
"business","Business management consultant","Uyandiswa","Nicol on Main Office Park, 2 Bruton Rd, Bryanston, Sandton, 2191","Sandton","Gauteng","","South Africa"," 0109003234","info@uyandiswa.com","http://uyandiswa.com/","","","https://maps.google.com/?hl=en_US&cid=0x0:0x9cb4a35c412fc4d4",""
"business","Business management consultant","Shiko Consulting","22 Sloane St, Bryanston, Sandton, 2191","Sandton","Gauteng","","South Africa"," 0620860616","","","","","https://maps.google.com/?hl=en_US&cid=0x0:0x89a7a01166db02cb",""
"business","Investment service","HL HALL  SONS HOLDINGS GROUP","Ground Floor, Moraine House - The Braes, 193 Bryanston Dr, Bryanston, 2191","Sandton","Gauteng","","South Africa"," 0114636327","","","","","https://maps.google.com/?hl=en_US&cid=0x0:0x890f1f9646354dc8",""
"business","Office space rental agency","The Campus","Main Rd, Bryanston, Midrand, 2191","Midrand","Gauteng","","South Africa"," 0115758822","","https://thecampus.co.za/","","","https://maps.google.com/?hl=en_US&cid=0x0:0x76f3b71aa3d74d7d",""
"business","BPO company","Serite Associates","Sloane St , Winnie Mandela Dr, Bryanston, Sandton, 2191","Sandton","Gauteng","","South Africa"," 0101101402","info@azaniaca.co.za","http://seriteca.co.za/","","","https://maps.google.com/?hl=en_US&cid=0x0:0xb30f12266d4fbe10",""
"business","Human resource consulting","Encapsulate Consulting","Cedarwood House, 33 Ballyclare Drive Ballywoods Office Park, Bryanston, Johannesburg, 2191","Johannesburg","Gauteng","","South Africa"," 0105906278","info@encapsulate.co.za","https://encapsulate.co.za/","","","https://maps.google.com/?hl=en_US&cid=0x0:0x6bf8e28dfc3a8448",""
"business","Accounting firm","Digital CFO","68 Hobart Rd, Bryanston, Johannesburg, 2191","Johannesburg","Gauteng","","South Africa"," 0655676380","","http://www.digitalcfo.co.za/","","","https://maps.google.com/?hl=en_US&cid=0x0:0xeb8fa849dd7accb4",""
"business","Business management consultant","National Group","Westminster Ave, Bryanston, Sandton, 2191","Sandton","Gauteng","","South Africa"," 0102130484","info@nationalgroup.co.za","https://www.nationalgroup.co.za/","","","https://maps.google.com/?hl=en_US&cid=0x0:0xfbced005ac6c8627",""
"business","Corporate office","The Campus","Ground Floor, 57 Sloane St, Bryanston, Sandton, 2191","Sandton","Gauteng","","South Africa"," 0115758822","","http://thecampus.co.za/","","","https://maps.google.com/?hl=en_US&cid=0x0:0x7d15631b3cb8cd5c",""
"business","Tax consultant","Foreign Company Setup South Africa","57 Sloane St, Bryanston, Sandton, 2191","Sandton","Gauteng","","South Africa"," 0114670810","","https://foreigncompany.co.za/","","","https://maps.google.com/?hl=en_US&cid=0x0:0xe1819acad5f367ae",""
"business","Business management consultant","Tulo Vation","22 Sloane St, Bryanston, Sandton, 2191","Sandton","Gauteng","","South Africa"," 0115684660","","","","","https://maps.google.com/?hl=en_US&cid=0x0:0x6a5bd66e0b9d0fd5",""
"business","Business management consultant","Cassava Smartech","Anslow Office Park, 8 Anslow Ln, Bryanston, 2196","Sandton","Gauteng","","South Africa","","","http://cassavasmartech.com/","","","https://maps.google.com/?hl=en_US&cid=0x0:0x5c5460573879d119",""
"business","Software company","PRP Solutions","Building 9, Somerset Office Park, 5 Libertas Rd, Bryanston, Sandton, 2191","Sandton","Gauteng","","South Africa"," 0861000476","","https://www.prpsolutions.com/","","","https://maps.google.com/?hl=en_US&cid=0x0:0x2bfddb9a63d046e0",""
"business","Office space rental agency","The Campus","Main Rd, Bryanston, Midrand, 2191","Midrand","Gauteng","","South Africa"," 0115758822","","https://thecampus.co.za/","","","https://maps.google.com/?hl=en_US&cid=0x0:0x76f3b71aa3d74d7d",""
"business","BPO company","Serite Associates","Sloane St , Winnie Mandela Dr, Bryanston, Sandton, 2191","Sandton","Gauteng","","South Africa"," 0101101402","info@azaniaca.co.za","http://seriteca.co.za/","","","https://maps.google.com/?hl=en_US&cid=0x0:0xb30f12266d4fbe10",""
"business","Business management consultant","Innovation Boutique","Hobart Road, Bryanston, Johannesburg, 2191","Johannesburg","Gauteng","","South Africa"," 0105911251","","","","","https://maps.google.com/?hl=en_US&cid=0x0:0xf27ec95161913c6c",""
"business","Business management consultant","Shiko Consulting","22 Sloane St, Bryanston, Sandton, 2191","Sandton","Gauteng","","South Africa"," 0620860616","","","","","https://maps.google.com/?hl=en_US&cid=0x0:0x89a7a01166db02cb",""
"business","Consultant","Oak Business Solutions (Pty) Ltd","1 Wedgewood Link Rd, Bryanston, Sandton, 2191","Sandton","Gauteng","","South Africa"," 0101406642","info@oakbiz.co.za","https://www.oakbiz.co.za/","","","https://maps.google.com/?hl=en_US&cid=0x0:0x72d5e52c98f7479f",""
"business","Corporate office","Stonewedge Office Park","1 Wedgelink Rd, Bryanston, Johannesburg, 2031","Johannesburg","Gauteng","","South Africa"," 0116763000","","http://www.tourvest.co.za/","","","https://maps.google.com/?hl=en_US&cid=0x0:0x8dbd56a700c10e8d",""
"business","Marketing consultant","Kantar Retail","78 Peter Place, Bryanston, Sandton, 2191","Sandton","Gauteng","","South Africa"," 0110829729","","","","","https://maps.google.com/?hl=en_US&cid=0x0:0x1705a28e3d997d91",""
"business","Business management consultant","Total Business Consulting","39A Bruton Rd, Bryanston, Sandton, 2191","Sandton","Gauteng","","South Africa"," 0114634549","info@totalbusinessconsulting.co.za","http://totalbusinessconsulting.co.za/","","","https://maps.google.com/?hl=en_US&cid=0x0:0xdcee173d86cb0e7",""
"business","Business management consultant","Business Intelligent","20 Georgian Cres E, Bryanston, 2191","Bryanston","Gauteng","","South Africa"," 0842444129","","http://www.businessintelligent.co.za/","","","https://maps.google.com/?hl=en_US&cid=0x0:0xee952d34b0c411c1",""
"business","Marketing agency","Digital Briefcase","Cube Workspace Bryanston, 1 Wedgewood Link Rd, Bryanston, Sandton, 2191","Sandton","Gauteng","","South Africa"," 0101410253","info@digitalbriefcase.co.za","http://digitalbriefcase.co.za/","","","https://maps.google.com/?hl=en_US&cid=0x0:0xeae6d526eb8f50b7",""
"business","Investment service","HL HALL  SONS HOLDINGS GROUP","Ground Floor, Moraine House - The Braes, 193 Bryanston Dr, Bryanston, 2191","Sandton","Gauteng","","South Africa"," 0114636327","","","","","https://maps.google.com/?hl=en_US&cid=0x0:0x890f1f9646354dc8",""
"business","Corporate office","Gartner South Africa (Pty) Ltd","The Main Straight Office Park, 392 Main Road,, Building A, 1st Floor, Bryanston, Johannesburg, 2191","Johannesburg","Gauteng","","South Africa"," 0110732700","","http://www.gartner.com/","","","https://maps.google.com/?hl=en_US&cid=0x0:0x83e7a49c18175a76",""
"business","business","Bryanston","Sandton, 2191","Sandton","Gauteng","","South Africa","","","","","","https://maps.google.com/?hl=en_US&cid=0x0:0xbeb533755a3527fd",""
"business","Recruiter","Wood","Building 2, Silver Stream Business Park, 10 Muswell Rd S, Johannesburg, 2021","Johannesburg","Gauteng","","South Africa"," 0118407300","investor.relations@woodplc.com","http://www.woodplc.com/","","","https://maps.google.com/?hl=en_US&cid=0x0:0x84f8835e3e84b32d",""
"business","Advertising agency","OOB Business","Gaunt Ave, Bryanston, Sandton, 2191","Sandton","Gauteng","","South Africa","","administrator@oob.busi","http://oob.business/","","","https://maps.google.com/?hl=en_US&cid=0x0:0xd597693212a5fd92",""
"business","Accounting firm","More Core Management (Pty) Ltd","E, La Rocca Office Park, 321 Main Rd, Bryanston, Johannesburg, 2191","Johannesburg","Gauteng","","South Africa"," 0114631169","","http://www.morecore.co.za/","","","https://maps.google.com/?hl=en_US&cid=0x0:0xc9a032b1f616384a",""
"business","Accounting firm","Digital CFO","68 Hobart Rd, Bryanston, Johannesburg, 2191","Johannesburg","Gauteng","","South Africa"," 0655676380","","http://www.digitalcfo.co.za/","","","https://maps.google.com/?hl=en_US&cid=0x0:0xeb8fa849dd7accb4",""
"business","business","Gauteng","","","Gauteng","","South Africa","","","","","","https://maps.google.com/?hl=en_US&cid=0x0:0x6d9ee7c7cb5438e2",""
"business","Software company","Compuscan","Ext 7, Ballyoaks Office Park, 35 Ballyclare Dr, Bryanston, Sandton, 2191","Sandton","Gauteng","","South Africa"," 0114638575","","","","","https://maps.google.com/?hl=en_US&cid=0x0:0x49817c5748e1bb2a",""
"business","Business management consultant","TTI SI South Africa","10 Muswell Rd, Silver Stream Business Park, Sandton, 2062","Sandton","Gauteng","","South Africa","","","","","","https://maps.google.com/?hl=en_US&cid=0x0:0xe64b55157b3e4c4c",""
"business","Financial planner","The Mogaladi Group","17 Muswell Rd South Wedgefield Office Park, Bryanston, Sandton, 2191","Sandton","Gauteng","","South Africa"," 0115400119","","http://mogaladigroup.com/","","","https://maps.google.com/?hl=en_US&cid=0x0:0xa526ad858a4d2a6b",""
"business","Holding company","C I M S South Africa (Pty) Ltd","25A Eaton Ave, Bryanston, Sandton, 2191","Sandton","Gauteng","","South Africa"," 0114638723","","http://www.cimssa.co.za/","","","https://maps.google.com/?hl=en_US&cid=0x0:0xc82427c362ad8888",""
"business","Corporate office","The Campus","Ground Floor, 57 Sloane St, Bryanston, Sandton, 2191","Sandton","Gauteng","","South Africa"," 0115758822","","http://thecampus.co.za/","","","https://maps.google.com/?hl=en_US&cid=0x0:0x7d15631b3cb8cd5c",""
"business","Business management consultant","Business Intelligent","20 Georgian Cres E, Bryanston, 2191","Bryanston","Gauteng","","South Africa"," 0842444129","","http://www.businessintelligent.co.za/","","","https://maps.google.com/?hl=en_US&cid=0x0:0xee952d34b0c411c1",""
"business","Marketing agency","Google, Johannesburg","Building E, Ballyoaks Office Park, 35 Ballyclare Dr, Johannesburg, 2021","Johannesburg","Gauteng","","South Africa","","","","","","https://maps.google.com/?hl=en_US&cid=0x0:0x8caaabb3684fceb1",""
"business","Corporate office","Gartner South Africa (Pty) Ltd","The Main Straight Office Park, 392 Main Road,, Building A, 1st Floor, Bryanston, Johannesburg, 2191","Johannesburg","Gauteng","","South Africa"," 0110732700","","http://www.gartner.com/","","","https://maps.google.com/?hl=en_US&cid=0x0:0x83e7a49c18175a76",""
"business","Business management consultant","Milele Group","Unit 3, 1st Floor, Parc Nicol, Office Park Bryanston","Sandton","Gauteng","","South Africa"," 0114635554","","","","","https://maps.google.com/?hl=en_US&cid=0x0:0xa5854296fd9aef80",""
"business","Business management consultant","Synergist","Ground Floor, Cedarwood House, Ballywoods Office Park, 33 Ballyclare Dr, Bryanston, Sandton, 2060","Sandton","Gauteng","","South Africa"," 0115400224","","http://www.synergistgroup.co.za/","","","https://maps.google.com/?hl=en_US&cid=0x0:0xb3ce46f09b691bf8",""
"business","Business management consultant","Total Business Consulting","39A Bruton Rd, Bryanston, Sandton, 2191","Sandton","Gauteng","","South Africa"," 0114634549","info@totalbusinessconsulting.co.za","http://totalbusinessconsulting.co.za/","","","https://maps.google.com/?hl=en_US&cid=0x0:0xdcee173d86cb0e7",""
"business","Office space rental agency","The Campus","Main Rd, Bryanston, Midrand, 2191","Midrand","Gauteng","","South Africa"," 0115758822","","https://thecampus.co.za/","","","https://maps.google.com/?hl=en_US&cid=0x0:0x76f3b71aa3d74d7d",""
"business","General store","FeverTree Consulting","Ironwood House, Ballywood Office Park, 33 Ballyclare Dr, Bryanston, Johannesburg, 2074","Johannesburg","Gauteng","","South Africa"," 0113847800","","http://www.fevertreeconsulting.com/","","","https://maps.google.com/?hl=en_US&cid=0x0:0x4c3d2f35498576aa",""
"business","Business management consultant","Kantar Added Value South Africa","3012a Winnie Mandela Dr, Bryanston, Sandton, 2191","Sandton","Gauteng","","South Africa"," 0110829700","","http://za.added-value.com/","","","https://maps.google.com/?hl=en_US&cid=0x0:0x5cad28bfd3c5c659",""
"business","Human resource consulting","Encapsulate Consulting","Cedarwood House, 33 Ballyclare Drive Ballywoods Office Park, Bryanston, Johannesburg, 2191","Johannesburg","Gauteng","","South Africa"," 0105906278","info@encapsulate.co.za","https://encapsulate.co.za/","","","https://maps.google.com/?hl=en_US&cid=0x0:0x6bf8e28dfc3a8448",""
"business","Business management consultant","TTI SI South Africa","10 Muswell Rd, Silver Stream Business Park, Sandton, 2062","Sandton","Gauteng","","South Africa","","","","","","https://maps.google.com/?hl=en_US&cid=0x0:0xe64b55157b3e4c4c",""
"business","Accounting firm","More Core Management (Pty) Ltd","E, La Rocca Office Park, 321 Main Rd, Bryanston, Johannesburg, 2191","Johannesburg","Gauteng","","South Africa"," 0114631169","","http://www.morecore.co.za/","","","https://maps.google.com/?hl=en_US&cid=0x0:0xc9a032b1f616384a",""
"business","Business management consultant","Shiko Consulting","22 Sloane St, Bryanston, Sandton, 2191","Sandton","Gauteng","","South Africa"," 0620860616","","","","","https://maps.google.com/?hl=en_US&cid=0x0:0x89a7a01166db02cb",""
"business","Computer support and services","Expeditus","Ground floor, Atterbury House, Hampton Office Park, 20 Georgian Cres E, Bryanston, Johannesburg, 2191","Johannesburg","Gauteng","","South Africa"," 0100204852","info@expeditus.co.za","http://expeditus.co.za/","","","https://maps.google.com/?hl=en_US&cid=0x0:0x6194a7cf112f74e5",""
"business","Business management consultant","Arbour Consulting","The Main Office Straight, Portman Rd, Bryanston, Sandton, 2191","Sandton","Gauteng","","South Africa"," 0103000170","contact@arbour.co.za","http://www.arbour.co.za/","","","https://maps.google.com/?hl=en_US&cid=0x0:0xb5865ca20f1af110",""
"business","Recruiter","Wood","Building 2, Silver Stream Business Park, 10 Muswell Rd S, Johannesburg, 2021","Johannesburg","Gauteng","","South Africa"," 0118407300","investor.relations@woodplc.com","http://www.woodplc.com/","","","https://maps.google.com/?hl=en_US&cid=0x0:0x84f8835e3e84b32d",""
"business","business","Gauteng","","","Gauteng","","South Africa","","","","","","https://maps.google.com/?hl=en_US&cid=0x0:0x6d9ee7c7cb5438e2",""
"business","Accounting firm","Thrive Corporate Advisors","Ground Floor, Block G, Wedgewood Office Park, 3 Muswell Rd S, Bryanston, Sandton, 2191","Sandton","Gauteng","","South Africa"," 0115756899","info@thriveadvisors.co.za","http://thriveadvisors.co.za/","","","https://maps.google.com/?hl=en_US&cid=0x0:0x6c4d5ff7c50e33c6",""
"business","Business management consultant","Innovation Boutique","Hobart Road, Bryanston, Johannesburg, 2191","Johannesburg","Gauteng","","South Africa"," 0105911251","","","","","https://maps.google.com/?hl=en_US&cid=0x0:0xf27ec95161913c6c",""
"business","Marketing agency","Digital Briefcase","Cube Workspace Bryanston, 1 Wedgewood Link Rd, Bryanston, Sandton, 2191","Sandton","Gauteng","","South Africa"," 0101410253","info@digitalbriefcase.co.za","http://digitalbriefcase.co.za/","","","https://maps.google.com/?hl=en_US&cid=0x0:0xeae6d526eb8f50b7",""
"business","Office space rental agency","Cube Workspace Bryanston","1 Wedgewood Link Rd, Bryanston, Johannesburg, 2191","Johannesburg","Gauteng","","South Africa"," 0861112823","info@cubeworkspace.co.za","http://cubeworkspace.co.za/","","","https://maps.google.com/?hl=en_US&cid=0x0:0x481368131dd81341",""
"business","business","Bryanston","Sandton, 2191","Sandton","Gauteng","","South Africa","","","","","","https://maps.google.com/?hl=en_US&cid=0x0:0xbeb533755a3527fd",""
"business","Business management consultant","IT Business","2nd Floor, Building A, Knightsbridge, 33 Sloane St, Bryanston, Sandton, 2191","Sandton","Gauteng","","South Africa"," 0114627450","info@itbusiness.co.za","http://www.itbusiness.co.za/","","","https://maps.google.com/?hl=en_US&cid=0x0:0x6ed3ed82afd309c3",""
"business","BPO company","Serite Associates","Sloane St , Winnie Mandela Dr, Bryanston, Sandton, 2191","Sandton","Gauteng","","South Africa"," 0101101402","info@azaniaca.co.za","http://seriteca.co.za/","","","https://maps.google.com/?hl=en_US&cid=0x0:0xb30f12266d4fbe10",""
"business","Accounting firm","Digital CFO","68 Hobart Rd, Bryanston, Johannesburg, 2191","Johannesburg","Gauteng","","South Africa"," 0655676380","hello@digitalcfo.co.za","http://www.digitalcfo.co.za/","","","https://maps.google.com/?hl=en_US&cid=0x0:0xeb8fa849dd7accb4",""
"business","Business management consultant","INTEPRIT LANGUAGE SOLUTIONS","27, Ballywoods Office Park, 33 Ballyclare Dr, Bryanston, Johannesburg, 2191","Johannesburg","Gauteng","","South Africa"," 0115400311","devon.bezuidenhout@inteprit.com","https://www.inteprit.com/","","","https://maps.google.com/?hl=en_US&cid=0x0:0x35eeeda42e11047b",""
"business","Corporate office","Merchants","57 Sloane Street Ground Floor, Roland Garros Building, The Campus, Bryanston, Sandton, 2191","Sandton","Gauteng","","South Africa"," 0115752000","","http://www.merchantscx.com/","","","https://maps.google.com/?hl=en_US&cid=0x0:0x17f2726b590a7069",""
"business","Software company","Sekhara Consulting Solutions","Office 52, Bryanston Business Centre, Corner of 12th Avenue and Gemsbok Lane, Sandton, 0083","Sandton","Gauteng","","South Africa"," 0116123192","","","","","https://maps.google.com/?hl=en_US&cid=0x0:0xb574417d999f3f0",""
"business","Software company","Blueprints","31 11th Ave, Rivonia, Sandton, 2128","Sandton","Gauteng","","South Africa"," 0112348172","","https://www.blueprints.co.za/","","","https://maps.google.com/?hl=en_US&cid=0x0:0xed374da34feb51f2",""
"business","Corporate office","Stonewedge Office Park","1 Wedgelink Rd, Bryanston, Johannesburg, 2031","Johannesburg","Gauteng","","South Africa"," 0116763000","","http://www.tourvest.co.za/","","","https://maps.google.com/?hl=en_US&cid=0x0:0x8dbd56a700c10e8d",""
"business","Engineering consultant","ProjectLab (Pty) Ltd","Ground Floor, North Block Bradenham Hall Office Park, Mellis Rd, Rivonia, 2128","Sandton","Gauteng","","South Africa"," 0718985622","info@projectlab.co.za","http://projectlab.co.za/","","","https://maps.google.com/?hl=en_US&cid=0x0:0x5003ef1060a9f434",""
"business","Computer support and services","Rayburn Consulting","45 Wessel Rd, Rivonia, 2128","Rivonia","Gauteng","","South Africa"," 0101096200","sales@rayburnholdings.com","http://rayburnholdings.com/","","","https://maps.google.com/?hl=en_US&cid=0x0:0xf881baaf81e01a2d",""
"business","Consultant","Oak Business Solutions (Pty) Ltd","1 Wedgewood Link Rd, Bryanston, Sandton, 2191","Sandton","Gauteng","","South Africa"," 0101406642","info@oakbiz.co.za","https://www.oakbiz.co.za/","","","https://maps.google.com/?hl=en_US&cid=0x0:0x72d5e52c98f7479f",""
"business","Business management consultant","Innovation Boutique","Hobart Road, Bryanston, Johannesburg, 2191","Johannesburg","Gauteng","","South Africa"," 0105911251","","","","","https://maps.google.com/?hl=en_US&cid=0x0:0xf27ec95161913c6c",""
"business","Business management consultant","Luvivi Corporate Governance","377 Rivonia Blvd, Rivonia, Sandton, 2128","Sandton","Gauteng","","South Africa"," 0726876820","info@luvivi.co.za","http://luvivi.co.za/","","","https://maps.google.com/?hl=en_US&cid=0x0:0x9566892b0ba02ac2",""
"business","Business management consultant","Business Intelligent","20 Georgian Cres E, Bryanston, 2191","Bryanston","Gauteng","","South Africa"," 0842444129","","http://www.businessintelligent.co.za/","","","https://maps.google.com/?hl=en_US&cid=0x0:0xee952d34b0c411c1",""
"business","Business management consultant","NPI Governance Consulting (Pty) Ltd","IQ Business Park, 3 3rd Ave, Edenburg, Sandton, 2128","Sandton","Gauteng","","South Africa"," 0112594018","info@npiconsulting.co.za","http://npiconsulting.co.za/","","","https://maps.google.com/?hl=en_US&cid=0x0:0xbb43d7ab964232e0",""
"business","Chamber of Commerce","British Chamber of Business in Southern Africa","Block C, Henley Business School, 1 Witkoppen Rd, Paulshof, Sandton, 2191","Sandton","Gauteng","","South Africa"," 0875502606","info@bcbafrica.com","http://www.bcbafrica.com/","","","https://maps.google.com/?hl=en_US&cid=0x0:0xfbc44860376ec2a8",""
"business","Office space rental agency","Cube Workspace Bryanston","1 Wedgewood Link Rd, Bryanston, Johannesburg, 2191","Johannesburg","Gauteng","","South Africa"," 0861112823","info@cubeworkspace.co.za","http://cubeworkspace.co.za/","","","https://maps.google.com/?hl=en_US&cid=0x0:0x481368131dd81341",""
"business","Business park","Regus - Johannesburg Bryanston The Campus","Ground Floor, The Campus, Twickenham Building, Cnr Main , Sloane St, Bryanston, Johannesburg, 2021","Johannesburg","Gauteng","","South Africa"," 0115756000","","https://www.regus.com/en-gb/south-africa/johannesburg/bryanston-the-campus-638?utm_source>>u003dyext_places_gmb>>u0026utm_medium>>u003dplaces>>u0026utm_campaign>>u003dyext_traffic>>u0026utm_content>>u003d638","","","https://maps.google.com/?hl=en_US&cid=0x0:0x82a7f241078ffe5e",""
"business","Engineering consultant","METC Engineering","12 Autumn St, Rivonia, Johannesburg, 2128","Johannesburg","Gauteng","","South Africa"," 0878088862","info@metcengineering.com","http://www.metcengineering.com/","","","https://maps.google.com/?hl=en_US&cid=0x0:0x50cc6e17990e83aa",""
"business","Marketing agency","EVRA Consulting (Pty) Ltd","Block A, Rivonia Close, 322 Rivonia Blvd, Edenburg, Sandton, 2128","Sandton","Gauteng","","South Africa"," 0112348410","","https://www.evraconsulting.com/","","","https://maps.google.com/?hl=en_US&cid=0x0:0xc0a26f0c2038b83b",""
"business","Financial planner","AC Corporate Transaction Services","131 12th Ave, Edenburg, Sandton, 2128","Sandton","Gauteng","","South Africa","","info@accts.co.za","http://www.accts.co.za/","","","https://maps.google.com/?hl=en_US&cid=0x0:0xf2b45e1138a34ee1",""
"business","Business management consultant","Total Business Consulting","39A Bruton Rd, Bryanston, Sandton, 2191","Sandton","Gauteng","","South Africa"," 0114634549","info@totalbusinessconsulting.co.za","http://totalbusinessconsulting.co.za/","","","https://maps.google.com/?hl=en_US&cid=0x0:0xdcee173d86cb0e7",""
"business","Business management consultant","UNHU Business Solutions","22 Sloane St, Bryanston, Sandton, 2191","Sandton","Gauteng","","South Africa"," 0671338169","","","","","https://maps.google.com/?hl=en_US&cid=0x0:0x58e8f8e4ee744870",""
"business","business","2128","Sandton","Sandton","Gauteng","","South Africa","","","","","","https://maps.google.com/?hl=en_US&cid=0x0:0x8b9d8de88c7f75bf",""
"business","Business management consultant","Milele Group","Unit 3, 1st Floor, Parc Nicol, Office Park Bryanston","Sandton","Gauteng","","South Africa"," 0114635554","","","","","https://maps.google.com/?hl=en_US&cid=0x0:0xa5854296fd9aef80",""
"business","Business management consultant","New Leaf Technologies","2128, 3A 5th Ave, Edenburg, Sandton, 2128","Sandton","Gauteng","","South Africa"," 0112341159","","https://www.newleaftech.com/","","","https://maps.google.com/?hl=en_US&cid=0x0:0x4c2c5a9c8422ac27",""
"business","Business management consultant","National Group","Westminster Ave, Bryanston, Sandton, 2191","Sandton","Gauteng","","South Africa"," 0102130484","info@nationalgroup.co.za","https://www.nationalgroup.co.za/","","","https://maps.google.com/?hl=en_US&cid=0x0:0xfbced005ac6c8627",""
"business","Software company","PRP Solutions","Building 9, Somerset Office Park, 5 Libertas Rd, Bryanston, Sandton, 2191","Sandton","Gauteng","","South Africa"," 0861000476","","https://www.prpsolutions.com/","","","https://maps.google.com/?hl=en_US&cid=0x0:0x2bfddb9a63d046e0",""
"business","Business management consultant","Shiko Consulting","22 Sloane St, Bryanston, Sandton, 2191","Sandton","Gauteng","","South Africa"," 0620860616","","","","","https://maps.google.com/?hl=en_US&cid=0x0:0x89a7a01166db02cb",""
"business","Recruiter","Wood","Building 2, Silver Stream Business Park, 10 Muswell Rd S, Johannesburg, 2021","Johannesburg","Gauteng","","South Africa"," 0118407300","investor.relations@woodplc.com","http://www.woodplc.com/","","","https://maps.google.com/?hl=en_US&cid=0x0:0x84f8835e3e84b32d",""
"business","Marketing agency","Digital Briefcase","Cube Workspace Bryanston, 1 Wedgewood Link Rd, Bryanston, Sandton, 2191","Sandton","Gauteng","","South Africa"," 0101410253","info@digitalbriefcase.co.za","http://digitalbriefcase.co.za/","","","https://maps.google.com/?hl=en_US&cid=0x0:0xeae6d526eb8f50b7",""
"business","Business management consultant","Cassava Smartech","Anslow Office Park, 8 Anslow Ln, Bryanston, 2196","Sandton","Gauteng","","South Africa","","","http://cassavasmartech.com/","","","https://maps.google.com/?hl=en_US&cid=0x0:0x5c5460573879d119",""
"business","Software company","The CRM Team","Microsoft Corporate Hill Office Park, 3012 Winnie Mandela Dr, Bryanston, Sandton, 2191","Sandton","Gauteng","","South Africa"," 0100155123","","","","","https://maps.google.com/?hl=en_US&cid=0x0:0x487dc6836e52d90f",""
"business","Business management consultant","SAPRO Africa","Block B, Knightsbridge Office Park, 33 Sloane St, Bryanston, Sandton, 2191","Sandton","Gauteng","","South Africa"," 0101572342","hr@sapro.com","https://www.sapro.com/","","","https://maps.google.com/?hl=en_US&cid=0x0:0xa9bd8c64b7af8aaf",""
"business","Computer consultant","BUI","3012 Winnie Mandela Dr, Bryanston, Sandton, 2191","Sandton","Gauteng","","South Africa"," 0116562862","","http://www.bui.co.za/","","","https://maps.google.com/?hl=en_US&cid=0x0:0x888fd94f437f0855",""
"business","Software company","Data Sciences Corporation (Pty) Ltd.","3 Georgian Cres W, Bryanston East, Johannesburg, 2191","Johannesburg","Gauteng","","South Africa"," 0861777372","info@datasciences.co.za","http://www.datasciences.co.za/","","","https://maps.google.com/?hl=en_US&cid=0x0:0xb146e5e42d96159c",""
"business","Investment company","investRand","Saint Andrews Office Park, OB Meadowbrook Ln, Epsom Downs, Bryanston, Johannesburg, 2152","Johannesburg","Gauteng","","South Africa"," 0871140575","info@investrand.co.za","https://www.investrand.co.za/","","","https://maps.google.com/?hl=en_US&cid=0x0:0xdaa8f9c3c423fcbc",""
"business","Business management consultant","Business Intelligent","20 Georgian Cres E, Bryanston, 2191","Bryanston","Gauteng","","South Africa"," 0842444129","","http://www.businessintelligent.co.za/","","","https://maps.google.com/?hl=en_US&cid=0x0:0xee952d34b0c411c1",""
"business","Software company","Simang Group (PTY) Ltd","Hampton Office Park, 1st Floor, Devon House, 20 Georgian Cres E, Bryanston East, Johannesburg, 2152","Johannesburg","Gauteng","","South Africa"," 0118821392","","","","","https://maps.google.com/?hl=en_US&cid=0x0:0x1013bb64fae499e4",""
"business","Human resource consulting","InterGest South Africa","Ground Floor, Block C, Knightsbridge Office Park, 33 Sloane St, Bryanston East, Bryanston, 2021","Bryanston","Gauteng","","South Africa"," 0114761725","","","","","https://maps.google.com/?hl=en_US&cid=0x0:0xc1db8260f79427e0",""
"business","Print shop","Minuteman Press Printing Bryanston  Randburg","Sloane Square, 18 Sloane St, Bryanston, Sandton, 2191","Sandton","Gauteng","","South Africa"," 0117877327","","https://minuteman.com/za/locations/gauteng/randburg/","","","https://maps.google.com/?hl=en_US&cid=0x0:0xdf9ca3c39e4350f4",""
"business","Legal services","Telfer Inc","Block A, Ground Floor, 28 On Sloane, 28 Sloane St, Bryanston, Johannesburg, 2191","Johannesburg","Gauteng","","South Africa"," 0112672600","queries@telferinc.co.za","https://www.telferinc.co.za/","","","https://maps.google.com/?hl=en_US&cid=0x0:0x30494dd72ac36968",""
"business","Software company","Nutcracker","1st Floor, HIghbury House, Hamptons Office Park, 20 Georgian Cres E, Bryanston, Sandton, 2021","Sandton","Gauteng","","South Africa"," 0105934688","","","","","https://maps.google.com/?hl=en_US&cid=0x0:0xb2889e22713c137f",""
"business","Business management consultant","Shiko Consulting","22 Sloane St, Bryanston, Sandton, 2191","Sandton","Gauteng","","South Africa"," 0620860616","","","","","https://maps.google.com/?hl=en_US&cid=0x0:0x89a7a01166db02cb",""
"business","Insurance agency","Coface South Africa","3021 Winnie Mandela Dr, Bryanston, Sandton, 2191","Sandton","Gauteng","","South Africa"," 0112449444","","http://www.coface.co.za/","","","https://maps.google.com/?hl=en_US&cid=0x0:0x8c7c605aa92e0a2d",""
"business","Business management consultant","SAPRO Africa","Block B, Knightsbridge Office Park, 33 Sloane St, Bryanston, Sandton, 2191","Sandton","Gauteng","","South Africa"," 0101572342","hr@sapro.com","https://www.sapro.com/","","","https://maps.google.com/?hl=en_US&cid=0x0:0xa9bd8c64b7af8aaf",""
"business","Business management consultant","Tulo Vation","22 Sloane St, Bryanston, Sandton, 2191","Sandton","Gauteng","","South Africa"," 0115684660","","","","","https://maps.google.com/?hl=en_US&cid=0x0:0x6a5bd66e0b9d0fd5",""
"business","Business management consultant","UNHU Business Solutions","22 Sloane St, Bryanston, Sandton, 2191","Sandton","Gauteng","","South Africa"," 0671338169","","","","","https://maps.google.com/?hl=en_US&cid=0x0:0x58e8f8e4ee744870",""
"business","BPO company","Serite Associates","Sloane St , Winnie Mandela Dr, Bryanston, Sandton, 2191","Sandton","Gauteng","","South Africa"," 0101101402","info@azaniaca.co.za","http://seriteca.co.za/","","","https://maps.google.com/?hl=en_US&cid=0x0:0xb30f12266d4fbe10",""
"business","Tax consultant","Foreign Company Setup South Africa","57 Sloane St, Bryanston, Sandton, 2191","Sandton","Gauteng","","South Africa"," 0114670810","","https://foreigncompany.co.za/","","","https://maps.google.com/?hl=en_US&cid=0x0:0xe1819acad5f367ae",""
"business","Video production service","Black Brain Pictures","15 Sloane St, Epsom Downs, Sandton, 2152","Sandton","Gauteng","","South Africa"," 0117096600","blackbrainsa@gmail.com","http://www.blackbrain.co.za/","","","https://maps.google.com/?hl=en_US&cid=0x0:0x74acbc9ee894f062",""
"business","Engineer","Mariswe (Pty) Ltd","Mariswe House, Eton Office Park West, Harrison Ave, Bryanston, Johannesburg, 2021","Johannesburg","Gauteng","","South Africa"," 0117098420","bryanston@mariswe.com","http://www.mariswe.com/","","","https://maps.google.com/?hl=en_US&cid=0x0:0xee9dc33a77570fc5",""
"business","Warehouse","Hitachi Vantara","20 Georgian Cres E, Bryanston East, Sandton, 2152","Sandton","Gauteng","","South Africa"," 0117450100","some@email.com","http://www.hitachivantara.com/","","","https://maps.google.com/?hl=en_US&cid=0x0:0x9edf2d271c23bc63",""
"business","business","2152","Sandton","Sandton","Gauteng","","South Africa","","","","","","https://maps.google.com/?hl=en_US&cid=0x0:0xc2a79ae4ec432a8f",""
"business","Business management consultant","Innovation Boutique","Hobart Road, Bryanston, Johannesburg, 2191","Johannesburg","Gauteng","","South Africa"," 0105911251","","","","","https://maps.google.com/?hl=en_US&cid=0x0:0xf27ec95161913c6c",""
"business","Business park","Bryanston Gate","71 Homestead Ave, Bryanston, Johannesburg, 2191","Johannesburg","Gauteng","","South Africa"," 0113273910","","","","","https://maps.google.com/?hl=en_US&cid=0x0:0xda8b8f0326a71162",""
"business","Business management consultant","National Group","Westminster Ave, Bryanston, Sandton, 2191","Sandton","Gauteng","","South Africa"," 0102130484","info@nationalgroup.co.za","https://www.nationalgroup.co.za/","","","https://maps.google.com/?hl=en_US&cid=0x0:0xfbced005ac6c8627",""
"business","Corporate office","Gartner South Africa (Pty) Ltd","The Main Straight Office Park, 392 Main Road,, Building A, 1st Floor, Bryanston, Johannesburg, 2191","Johannesburg","Gauteng","","South Africa"," 0110732700","","http://www.gartner.com/","","","https://maps.google.com/?hl=en_US&cid=0x0:0x83e7a49c18175a76",""
"business","Advertising agency","OOB Business","Gaunt Ave, Bryanston, Sandton, 2191","Sandton","Gauteng","","South Africa","","administrator@oob.busi","http://oob.business/","","","https://maps.google.com/?hl=en_US&cid=0x0:0xd597693212a5fd92",""
"business","Business management consultant","Cassava Smartech","Anslow Office Park, 8 Anslow Ln, Bryanston, 2196","Sandton","Gauteng","","South Africa","","","http://cassavasmartech.com/","","","https://maps.google.com/?hl=en_US&cid=0x0:0x5c5460573879d119",""
"business","Software company","PRP Solutions","Building 9, Somerset Office Park, 5 Libertas Rd, Bryanston, Sandton, 2191","Sandton","Gauteng","","South Africa"," 0861000476","","https://www.prpsolutions.com/","","","https://maps.google.com/?hl=en_US&cid=0x0:0x2bfddb9a63d046e0",""
"business","Business management consultant","Arbour Consulting","The Main Office Straight, Portman Rd, Bryanston, Sandton, 2191","Sandton","Gauteng","","South Africa"," 0103000170","contact@arbour.co.za","http://www.arbour.co.za/","","","https://maps.google.com/?hl=en_US&cid=0x0:0xb5865ca20f1af110",""
"business","Marketing agency","Digital Briefcase","Cube Workspace Bryanston, 1 Wedgewood Link Rd, Bryanston, Sandton, 2191","Sandton","Gauteng","","South Africa"," 0101410253","info@digitalbriefcase.co.za","http://digitalbriefcase.co.za/","","","https://maps.google.com/?hl=en_US&cid=0x0:0xeae6d526eb8f50b7",""
"business","Business management consultant","Milele Group","Unit 3, 1st Floor, Parc Nicol, Office Park Bryanston","Sandton","Gauteng","","South Africa"," 0114635554","","","","","https://maps.google.com/?hl=en_US&cid=0x0:0xa5854296fd9aef80",""
"business","Corporate office","Gartner South Africa (Pty) Ltd","The Main Straight Office Park, 392 Main Road,, Building A, 1st Floor, Bryanston, Johannesburg, 2191","Johannesburg","Gauteng","","South Africa"," 0110732700","","http://www.gartner.com/","","","https://maps.google.com/?hl=en_US&cid=0x0:0x83e7a49c18175a76",""
"business","Business management consultant","National Group","Westminster Ave, Bryanston, Sandton, 2191","Sandton","Gauteng","","South Africa"," 0102130484","info@nationalgroup.co.za","https://www.nationalgroup.co.za/","","","https://maps.google.com/?hl=en_US&cid=0x0:0xfbced005ac6c8627",""
"business","Recruiter","Wood","Building 2, Silver Stream Business Park, 10 Muswell Rd S, Johannesburg, 2021","Johannesburg","Gauteng","","South Africa"," 0118407300","investor.relations@woodplc.com","http://www.woodplc.com/","","","https://maps.google.com/?hl=en_US&cid=0x0:0x84f8835e3e84b32d",""
"business","Corporate office","The Campus","Ground Floor, 57 Sloane St, Bryanston, Sandton, 2191","Sandton","Gauteng","","South Africa"," 0115758822","","http://thecampus.co.za/","","","https://maps.google.com/?hl=en_US&cid=0x0:0x7d15631b3cb8cd5c",""
"business","Corporate office","Stonewedge Office Park","1 Wedgelink Rd, Bryanston, Johannesburg, 2031","Johannesburg","Gauteng","","South Africa"," 0116763000","","http://www.tourvest.co.za/","","","https://maps.google.com/?hl=en_US&cid=0x0:0x8dbd56a700c10e8d",""
"business","Business management consultant","Innovation Boutique","Hobart Road, Bryanston, Johannesburg, 2191","Johannesburg","Gauteng","","South Africa"," 0105911251","","","","","https://maps.google.com/?hl=en_US&cid=0x0:0xf27ec95161913c6c",""
"business","Marketing agency","Digital Briefcase","Cube Workspace Bryanston, 1 Wedgewood Link Rd, Bryanston, Sandton, 2191","Sandton","Gauteng","","South Africa"," 0101410253","info@digitalbriefcase.co.za","http://digitalbriefcase.co.za/","","","https://maps.google.com/?hl=en_US&cid=0x0:0xeae6d526eb8f50b7",""
"business","Business management consultant","Cassava Smartech","Anslow Office Park, 8 Anslow Ln, Bryanston, 2196","Sandton","Gauteng","","South Africa","","","http://cassavasmartech.com/","","","https://maps.google.com/?hl=en_US&cid=0x0:0x5c5460573879d119",""
"business","Business management consultant","Business Intelligent","20 Georgian Cres E, Bryanston, 2191","Bryanston","Gauteng","","South Africa"," 0842444129","","http://www.businessintelligent.co.za/","","","https://maps.google.com/?hl=en_US&cid=0x0:0xee952d34b0c411c1",""
"business","Office space rental agency","The Campus","Main Rd, Bryanston, Midrand, 2191","Midrand","Gauteng","","South Africa"," 0115758822","","https://thecampus.co.za/","","","https://maps.google.com/?hl=en_US&cid=0x0:0x76f3b71aa3d74d7d",""
"business","Business management consultant","SAPRO Africa","Block B, Knightsbridge Office Park, 33 Sloane St, Bryanston, Sandton, 2191","Sandton","Gauteng","","South Africa"," 0101572342","hr@sapro.com","https://www.sapro.com/","","","https://maps.google.com/?hl=en_US&cid=0x0:0xa9bd8c64b7af8aaf",""
"business","Video production service","The African Motion Picture Company","Wedgewood Link Rd, Bryanston, Sandton, 2191","Sandton","Gauteng","","South Africa"," 0114635059","justyn@africanmotion.co.za","http://www.africanmotion.co.za/","","","https://maps.google.com/?hl=en_US&cid=0x0:0x84686c59e66f5ccf",""
"business","Debt collection agency","Sectional Title Solutions","17 Georgian Cres W, Bryanston, Sandton, 2191","Sandton","Gauteng","","South Africa"," 0100208200","fancybox_loading@2x.gif","http://www.stsolutions.co.za/","","","https://maps.google.com/?hl=en_US&cid=0x0:0xa5538f444d86a497",""
"business","Office space rental agency","Cube Workspace Bryanston","1 Wedgewood Link Rd, Bryanston, Johannesburg, 2191","Johannesburg","Gauteng","","South Africa"," 0861112823","info@cubeworkspace.co.za","http://cubeworkspace.co.za/","","","https://maps.google.com/?hl=en_US&cid=0x0:0x481368131dd81341",""
"business","Business management consultant","TTI SI South Africa","10 Muswell Rd, Silver Stream Business Park, Sandton, 2062","Sandton","Gauteng","","South Africa","","","","","","https://maps.google.com/?hl=en_US&cid=0x0:0xe64b55157b3e4c4c",""
"business","Business management consultant","Shiko Consulting","22 Sloane St, Bryanston, Sandton, 2191","Sandton","Gauteng","","South Africa"," 0620860616","","","","","https://maps.google.com/?hl=en_US&cid=0x0:0x89a7a01166db02cb",""
"business","Accounting firm","More Core Management (Pty) Ltd","E, La Rocca Office Park, 321 Main Rd, Bryanston, Johannesburg, 2191","Johannesburg","Gauteng","","South Africa"," 0114631169","","http://www.morecore.co.za/","","","https://maps.google.com/?hl=en_US&cid=0x0:0xc9a032b1f616384a",""
"business","Holding company","C I M S South Africa (Pty) Ltd","25A Eaton Ave, Bryanston, Sandton, 2191","Sandton","Gauteng","","South Africa"," 0114638723","","http://www.cimssa.co.za/","","","https://maps.google.com/?hl=en_US&cid=0x0:0xc82427c362ad8888",""
"business","business","Gauteng","","","Gauteng","","South Africa","","","","","","https://maps.google.com/?hl=en_US&cid=0x0:0x6d9ee7c7cb5438e2",""
"business","BPO company","Serite Associates","Sloane St , Winnie Mandela Dr, Bryanston, Sandton, 2191","Sandton","Gauteng","","South Africa"," 0101101402","info@azaniaca.co.za","http://seriteca.co.za/","","","https://maps.google.com/?hl=en_US&cid=0x0:0xb30f12266d4fbe10",""
"business","Software company","The CRM Team","Microsoft Corporate Hill Office Park, 3012 Winnie Mandela Dr, Bryanston, Sandton, 2191","Sandton","Gauteng","","South Africa"," 0100155123","","","","","https://maps.google.com/?hl=en_US&cid=0x0:0x487dc6836e52d90f",""
"business","Business management consultant","Synergist","Ground Floor, Cedarwood House, Ballywoods Office Park, 33 Ballyclare Dr, Bryanston, Sandton, 2060","Sandton","Gauteng","","South Africa"," 0115400224","","http://www.synergistgroup.co.za/","","","https://maps.google.com/?hl=en_US&cid=0x0:0xb3ce46f09b691bf8",""
"business","Investment service","HL HALL  SONS HOLDINGS GROUP","Ground Floor, Moraine House - The Braes, 193 Bryanston Dr, Bryanston, 2191","Sandton","Gauteng","","South Africa"," 0114636327","","","","","https://maps.google.com/?hl=en_US&cid=0x0:0x890f1f9646354dc8",""
"business","General store","FeverTree Consulting","Ironwood House, Ballywood Office Park, 33 Ballyclare Dr, Bryanston, Johannesburg, 2074","Johannesburg","Gauteng","","South Africa"," 0113847800","","http://www.fevertreeconsulting.com/","","","https://maps.google.com/?hl=en_US&cid=0x0:0x4c3d2f35498576aa",""
"business","Bookkeeping service","ALLEGRO ENTERPRISES","Ground Floor, Twickenham Building The Campus Corner Sloane and, Main Rd, Bryanston, Johannesburg","Johannesburg","Gauteng","","South Africa"," 0115758661","admin@allegro-enterprises.com","http://allegro-enterprises.com/","","","https://maps.google.com/?hl=en_US&cid=0x0:0x8aa677149d22afb6",""
"business","Business management consultant","Total Business Consulting","39A Bruton Rd, Bryanston, Sandton, 2191","Sandton","Gauteng","","South Africa"," 0114634549","info@totalbusinessconsulting.co.za","http://totalbusinessconsulting.co.za/","","","https://maps.google.com/?hl=en_US&cid=0x0:0xdcee173d86cb0e7",""
"business","business","Bryanston","Sandton, 2191","Sandton","Gauteng","","South Africa","","","","","","https://maps.google.com/?hl=en_US&cid=0x0:0xbeb533755a3527fd",""
"business","Business management consultant","Milele Group","Unit 3, 1st Floor, Parc Nicol, Office Park Bryanston","Sandton","Gauteng","","South Africa"," 0114635554","","","","","https://maps.google.com/?hl=en_US&cid=0x0:0xa5854296fd9aef80",""
"business","Business management consultant","National Group","Westminster Ave, Bryanston, Sandton, 2191","Sandton","Gauteng","","South Africa"," 0102130484","info@nationalgroup.co.za","https://www.nationalgroup.co.za/","","","https://maps.google.com/?hl=en_US&cid=0x0:0xfbced005ac6c8627",""
"business","Business management consultant","Business Intelligent","20 Georgian Cres E, Bryanston, 2191","Bryanston","Gauteng","","South Africa"," 0842444129","","http://www.businessintelligent.co.za/","","","https://maps.google.com/?hl=en_US&cid=0x0:0xee952d34b0c411c1",""
"business","Advertising agency","OOB Business","Gaunt Ave, Bryanston, Sandton, 2191","Sandton","Gauteng","","South Africa","","administrator@oob.busi","http://oob.business/","","","https://maps.google.com/?hl=en_US&cid=0x0:0xd597693212a5fd92",""
"business","Marketing agency","Digital Briefcase","Cube Workspace Bryanston, 1 Wedgewood Link Rd, Bryanston, Sandton, 2191","Sandton","Gauteng","","South Africa"," 0101410253","info@digitalbriefcase.co.za","http://digitalbriefcase.co.za/","","","https://maps.google.com/?hl=en_US&cid=0x0:0xeae6d526eb8f50b7",""
"business","Software company","PRP Solutions","Building 9, Somerset Office Park, 5 Libertas Rd, Bryanston, Sandton, 2191","Sandton","Gauteng","","South Africa"," 0861000476","","https://www.prpsolutions.com/","","","https://maps.google.com/?hl=en_US&cid=0x0:0x2bfddb9a63d046e0",""
"business","Business management consultant","Innovation Boutique","Hobart Road, Bryanston, Johannesburg, 2191","Johannesburg","Gauteng","","South Africa"," 0105911251","","","","","https://maps.google.com/?hl=en_US&cid=0x0:0xf27ec95161913c6c",""
"business","Recruiter","Wood","Building 2, Silver Stream Business Park, 10 Muswell Rd S, Johannesburg, 2021","Johannesburg","Gauteng","","South Africa"," 0118407300","investor.relations@woodplc.com","http://www.woodplc.com/","","","https://maps.google.com/?hl=en_US&cid=0x0:0x84f8835e3e84b32d",""
"business","Bookkeeping service","ALLEGRO ENTERPRISES","Ground Floor, Twickenham Building The Campus Corner Sloane and, Main Rd, Bryanston, Johannesburg","Johannesburg","Gauteng","","South Africa"," 0115758661","admin@allegro-enterprises.com","http://allegro-enterprises.com/","","","https://maps.google.com/?hl=en_US&cid=0x0:0x8aa677149d22afb6",""
"business","Investment service","HL HALL  SONS HOLDINGS GROUP","Ground Floor, Moraine House - The Braes, 193 Bryanston Dr, Bryanston, 2191","Sandton","Gauteng","","South Africa"," 0114636327","","","","","https://maps.google.com/?hl=en_US&cid=0x0:0x890f1f9646354dc8",""
"business","Business management consultant","Shiko Consulting","22 Sloane St, Bryanston, Sandton, 2191","Sandton","Gauteng","","South Africa"," 0620860616","","","","","https://maps.google.com/?hl=en_US&cid=0x0:0x89a7a01166db02cb",""
"business","Business management consultant","Tulo Vation","22 Sloane St, Bryanston, Sandton, 2191","Sandton","Gauteng","","South Africa"," 0115684660","","","","","https://maps.google.com/?hl=en_US&cid=0x0:0x6a5bd66e0b9d0fd5",""
"business","Business management consultant","INDeX INNOVATION GROUP (PTY) LTD","1 Wedgewood Link Rd, Bryanston, Johannesburg, 2191","Johannesburg","Gauteng","","South Africa"," 0795538795","","http://indexinnovation.global/","","","https://maps.google.com/?hl=en_US&cid=0x0:0xbfef4e47c1e818ee",""
"business","Corporate office","Gartner South Africa (Pty) Ltd","The Main Straight Office Park, 392 Main Road,, Building A, 1st Floor, Bryanston, Johannesburg, 2191","Johannesburg","Gauteng","","South Africa"," 0110732700","","http://www.gartner.com/","","","https://maps.google.com/?hl=en_US&cid=0x0:0x83e7a49c18175a76",""
"business","Business management consultant","Total Business Consulting","39A Bruton Rd, Bryanston, Sandton, 2191","Sandton","Gauteng","","South Africa"," 0114634549","info@totalbusinessconsulting.co.za","http://totalbusinessconsulting.co.za/","","","https://maps.google.com/?hl=en_US&cid=0x0:0xdcee173d86cb0e7",""
"business","Office space rental agency","Cube Workspace Bryanston","1 Wedgewood Link Rd, Bryanston, Johannesburg, 2191","Johannesburg","Gauteng","","South Africa"," 0861112823","info@cubeworkspace.co.za","http://cubeworkspace.co.za/","","","https://maps.google.com/?hl=en_US&cid=0x0:0x481368131dd81341",""
"business","Computer support and services","Expeditus","Ground floor, Atterbury House, Hampton Office Park, 20 Georgian Cres E, Bryanston, Johannesburg, 2191","Johannesburg","Gauteng","","South Africa"," 0100204852","info@expeditus.co.za","http://expeditus.co.za/","","","https://maps.google.com/?hl=en_US&cid=0x0:0x6194a7cf112f74e5",""
"business","Business management consultant","SAPRO Africa","Block B, Knightsbridge Office Park, 33 Sloane St, Bryanston, Sandton, 2191","Sandton","Gauteng","","South Africa"," 0101572342","hr@sapro.com","https://www.sapro.com/","","","https://maps.google.com/?hl=en_US&cid=0x0:0xa9bd8c64b7af8aaf",""
"business","Corporate office","AB-InBev Bryanston Office","56 Grosvenor Rd, Bryanston, Sandton, 2191","Sandton","Gauteng","","South Africa"," 0118818111","","http://www.sab.co.za/","","","https://maps.google.com/?hl=en_US&cid=0x0:0xce7e691bc9c657af",""
"business","business","Gauteng","","","Gauteng","","South Africa","","","","","","https://maps.google.com/?hl=en_US&cid=0x0:0x6d9ee7c7cb5438e2",""
"business","BPO company","Serite Associates","Sloane St , Winnie Mandela Dr, Bryanston, Sandton, 2191","Sandton","Gauteng","","South Africa"," 0101101402","info@azaniaca.co.za","http://seriteca.co.za/","","","https://maps.google.com/?hl=en_US&cid=0x0:0xb30f12266d4fbe10",""
"business","Business management consultant","Lidwala","2 Payne Road, Corner Main Office Park, Bryanston, Johannesburg, 2021","Johannesburg","Gauteng","","South Africa"," 0117935486","info@lidwala.com","http://www.lidwala.com/","","","https://maps.google.com/?hl=en_US&cid=0x0:0x395007c0c3dae2ad",""
"business","Accounting firm","More Core Management (Pty) Ltd","E, La Rocca Office Park, 321 Main Rd, Bryanston, Johannesburg, 2191","Johannesburg","Gauteng","","South Africa"," 0114631169","","http://www.morecore.co.za/","","","https://maps.google.com/?hl=en_US&cid=0x0:0xc9a032b1f616384a",""
"business","Accounting firm","Digital CFO","68 Hobart Rd, Bryanston, Johannesburg, 2191","Johannesburg","Gauteng","","South Africa"," 0655676380","","http://www.digitalcfo.co.za/","","","https://maps.google.com/?hl=en_US&cid=0x0:0xeb8fa849dd7accb4",""
"business","business","Bryanston","Sandton, 2191","Sandton","Gauteng","","South Africa","","","","","","https://maps.google.com/?hl=en_US&cid=0x0:0xbeb533755a3527fd",""
"business","Consultant","Oak Business Solutions (Pty) Ltd","1 Wedgewood Link Rd, Bryanston, Sandton, 2191","Sandton","Gauteng","","South Africa"," 0101406642","info@oakbiz.co.za","https://www.oakbiz.co.za/","","","https://maps.google.com/?hl=en_US&cid=0x0:0x72d5e52c98f7479f",""
"business","Human resource consulting","Work Anywhere","1 Wedgewood Link Rd, Bryanston, Sandton, 2191","Sandton","Gauteng","","South Africa"," 0826995558","","","","","https://maps.google.com/?hl=en_US&cid=0x0:0xb06dab343ff1b265",""
"business","Software company","SimpleStart","41 Sloane St, Bryanston, Sandton, 2191","Sandton","Gauteng","","South Africa"," 0836563781","","","","","https://maps.google.com/?hl=en_US&cid=0x0:0x760532484104ba04",""
"business","Business management consultant","Cassava Smartech","Anslow Office Park, 8 Anslow Ln, Bryanston, 2196","Sandton","Gauteng","","South Africa","","","http://cassavasmartech.com/","","","https://maps.google.com/?hl=en_US&cid=0x0:0x5c5460573879d119",""
"business","Business management consultant","Shandon Business Solution","Bryanston, Sandton, 2191","Sandton","Gauteng","","South Africa"," 0100451850","","","","","https://maps.google.com/?hl=en_US&cid=0x0:0x80b39cdb156040ea",""
"business","Business management consultant","Arbour Consulting","The Main Office Straight, Portman Rd, Bryanston, Sandton, 2191","Sandton","Gauteng","","South Africa"," 0103000170","contact@arbour.co.za","http://www.arbour.co.za/","","","https://maps.google.com/?hl=en_US&cid=0x0:0xb5865ca20f1af110",""
"business","Consultant","Next Generation Consultants","Nicol Main Office Park, 2 Bruton Rd, Bryanston, Sandton, 2128","Sandton","Gauteng","","South Africa"," 0834400654","","","","","https://maps.google.com/?hl=en_US&cid=0x0:0x89005d0571f2cda1",""
"business","Business management consultant","Zealton","Arlington Rd, Bryanston, Sandton, 2191","Sandton","Gauteng","","South Africa"," 0658211206","","","","","https://maps.google.com/?hl=en_US&cid=0x0:0x49ab5a4fffb24fa2",""
"business","Business management consultant","Startabizz","No. 22 on sloane, Bryanston, Johannesburg","Johannesburg","Gauteng","","South Africa"," 0823543712","","","","","https://maps.google.com/?hl=en_US&cid=0x0:0xb3bcd526524494d3",""
"business","Business management consultant","National Group","Westminster Ave, Bryanston, Sandton, 2191","Sandton","Gauteng","","South Africa"," 0102130484","info@nationalgroup.co.za","https://www.nationalgroup.co.za/","","","https://maps.google.com/?hl=en_US&cid=0x0:0xfbced005ac6c8627",""
"business","Software company","PRP Solutions","Building 9, Somerset Office Park, 5 Libertas Rd, Bryanston, Sandton, 2191","Sandton","Gauteng","","South Africa"," 0861000476","","https://www.prpsolutions.com/","","","https://maps.google.com/?hl=en_US&cid=0x0:0x2bfddb9a63d046e0",""
"business","Investment company","Telsa Group (PTY) Ltd","2 Block C, Nicol Main Office Park Bryanston, 2191 Bruton Rd, Bryanston, Johannesburg, 2191","Johannesburg","Gauteng","","South Africa","","","","","","https://maps.google.com/?hl=en_US&cid=0x0:0xae2547f58c070706",""
"business","Business management consultant","SAPRO Africa","Block B, Knightsbridge Office Park, 33 Sloane St, Bryanston, Sandton, 2191","Sandton","Gauteng","","South Africa"," 0101572342","hr@sapro.com","https://www.sapro.com/","","","https://maps.google.com/?hl=en_US&cid=0x0:0xa9bd8c64b7af8aaf",""
"business","Corporate office","REDM","THE CAMPUS, ROLAND GARROS 57, Sloane St, Bryanston, Sandton, 2191","Sandton","Gauteng","","South Africa"," 0115757906","info@redmps.com","http://redmps.com/","","","https://maps.google.com/?hl=en_US&cid=0x0:0xfdbc9efeab8b6ddc",""
"business","Tax consultant","Foreign Company Setup South Africa","57 Sloane St, Bryanston, Sandton, 2191","Sandton","Gauteng","","South Africa"," 0114670810","","https://foreigncompany.co.za/","","","https://maps.google.com/?hl=en_US&cid=0x0:0xe1819acad5f367ae",""
"business","Business management consultant","Partners in Performance","Bridgeport House, Hampton Office Park, 20 Georgian Crescent Bryanston 2191, 0000","Sandton","Gauteng","","South Africa"," 0114630903","","","","","https://maps.google.com/?hl=en_US&cid=0x0:0x8a5935ae5d703b63",""
"business","Business management consultant","Business Intelligent","20 Georgian Cres E, Bryanston, 2191","Bryanston","Gauteng","","South Africa"," 0842444129","","http://www.businessintelligent.co.za/","","","https://maps.google.com/?hl=en_US&cid=0x0:0xee952d34b0c411c1",""
"business","Business development service","Africa Business Group","22 Sloane St, Bryanston, Sandton, 2191","Sandton","Gauteng","","South Africa"," 0115134117","","","","","https://maps.google.com/?hl=en_US&cid=0x0:0xc1a6af5a4bb6b46b",""
"business","Business management consultant","The Bayway Group","1st Floor, Office Park, 4 Anslow Ln, Bryanston, 2191","Sandton","Gauteng","","South Africa","","","","","","https://maps.google.com/?hl=en_US&cid=0x0:0x24f9ed810f894df9",""
"business","Business management consultant","Milele Group","Unit 3, 1st Floor, Parc Nicol, Office Park Bryanston","Sandton","Gauteng","","South Africa"," 0114635554","","","","","https://maps.google.com/?hl=en_US&cid=0x0:0xa5854296fd9aef80",""
"business","business","Bryanston","Sandton, 2191","Sandton","Gauteng","","South Africa","","","","","","https://maps.google.com/?hl=en_US&cid=0x0:0xbeb533755a3527fd",""
"business","Office space rental agency","Nicol Main Office Park Building A","2 Bruton Rd, Bryanston, Sandton, 2191","Sandton","Gauteng","","South Africa"," 0112913147","","","","","https://maps.google.com/?hl=en_US&cid=0x0:0xbf16112e797b91d5",""
"business","Corporate office","Bryanston Office Park","199 Bryanston Dr, Bryanston, Sandton, 2191","Sandton","Gauteng","","South Africa","","","","","","https://maps.google.com/?hl=en_US&cid=0x0:0xf845bb219fda578b",""
"business","Business park","41 on Sloane","Sandton, 2191, 41 Sloane St, Bryanston, Johannesburg, 2191","Johannesburg","Gauteng","","South Africa"," 0110542500","hello@41sloane.co.za","https://41sloane.co.za/","","","https://maps.google.com/?hl=en_US&cid=0x0:0x52b17b766f61f0e7",""
"business","Software company","The CRM Team","Microsoft Corporate Hill Office Park, 3012 Winnie Mandela Dr, Bryanston, Sandton, 2191","Sandton","Gauteng","","South Africa"," 0100155123","","","","","https://maps.google.com/?hl=en_US&cid=0x0:0x487dc6836e52d90f",""
"business","Recruiter","Wood","Building 2, Silver Stream Business Park, 10 Muswell Rd S, Johannesburg, 2021","Johannesburg","Gauteng","","South Africa"," 0118407300","investor.relations@woodplc.com","http://www.woodplc.com/","","","https://maps.google.com/?hl=en_US&cid=0x0:0x84f8835e3e84b32d",""
"business","Business management consultant","Synergist","Ground Floor, Cedarwood House, Ballywoods Office Park, 33 Ballyclare Dr, Bryanston, Sandton, 2060","Sandton","Gauteng","","South Africa"," 0115400224","","http://www.synergistgroup.co.za/","","","https://maps.google.com/?hl=en_US&cid=0x0:0xb3ce46f09b691bf8",""
"business","Business management consultant","Innovation Boutique","Hobart Road, Bryanston, Johannesburg, 2191","Johannesburg","Gauteng","","South Africa"," 0105911251","","","","","https://maps.google.com/?hl=en_US&cid=0x0:0xf27ec95161913c6c",""
"business","Business management consultant","Shiko Consulting","22 Sloane St, Bryanston, Sandton, 2191","Sandton","Gauteng","","South Africa"," 0620860616","","","","","https://maps.google.com/?hl=en_US&cid=0x0:0x89a7a01166db02cb",""
"business","Business management consultant","Total Business Consulting","39A Bruton Rd, Bryanston, Sandton, 2191","Sandton","Gauteng","","South Africa"," 0114634549","info@totalbusinessconsulting.co.za","http://totalbusinessconsulting.co.za/","","","https://maps.google.com/?hl=en_US&cid=0x0:0xdcee173d86cb0e7",""
"business","Business management consultant","Business Intelligent","20 Georgian Cres E, Bryanston, 2191","Bryanston","Gauteng","","South Africa"," 0842444129","","http://www.businessintelligent.co.za/","","","https://maps.google.com/?hl=en_US&cid=0x0:0xee952d34b0c411c1",""
"business","Corporate office","The Campus","Ground Floor, 57 Sloane St, Bryanston, Sandton, 2191","Sandton","Gauteng","","South Africa"," 0115758822","","http://thecampus.co.za/","","","https://maps.google.com/?hl=en_US&cid=0x0:0x7d15631b3cb8cd5c",""
"business","Computer consultant","BUI","3012 Winnie Mandela Dr, Bryanston, Sandton, 2191","Sandton","Gauteng","","South Africa"," 0116562862","","http://www.bui.co.za/","","","https://maps.google.com/?hl=en_US&cid=0x0:0x888fd94f437f0855",""
"business","Consultant","Oak Business Solutions (Pty) Ltd","1 Wedgewood Link Rd, Bryanston, Sandton, 2191","Sandton","Gauteng","","South Africa"," 0101406642","info@oakbiz.co.za","https://www.oakbiz.co.za/","","","https://maps.google.com/?hl=en_US&cid=0x0:0x72d5e52c98f7479f",""
"business","Business management consultant","IT Business","2nd Floor, Building A, Knightsbridge, 33 Sloane St, Bryanston, Sandton, 2191","Sandton","Gauteng","","South Africa"," 0114627450","","http://www.itbusiness.co.za/","","","https://maps.google.com/?hl=en_US&cid=0x0:0x6ed3ed82afd309c3",""
"business","Office space rental agency","The Station Office Bryanston","63 Peter Place, Bryanston, Sandton, 2021","Sandton","Gauteng","","South Africa"," 0114635455","info@thestationoffice.co.za","http://www.thestationoffice.co.za/","","","https://maps.google.com/?hl=en_US&cid=0x0:0x8d8c49febdc10abd",""
"business","Corporate office","AB-InBev Bryanston Office","56 Grosvenor Rd, Bryanston, Sandton, 2191","Sandton","Gauteng","","South Africa"," 0118818111","","http://www.sab.co.za/","","","https://maps.google.com/?hl=en_US&cid=0x0:0xce7e691bc9c657af",""
"business","Business management consultant","Bain  Company","Tower 1, The MARC, 129 Rivonia Rd, Sandown, Sandton, 2196","Sandton","Gauteng","","South Africa"," 0110129100","bainafrica.marketing@bain.com","https://www.bain.com/offices/johannesburg/","","","https://maps.google.com/?hl=en_US&cid=0x0:0xedb1a0db0a7f0c9f",""
"business","Business management consultant","Innovation Boutique","Hobart Road, Bryanston, Johannesburg, 2191","Johannesburg","Gauteng","","South Africa"," 0105911251","","","","","https://maps.google.com/?hl=en_US&cid=0x0:0xf27ec95161913c6c",""
"business","Tax consultant","Foreign Company Setup South Africa","57 Sloane St, Bryanston, Sandton, 2191","Sandton","Gauteng","","South Africa"," 0114670810","","https://foreigncompany.co.za/","","","https://maps.google.com/?hl=en_US&cid=0x0:0xe1819acad5f367ae",""
"business","Office space rental agency","Cube Workspace Bryanston","1 Wedgewood Link Rd, Bryanston, Johannesburg, 2191","Johannesburg","Gauteng","","South Africa"," 0861112823","info@cubeworkspace.co.za","http://cubeworkspace.co.za/","","","https://maps.google.com/?hl=en_US&cid=0x0:0x481368131dd81341",""
"business","Business management consultant","Business Science Corporation","90 Rivonia Rd, Sandhurst, Sandton, 2196","Sandton","Gauteng","","South Africa"," 0115952500","sales@bscglobal.com","http://www.bscglobal.com/","","","https://maps.google.com/?hl=en_US&cid=0x0:0x2b12c85ad1151c29",""
"business","Conference center","Knightsbridge Office Park","2nd Floor Block B, 33 Sloane St, Bryanston, Sandton, 2191","Sandton","Gauteng","","South Africa"," 0110283100","","http://knightsbridge.co.za/","","","https://maps.google.com/?hl=en_US&cid=0x0:0x6d41b3ebd5c2fe0",""
"business","Business management consultant","The Business City","2nd Floor, West Tower, Nelson Mandela Square, Maude St, Sandown, Sandton, 2196","Sandton","Gauteng","","South Africa"," 0114670656","marketing@thebusinesscity.co.za","http://www.thebusinesscity.co.za/","","","https://maps.google.com/?hl=en_US&cid=0x0:0x75aae1e4bf1faccc",""
"business","Computer wholesaler","Acumen Software (Pty) Ltd","Sandown Mews, 88 Stella St, Sandown, Sandton, 2031","Sandton","Gauteng","","South Africa"," 0114678528","info@acumensoft.net","https://www.acumensoft.net/","","","https://maps.google.com/?hl=en_US&cid=0x0:0x8f722262798b0ae3",""
"business","Corporate office","Enterpriseroom (Pty) Ltd","261 Oxford Rd, Illovo, Sandton, 2196","Sandton","Gauteng","","South Africa"," 0112680286","info@enterpriseroom.com","http://enterpriseroom.com/","","","https://maps.google.com/?hl=en_US&cid=0x0:0xc5951fbfbabbf482",""
"business","Business park","Regus - Johannesburg Bryanston The Campus","Ground Floor, The Campus, Twickenham Building, Cnr Main , Sloane St, Bryanston, Johannesburg, 2021","Johannesburg","Gauteng","","South Africa"," 0115756000","","https://www.regus.com/en-gb/south-africa/johannesburg/bryanston-the-campus-638?utm_source>>u003dyext_places_gmb>>u0026utm_medium>>u003dplaces>>u0026utm_campaign>>u003dyext_traffic>>u0026utm_content>>u003d638","","","https://maps.google.com/?hl=en_US&cid=0x0:0x82a7f241078ffe5e",""
"business","business","2196","Sandton","Sandton","Gauteng","","South Africa","","","","","","https://maps.google.com/?hl=en_US&cid=0x0:0x172ecdb86ca74c71",""
"business","Business management consultant","Business Leadership South Africa","Second Floor, 61 Katherine St, Sandton, 2196","Sandton","Gauteng","","South Africa"," 0113564650","reception@businessleadership.org.za","http://blsaconnect.org/","","","https://maps.google.com/?hl=en_US&cid=0x0:0x226160cba4669a8f",""
"business","Business park","Bryanston Gate","71 Homestead Ave, Bryanston, Johannesburg, 2191","Johannesburg","Gauteng","","South Africa"," 0113273910","","","","","https://maps.google.com/?hl=en_US&cid=0x0:0xda8b8f0326a71162",""
"business","Office space rental agency","The Business Exchange, 140 West Street, Sandton","140 West St, Johannesburg, Sandton, 2196","Sandton","Gauteng","","South Africa"," 0827676315","","https://www.tbeafrica.com/location/150-rivonia-road-morningside/?utm_source>>u003dGMBlisting>>u0026utm_medium>>u003dorganic","","","https://maps.google.com/?hl=en_US&cid=0x0:0x75bdc4a11daa601a",""
"business","Advertising agency","OOB Business","Gaunt Ave, Bryanston, Sandton, 2191","Sandton","Gauteng","","South Africa","","administrator@oob.busi","http://oob.business/","","","https://maps.google.com/?hl=en_US&cid=0x0:0xd597693212a5fd92",""
"business","Marketing agency","Digital Briefcase","Cube Workspace Bryanston, 1 Wedgewood Link Rd, Bryanston, Sandton, 2191","Sandton","Gauteng","","South Africa"," 0101410253","info@digitalbriefcase.co.za","http://digitalbriefcase.co.za/","","","https://maps.google.com/?hl=en_US&cid=0x0:0xeae6d526eb8f50b7",""
"business","Corporate office","Stonewedge Office Park","1 Wedgelink Rd, Bryanston, Johannesburg, 2031","Johannesburg","Gauteng","","South Africa"," 0116763000","","http://www.tourvest.co.za/","","","https://maps.google.com/?hl=en_US&cid=0x0:0x8dbd56a700c10e8d",""
"business","Business management consultant","Total Business Consulting","39A Bruton Rd, Bryanston, Sandton, 2191","Sandton","Gauteng","","South Africa"," 0114634549","info@totalbusinessconsulting.co.za","http://totalbusinessconsulting.co.za/","","","https://maps.google.com/?hl=en_US&cid=0x0:0xdcee173d86cb0e7",""
"business","Business management consultant","Shiko Consulting","22 Sloane St, Bryanston, Sandton, 2191","Sandton","Gauteng","","South Africa"," 0620860616","","","","","https://maps.google.com/?hl=en_US&cid=0x0:0x89a7a01166db02cb",""
"business","Business management consultant","Cassava Smartech","Anslow Office Park, 8 Anslow Ln, Bryanston, 2196","Sandton","Gauteng","","South Africa","","","http://cassavasmartech.com/","","","https://maps.google.com/?hl=en_US&cid=0x0:0x5c5460573879d119",""
"business","Software company","The CRM Team","Microsoft Corporate Hill Office Park, 3012 Winnie Mandela Dr, Bryanston, Sandton, 2191","Sandton","Gauteng","","South Africa"," 0100155123","","","","","https://maps.google.com/?hl=en_US&cid=0x0:0x487dc6836e52d90f",""
"business","Software company","PRP Solutions","Building 9, Somerset Office Park, 5 Libertas Rd, Bryanston, Sandton, 2191","Sandton","Gauteng","","South Africa"," 0861000476","","https://www.prpsolutions.com/","","","https://maps.google.com/?hl=en_US&cid=0x0:0x2bfddb9a63d046e0",""
"business","","Bultfontein Meule","Jouberts St, Bultfontein, 9670","Bultfontein","Gauteng","","South Africa"," 0518532611","","","","","https://maps.google.com/?hl=en_US&cid=0x0:0x7825ce869fb406a9",""
"business","Seed supplier","W  P Dienste","42 President Swart St, Bultfontein, 9670","Bultfontein","Gauteng","","South Africa"," 0518531161","","https://www.africanadvice.com/1233001/Agricultural_Implements/Free_State/W_And_P_Dienste/","","","https://maps.google.com/?hl=en_US&cid=0x0:0x7397e785c37d099",""
"business","Agricultural service","BKB Grain Storage Bultfontein","28°17'04.76>>","Bultfontein","Gauteng","","South Africa"," 0825692838","bkb@bkb.co.za","https://gs.bkb.co.za/","","","https://maps.google.com/?hl=en_US&cid=0x0:0x536b9b4927930f47",""
"business","business","Bultfontein","Northern Farm, 2189","Northern Farm","Gauteng","","South Africa","","","","","","https://maps.google.com/?hl=en_US&cid=0x0:0x235bd892c6329abe",""
"business","Primary school","Bultfontein Post Office","Mark Street, Bultfontein, 9670","Bultfontein","Gauteng","","South Africa"," 0518532222","sa.stamps@postoffice.co.za","https://www.postoffice.co.za/Tools/postofficelocations.html","","","https://maps.google.com/?hl=en_US&cid=0x0:0xea2f973ec2baeab3",""
"business","Electrical supply store","Eskom Bultfontein CNC","Bultfontein, 9670","Bultfontein","Gauteng","","South Africa","","","","","","https://maps.google.com/?hl=en_US&cid=0x0:0x764571c55fd42484",""
"business","business","Bultfontein","","","Gauteng","","South Africa","","","","","","https://maps.google.com/?hl=en_US&cid=0x0:0xe743f26579d953d7",""
"business","Agricultural service","K.O. Grains Mill","5 Graansuier Way, Bultfontein, 9670","Bultfontein","Gauteng","","South Africa"," 0680198837","","https://www.kograins.co.za/","","","https://maps.google.com/?hl=en_US&cid=0x0:0x5a78a212bc55765d",""
"business","business","Bultfontein","9670","Bultfontein","Gauteng","","South Africa","","","","","","https://maps.google.com/?hl=en_US&cid=0x0:0x73c8f6a635db0dd",""
"business","","Tylou Sales and Service CC","155 Raymond Street, Nest Park XT1, Bapsfontein, 1510","Bapsfontein","Gauteng","","South Africa"," 0834694465","","http://tylou.co.za/","","","https://maps.google.com/?hl=en_US&cid=0x0:0xb4f7dd19efcd6880",""
"business","Manufacturer","OBPI-Incubator NPC","Bodirelo Industries, Industrial Area - Bodirelo Industries, Mogwase, 0314","Mogwase","Gauteng","","South Africa"," 0140610086","admin@obpi-incubator.co.za","http://www.obpi-incubator.co.za/","","","https://maps.google.com/?hl=en_US&cid=0x0:0x85061077329df633",""
"business","Business management consultant","The Innovation Hub Management Company","1 Mark Shuttleworth Street, Lynwood, Pretoria, 0087","Pretoria","Gauteng","","South Africa"," 0128440000","info@prosperosa.co.za","http://www.theinnovationhub.com/","","","https://maps.google.com/?hl=en_US&cid=0x0:0xff7146688dfcfc17",""
"business","business","South Africa","","","Gauteng","","South Africa","","","","","","https://maps.google.com/?hl=en_US&cid=0x0:0xe85d630c1fa4e8a0",""
"business","District Justice","Bultfontein Magistrate's Office","Mc Callum St, Bultfontein, 9670","Bultfontein","Gauteng","","South Africa"," 0518531126","","","","","https://maps.google.com/?hl=en_US&cid=0x0:0x5f4adfeea33acb92",""
"business","Local government office","Tswelopele Local Municipality","Cnr Bosman  Church Street, Bosman St, Bultfontein, 9670","Bultfontein","Gauteng","","South Africa","","","","","","https://maps.google.com/?hl=en_US&cid=0x0:0xb1040cb3a92390af",""
"business","Insurance broker","Steyn en Steyn Makelaars (pty) ltd","44 President Swart St, Bultfontein, 9670","Bultfontein","Gauteng","","South Africa"," 0833888728","","","","","https://maps.google.com/?hl=en_US&cid=0x0:0x2f7e453e4d97dbf8",""
"business","Lawyer","Beukes  Beukes","58 President Swart St, Bultfontein, 9670","Bultfontein","Gauteng","","South Africa"," 0518531118","","https://www.yellowpages.co.za/business/2876808_2","","","https://maps.google.com/?hl=en_US&cid=0x0:0x86a1545cd1fd3dfd",""
"business","business","FNB Bultfontein","President Swart St, Bultfontein, 9670","Bultfontein","Gauteng","","South Africa"," 0873455510","","https://www.fnb.co.za/","","","https://maps.google.com/?hl=en_US&cid=0x0:0xc0420181295772ce",""
"business","Pharmacy","Bultfontein Pharmacy","10 President Swart St, Bultfontein, 9670","Bultfontein","Gauteng","","South Africa"," 0518531196","","","","","https://maps.google.com/?hl=en_US&cid=0x0:0x3e9fb26f8b945ebc",""
"business","Guest house","Bultfontein Hotel","President Swart St, Bultfontein, 9670","Bultfontein","Gauteng","","South Africa"," 0518531158","","","","","https://maps.google.com/?hl=en_US&cid=0x0:0x8af7ab283beade44",""
"business","Insurance broker","TJ Makelaars","1 Paul Winter St, Bultfontein, 9670","Bultfontein","Gauteng","","South Africa","","","","","","https://maps.google.com/?hl=en_US&cid=0x0:0xff662cd6004a3891",""
"business","Animal feed store","Beyond Committed Excellence Agri","Graansuier Way, Bultfontein, 9670","Bultfontein","Gauteng","","South Africa"," 0823781357","","","","","https://maps.google.com/?hl=en_US&cid=0x0:0x817c5492159668c",""
"business","Farm","Mafuta Wildlife Services","84 Davin St, Bultfontein, 9670","Bultfontein","Gauteng","","South Africa"," 0625113072","","","","","https://maps.google.com/?hl=en_US&cid=0x0:0x8ffe7dc6234ed377",""
"business","Hardware store","Bill's Elektries","36 Mc Callum St, Bultfontein, 9670","Bultfontein","Gauteng","","South Africa"," 0518532190","","https://www.africanadvice.com/1041177/Electric_Installations/Free_State/Bill's_Elektries/","","","https://maps.google.com/?hl=en_US&cid=0x0:0x47d7163e37d8bdaa",""
"business","Used car dealer","Bultfontein Toyota","7 President Swart St, Bultfontein, 9670","Bultfontein","Gauteng","","South Africa"," 0518531164","","https://www.facebook.com/bultfonteintoyota","","","https://maps.google.com/?hl=en_US&cid=0x0:0x4991ca5256c4d7dd",""
"business","Restaurant","The Buzz Restaurant, Bultfontein","39 President Swartstraat St, Bultfontein, 9670","Bultfontein","Gauteng","","South Africa"," 0518531488","","","","","https://maps.google.com/?hl=en_US&cid=0x0:0xed2d58a175d42fc3",""
"business","business","PEP Bultfontein","Shop 235, Okb Engineering Building, Davin St, Bultfontein, 9670","Bultfontein","Gauteng","","South Africa"," 0518532155","","","","","https://maps.google.com/?hl=en_US&cid=0x0:0x9bf8e4e385594755",""
"business","business","Agrifin Sentrum","44 President Swart St, Bloemfontein, 9670","Bloemfontein","Gauteng","","South Africa","","","","","","https://maps.google.com/?hl=en_US&cid=0x0:0xcc76bb2be3fe4302",""
"business","Seed supplier","Asset Protection Services","56 Stofberg St, Bultfontein, 9670","Bultfontein","Gauteng","","South Africa"," 0829078145","","","","","https://maps.google.com/?hl=en_US&cid=0x0:0x56e261987539821a",""
"business","Construction company","Robrick Construction","125 3rd St, Welverdiend, Carletonville, 2499","Carletonville","Gauteng","","South Africa"," 0187844833","","","","","https://maps.google.com/?hl=en_US&cid=0x0:0xbca9aa93dcf909e6",""
"business","Engineer","Telegenix Engineering","39 10th Ave, Welverdiend, Carletonville, 2499","Carletonville","Gauteng","","South Africa"," 0187844602","","","","","https://maps.google.com/?hl=en_US&cid=0x0:0xf6e2f0f7641e6cf5",""
"business","Construction company","Kwa-Tshupa Trading and Projects Pty Ltd 38-5th avenue welverdiend Merafong","38 5th Ave, Welverdiend, Carletonville, 2499","Carletonville","Gauteng","","South Africa"," 0698061016","","","","","https://maps.google.com/?hl=en_US&cid=0x0:0xac1424b5444c03ab",""
"business","Real estate agency","Lietta Estate Agents","26 4th Ave, Welverdiend, Carletonville, 2499","Carletonville","Gauteng","","South Africa"," 0187844221","","","","","https://maps.google.com/?hl=en_US&cid=0x0:0x101954a2371b5ec0",""
"business","Solar energy equipment supplier","Phepheng Group","67 12th Ave, Welverdiend, Carletonville, 2499","Carletonville","Gauteng","","South Africa"," 0695154874","","","","","https://maps.google.com/?hl=en_US&cid=0x0:0x4b32eca1414141c2",""
"business","Security service","Quatro Gladiator Security Services","35 Ada St, Carletonville, 2500","Carletonville","Gauteng","","South Africa"," 0187884338","webmaster@gladiator.co.za","http://www.gladiator.co.za/","","","https://maps.google.com/?hl=en_US&cid=0x0:0x794175ceb99ac91a",""
"business","Taxi stand","Taxi Rank - WR067","10th Ave, Carletonville, 2499","Carletonville","Gauteng","","South Africa","","","","","","https://maps.google.com/?hl=en_US&cid=0x0:0x49f62f30f25d1f5f",""
"business","Apartment complex","YMF Courts","69 16th St, Welverdiend, Carletonville, 2499","Carletonville","Gauteng","","South Africa","","","","","","https://maps.google.com/?hl=en_US&cid=0x0:0xe291cffbac9cd956",""
"business","Print shop","Carletonville Press (Pty) Ltd","21 Botha St, Pretoriusrus, Carletonville, 2500","Carletonville","Gauteng","","South Africa"," 0187872091","","http://www.carletonvillepress.co.za/","","","https://maps.google.com/?hl=en_US&cid=0x0:0xe3a294ac0dbda84c",""
"business","","NB Antelop","10th St, Welverdiend, Carletonville, 2499","Carletonville","Gauteng","","South Africa","","","","","","https://maps.google.com/?hl=en_US&cid=0x0:0xa19a103e90dc6d98",""
"business","Tax consultant","Tupo Business Services","South St, Carletonville, 2499","Carletonville","Gauteng","","South Africa"," 0760761350","","","","","https://maps.google.com/?hl=en_US&cid=0x0:0x5ef891f3a062d068",""
"business","Logistics service","Amanti Logistix","15 1st Avenue, Welverdiend, Welverdiend AH, Carletonville, 2499","Carletonville","Gauteng","","South Africa"," 0614378887","","","","","https://maps.google.com/?hl=en_US&cid=0x0:0x4a88f49f39591853",""
"business","Corporate office","MTM Steel  Aluminium","36 Varkenslaagte Farm, Welverdiend AH, Carletonville, 2499","Carletonville","Gauteng","","South Africa"," 0732501274","","","","","https://maps.google.com/?hl=en_US&cid=0x0:0x11d083ceb12d479a",""
"business","Wholesaler","Viva Bedding","Blaauwbank Industria, Welverdiend, Carletonville, 2499","Carletonville","Gauteng","","South Africa"," 0187844400","","http://www.medispine.co.za/","","","https://maps.google.com/?hl=en_US&cid=0x0:0xe8ec45c94f7b9f31",""
"business","Livestock producer","Teetee","118 23rd Ave, Welverdiend, Carletonville, 2499","Carletonville","Gauteng","","South Africa"," 0817679881","","","","","https://maps.google.com/?hl=en_US&cid=0x0:0xd0532330b802abba",""
"business","","Carletonville Town Council","Welverdiend AH, Carletonville, 2499","Carletonville","Gauteng","","South Africa","","","","","","https://maps.google.com/?hl=en_US&cid=0x0:0x2d4280309d90ce3b",""
"business","Association / Organization","NineteenTwelve Holdings","3 5th Ave, Welverdiend, Carletonville, 2499","Carletonville","Gauteng","","South Africa"," 0877000618","","","","","https://maps.google.com/?hl=en_US&cid=0x0:0xeeb0c3d2ab57942a",""
"business","Guest house","Carletonville Contractors Accommodation","100 Dolomite Dr, Carletonville, 2499","Carletonville","Gauteng","","South Africa"," 0823753335","","","","","https://maps.google.com/?hl=en_US&cid=0x0:0x461fc547e69c6af9",""
"business","Gas station","CALTEX WELVERDIEND MOTORS","117 10th Ave, Welverdiend, Carletonville, 2499","Carletonville","Gauteng","","South Africa"," 0187844488","","https://caltex.co.za/","","","https://maps.google.com/?hl=en_US&cid=0x0:0x765c89b9232da44b",""
"business","business","2495","Carletonville","Carletonville","Gauteng","","South Africa","","","","","","https://maps.google.com/?hl=en_US&cid=0x0:0xe3eb39dc563ca20b",""
"business","Manufacturer","M M E Manufacturing Co. (Pty) Ltd.","28 Skag St, Carletonville, 2499","Carletonville","Gauteng","","South Africa"," 0187886674","info@mmelifting.com","http://www.mmelifting.com/","","","https://maps.google.com/?hl=en_US&cid=0x0:0xa0a2c1ca04882e19",""
"business","Pharmacy","S Buys Wholesaler","Corner Radium , Kaolin St, Carletonville, 2500","Carletonville","Gauteng","","South Africa"," 0187882075","","http://www.sbuys.co.za/","","","https://maps.google.com/?hl=en_US&cid=0x0:0xd29ecb469d916d88",""
"business","Manufacturer","StitchWise (pty) Ltd","1 Nursery Rd, Carletonville, 2501","Carletonville","Gauteng","","South Africa"," 0187885835","sales@stitchwise.co.za","http://www.stitchwise.co.za/","","","https://maps.google.com/?hl=en_US&cid=0x0:0x53cc8d094ee91ebc",""
"business","Mechanical engineer","Carleton Engineering Services","23 Botha St, Pretoriusrus, Oberholzer, 2499","Oberholzer","Gauteng","","South Africa"," 0187883117","","http://www.carletonengineering.co.za/","","","https://maps.google.com/?hl=en_US&cid=0x0:0x63912cfc10c209bc",""
"business","Construction company","Robtek","Watersedge Plot, 31 Central Rd, Waters Edge AH, Carletonville, 2499","Carletonville","Gauteng","","South Africa"," 0187861903","admin@robtek.co.za","http://robtek.co.za/","","","https://maps.google.com/?hl=en_US&cid=0x0:0x9cdfd4fbd1e5f285",""
"business","Mining equipment","SPH Kundalila - Carletonville","3 Haulage St, Carletonville, 2499","Carletonville","Gauteng","","South Africa"," 0187872010","kgomotso@ctv.sphgroup.co.za","https://www.sphkundalila.co.za/","","","https://maps.google.com/?hl=en_US&cid=0x0:0x15bb1177c8682161",""
"business","Construction company","Banach","122 Coronation St, Carletonville, 2499","Carletonville","Gauteng","","South Africa"," 0103500440","","","","","https://maps.google.com/?hl=en_US&cid=0x0:0x505694fe46147512",""
"business","Home goods store","EDURA","5 Emerald St, Carletonville, 2499","Carletonville","Gauteng","","South Africa"," 0184140063","","","","","https://maps.google.com/?hl=en_US&cid=0x0:0x8e9b23fe03dec401",""
"business","Recording studio","2499 Records","8 Northend Grove, New village, Carletonville, 2499","Carletonville","Gauteng","","South Africa"," 0660178412","o.@R.aR","https://grocafrica.com/u/4ff41840","","","https://maps.google.com/?hl=en_US&cid=0x0:0xd4846b0b52f2ec2c",""
"business","Construction company","Banach","122 Coronation St, Carletonville, 2499","Carletonville","Gauteng","","South Africa"," 0103500440","","","","","https://maps.google.com/?hl=en_US&cid=0x0:0x505694fe46147512",""
"business","Tax consultant","Tupo Business Services","South St, Carletonville, 2499","Carletonville","Gauteng","","South Africa"," 0760761350","","","","","https://maps.google.com/?hl=en_US&cid=0x0:0x5ef891f3a062d068",""
"business","Mining company","D  S Mining","Railway St, Oberholzer, Carletonville, 2500","Carletonville","Gauteng","","South Africa"," 0187861960","","","","","https://maps.google.com/?hl=en_US&cid=0x0:0x69e1c0cd27f8ef50",""
"business","","Solidariteit Dienskantoor - Carltonville","74 Van Zyl Smit St, Oberholzer, Carletonville, 2499","Carletonville","Gauteng","","South Africa"," 0187884861","","","","","https://maps.google.com/?hl=en_US&cid=0x0:0x8fee440ff41f373f",""
"business","Engineering consultant","Data Service Agency","Protea Building, 2, 6 Palladium St, Carletonville, 2500","Carletonville","Gauteng","","South Africa"," 0619894148","","","","","https://maps.google.com/?hl=en_US&cid=0x0:0x6ae789990b7e61e9",""
"business","Accounting firm","TWH Accountants  Tax Consultants","60 Eggo Jan St, Oberholzer, Carletonville, 2500","Carletonville","Gauteng","","South Africa"," 0714932822","","","","","https://maps.google.com/?hl=en_US&cid=0x0:0x33e7f0715d9dfe5a",""
"business","Environmental consultant","Shimmyrosa Holdings(Pty)Ltd","No13, Aloe St, Carletonville, 2499","Carletonville","Gauteng","","South Africa"," 0725102529","","","","","https://maps.google.com/?hl=en_US&cid=0x0:0xf349d06268c269b2",""
"business","","Phakamisa Hard Rock Mining","R500 2 Simonville Carletonville, Westonaria, 2500","Westonaria","Gauteng","","South Africa"," 0180120075","admin@phakamisahrm.com","https://phakamisahrm.com/","","","https://maps.google.com/?hl=en_US&cid=0x0:0x962e4cbeb2f63d08",""
"business","Internet marketing service","Visual Store","No5 Blesbok St, Eden village, Carletonville, 2500","Carletonville","Gauteng","","South Africa"," 0726107319","hkardaliyen@gmail.com","https://mohaumoeti.wordpress.com/","","","https://maps.google.com/?hl=en_US&cid=0x0:0x639ef90caae5f746",""
"business","Insurance agency","Sanlam","70 Annan Rd, Carletonville, 2499","Carletonville","Gauteng","","South Africa"," 0187886628","prospects@sanlam.co.za","http://www.sanlam.co.za/","","","https://maps.google.com/?hl=en_US&cid=0x0:0x9a48250c449b41a6",""
"business","Security service","Quatro Gladiator Security Services","35 Ada St, Carletonville, 2500","Carletonville","Gauteng","","South Africa"," 0187884338","webmaster@gladiator.co.za","http://www.gladiator.co.za/","","","https://maps.google.com/?hl=en_US&cid=0x0:0x794175ceb99ac91a",""
"business","Software company","Techtravellux","Blyvooruitzicht, 1 4th Ave, West Wits, Carletonville, 2499","Carletonville","Gauteng","","South Africa"," 0721408109","","","","","https://maps.google.com/?hl=en_US&cid=0x0:0x4760e11fe6d6250d",""
"business","Real estate agency","RE/MAX Gold - Carletonville","Shop 4, 3A Ada St, Carletonville, 2499","Carletonville","Gauteng","","South Africa"," 0187863850","","http://www.gold.remax.co.za/","","","https://maps.google.com/?hl=en_US&cid=0x0:0x9ce03d20ea1ed817",""
"business","Law firm","R.T. Tshifura Attorneys Inc.","30 Van Zyl Smit St, Oberholzer, Carletonville, 2499","Carletonville","Gauteng","","South Africa"," 0187862071","","","","","https://maps.google.com/?hl=en_US&cid=0x0:0x622e251bcc1d648d",""
"business","Financial consultant","ULTRAFIN FINANCIAL SOLUTIONS","61 Adorp St, Oberholzer, Carletonville, 2499","Carletonville","Gauteng","","South Africa"," 0187872512","admin@ultrafin.co.za","http://www.ultrafin.co.za/","","","https://maps.google.com/?hl=en_US&cid=0x0:0xbe92c349c04cdb79",""
"business","Engineering consultant","Masijame Pty Ltd","29 Calcite Cres, Carletonville, 2499","Carletonville","Gauteng","","South Africa"," 0792853923","","","","","https://maps.google.com/?hl=en_US&cid=0x0:0xeb77e101d7d53b48",""
"business","Law firm","TA Dipudi Attorneys","35 South St, Carletonville, 2499","Carletonville","Gauteng","","South Africa"," 0187875583","","http://www.tadipudiattorneys.co.za/","","","https://maps.google.com/?hl=en_US&cid=0x0:0x6729d7aadcbdd086",""
"business","Attorney referral service","Bungane GCN Attorney","61 Juliana St, Oberholzer, Carletonville, 2499","Carletonville","Gauteng","","South Africa"," 0187863677","","","","","https://maps.google.com/?hl=en_US&cid=0x0:0x28bf0c4dcdb2738a",""
"business","business","Gauteng","","","Gauteng","","South Africa","","","","","","https://maps.google.com/?hl=en_US&cid=0x0:0x6d9ee7c7cb5438e2",""
"business","Lawyer","A Lingani Attorneys","50 Van Zyl Smit St, Oberholzer, Carletonville, 2499","Carletonville","Gauteng","","South Africa"," 0781942701","","","","","https://maps.google.com/?hl=en_US&cid=0x0:0x2bb5a1a4784d05bd",""
"business","Manufacturer","M M E Manufacturing Co. (Pty) Ltd.","28 Skag St, Carletonville, 2499","Carletonville","Gauteng","","South Africa"," 0187886674","info@mmelifting.com","http://www.mmelifting.com/","","","https://maps.google.com/?hl=en_US&cid=0x0:0xa0a2c1ca04882e19",""
"business","Mining company","G.F. Mining Supplies","23 Iridium St, Carletonville, 2499","Carletonville","Gauteng","","South Africa"," 0187885868","","","","","https://maps.google.com/?hl=en_US&cid=0x0:0xd60f2e7246b84112",""
"business","Steel fabricator","Steel Services  Allied Industries Pty Ltd","10 Footwall St, New Industrial Area, Carletonville, 2500","Carletonville","Gauteng","","South Africa"," 0187872059","lawrenceb@steelservices.co.za","http://www.steelservices.co.za/","","","https://maps.google.com/?hl=en_US&cid=0x0:0xa0b97153cfcc51e8",""
"business","Hardware store","Juli's Den","11 Osmium St, Carletonville, 2499","Carletonville","Gauteng","","South Africa"," 0798970775","","","","","https://maps.google.com/?hl=en_US&cid=0x0:0x6fa2700141d3ae36",""
"business","Protective clothing supplier","Carletonville Hydraulics (Pty) Ltd","19 Skag St, Carletonville, 2499","Carletonville","Gauteng","","South Africa"," 0187882317","","","","","https://maps.google.com/?hl=en_US&cid=0x0:0x38f40e982b8fea05",""
"business","Pharmacy","S Buys Group","S Buys Business Park, S Buys Business Park, Cr Kaolin  Radium Street, Carletonville, 2499","Carletonville","Gauteng","","South Africa"," 0187882075","","http://www.sbuys.co.za/","","","https://maps.google.com/?hl=en_US&cid=0x0:0x7dbcf2334d6bf37",""
"business","Pharmacy","S Buys Wholesaler","Corner Radium , Kaolin St, Carletonville, 2500","Carletonville","Gauteng","","South Africa"," 0187882075","","http://www.sbuys.co.za/","","","https://maps.google.com/?hl=en_US&cid=0x0:0xd29ecb469d916d88",""
"business","Mining company","Mine Mechanisation and Equipment (Pty) Ltd Umusa Mining","Doornfontein Gold Mine","Carletonville","Gauteng","","South Africa"," 0187891000","","http://www.mmei.co/","","","https://maps.google.com/?hl=en_US&cid=0x0:0xdacedeb8b1e48549",""
"business","Home goods store","EDURA","5 Emerald St, Carletonville, 2499","Carletonville","Gauteng","","South Africa"," 0184140063","","","","","https://maps.google.com/?hl=en_US&cid=0x0:0x8e9b23fe03dec401",""
"business","Mining company","G.F. Mining Supplies","23 Iridium St, Carletonville, 2499","Carletonville","Gauteng","","South Africa"," 0187885868","","","","","https://maps.google.com/?hl=en_US&cid=0x0:0xd60f2e7246b84112",""
"business","Security service","Quatro Gladiator Security Services","35 Ada St, Carletonville, 2500","Carletonville","Gauteng","","South Africa"," 0187884338","webmaster@gladiator.co.za","http://www.gladiator.co.za/","","","https://maps.google.com/?hl=en_US&cid=0x0:0x794175ceb99ac91a",""
"business","Steel fabricator","Steel Services  Allied Industries Pty Ltd","10 Footwall St, New Industrial Area, Carletonville, 2500","Carletonville","Gauteng","","South Africa"," 0187872059","lawrenceb@steelservices.co.za","http://www.steelservices.co.za/","","","https://maps.google.com/?hl=en_US&cid=0x0:0xa0b97153cfcc51e8",""
"business","Construction company","Technical Diagnostic Services","13 Kleim St, Carletonville, 2499","Carletonville","Gauteng","","South Africa"," 0187458227","","","","","https://maps.google.com/?hl=en_US&cid=0x0:0x84feb8b7cf4fee2d",""
"business","Corporate office","Protea 1","6 Palladium St, Carletonville, 2500","Carletonville","Gauteng","","South Africa","","","","","","https://maps.google.com/?hl=en_US&cid=0x0:0x96b527ebf525b74c",""
"business","Pharmacy","S Buys Wholesaler","Corner Radium , Kaolin St, Carletonville, 2500","Carletonville","Gauteng","","South Africa"," 0187882075","","http://www.sbuys.co.za/","","","https://maps.google.com/?hl=en_US&cid=0x0:0xd29ecb469d916d88",""
"business","Print shop","Carletonville Press (Pty) Ltd","21 Botha St, Pretoriusrus, Carletonville, 2500","Carletonville","Gauteng","","South Africa"," 0187872091","","http://www.carletonvillepress.co.za/","","","https://maps.google.com/?hl=en_US&cid=0x0:0xe3a294ac0dbda84c",""
"business","Guest house","Carletonville Contractors Accommodation","100 Dolomite Dr, Carletonville, 2499","Carletonville","Gauteng","","South Africa"," 0823753335","","","","","https://maps.google.com/?hl=en_US&cid=0x0:0x461fc547e69c6af9",""
"business","Pharmacy","S Buys Group","S Buys Business Park, S Buys Business Park, Cr Kaolin  Radium Street, Carletonville, 2499","Carletonville","Gauteng","","South Africa"," 0187882075","","http://www.sbuys.co.za/","","","https://maps.google.com/?hl=en_US&cid=0x0:0x7dbcf2334d6bf37",""
"business","Construction company","Lehlume Trading Enterprise Pty","5 Kernite St, Ext2, Carletonville, 2499","Carletonville","Gauteng","","South Africa"," 0737716504","","","","","https://maps.google.com/?hl=en_US&cid=0x0:0xa84e70ccb6e6d550",""
"business","Mine","Sibanye Shared Services Main offices","5176 R501, Carletonville, 2499","Carletonville","Gauteng","","South Africa","","","","","","https://maps.google.com/?hl=en_US&cid=0x0:0x6d30f5d16bb23830",""
"business","Business center","Montalto","Palladium St, Carletonville, 2500","Carletonville","Gauteng","","South Africa","","","","","","https://maps.google.com/?hl=en_US&cid=0x0:0x9d37747e1409a3df",""
"business","Law firm","TA Dipudi Attorneys","35 South St, Carletonville, 2499","Carletonville","Gauteng","","South Africa"," 0187875583","","http://www.tadipudiattorneys.co.za/","","","https://maps.google.com/?hl=en_US&cid=0x0:0x6729d7aadcbdd086",""
"business","","DJ Car Rental","Dolomite Dr, Carletonville, 2499","Carletonville","Gauteng","","South Africa"," 0187885081","info@kwikweb.co.za","https://www.djcarrentals.co.za/wcontact.php","","","https://maps.google.com/?hl=en_US&cid=0x0:0xbd013c6b1df8c698",""
"business","Internet marketing service","Visual Store","No5 Blesbok St, Eden village, Carletonville, 2500","Carletonville","Gauteng","","South Africa"," 0726107319","hkardaliyen@gmail.com","https://mohaumoeti.wordpress.com/","","","https://maps.google.com/?hl=en_US&cid=0x0:0x639ef90caae5f746",""
"business","Lawyer","Thipe Thema Attorneys Incorporated","50 Van Zyl Smit St, Oberholzer, Carletonville, 2499","Carletonville","Gauteng","","South Africa"," 0761117867","","","","","https://maps.google.com/?hl=en_US&cid=0x0:0xec0270220c00f787",""
"business","Tax consultant","Tupo Business Services","South St, Carletonville, 2499","Carletonville","Gauteng","","South Africa"," 0760761350","","","","","https://maps.google.com/?hl=en_US&cid=0x0:0x5ef891f3a062d068",""
"business","Courthouse","Magistrate Court Carletonville","64 Van Zyl Smit St, Oberholzer, Carletonville, 2499","Carletonville","Gauteng","","South Africa"," 0187882341","TeTladi@justice.gov.za","https://www.justice.gov.za/","","","https://maps.google.com/?hl=en_US&cid=0x0:0x830e0f090331eba1",""
"business","Civil engineering company","VTSI BUSINESS ENTERPRISE","Ext 5, 6 Zinnia Pl, Carletonville, 2299","Carletonville","Gauteng","","South Africa"," 0723755873","","","","","https://maps.google.com/?hl=en_US&cid=0x0:0x4270fea09532b243",""
"business","business","Carletonville","2499","Carletonville","Gauteng","","South Africa","","","","","","https://maps.google.com/?hl=en_US&cid=0x0:0x3a31d121b19a4d11",""
"business","Manufacturer","M M E Manufacturing Co. (Pty) Ltd.","28 Skag St, Carletonville, 2499","Carletonville","Gauteng","","South Africa"," 0187886674","info@mmelifting.com","http://www.mmelifting.com/","","","https://maps.google.com/?hl=en_US&cid=0x0:0xa0a2c1ca04882e19",""
"business","Hardware store","Juli's Den","11 Osmium St, Carletonville, 2499","Carletonville","Gauteng","","South Africa"," 0798970775","","","","","https://maps.google.com/?hl=en_US&cid=0x0:0x6fa2700141d3ae36",""
"business","Home goods store","EDURA","5 Emerald St, Carletonville, 2499","Carletonville","Gauteng","","South Africa"," 0184140063","","","","","https://maps.google.com/?hl=en_US&cid=0x0:0x8e9b23fe03dec401",""
"business","Construction company","BIDS INVESTMENTS (PTY) LTD","25 Skag St, Carletonville, 2499","Carletonville","Gauteng","","South Africa","","","","","","https://maps.google.com/?hl=en_US&cid=0x0:0xf1de178646b45a53",""
"business","Sportswear store","Power Stores (Pty) Ltd","6 Amethyst St, Carletonville, 2499","Carletonville","Gauteng","","South Africa"," 0187862513","","","","","https://maps.google.com/?hl=en_US&cid=0x0:0x1cfd9ec608e9c1ba",""
"business","Hardware store","CTH TOOLS","33 Botha St, Oberholzer, Carletonville, 2499","Carletonville","Gauteng","","South Africa"," 0837822802","","","","","https://maps.google.com/?hl=en_US&cid=0x0:0xbf78691efb259781",""
"business","Photography service","Foto First Carletonville","Shop 5 Edgars Building, Flint St, Carletonville, 2499","Carletonville","Gauteng","","South Africa"," 0187883388","contacto@tiendeo.com","https://www.tiendeo.co.za/stores/carletonville/foto-first-flint-street/23135","","","https://maps.google.com/?hl=en_US&cid=0x0:0x3a24a28a03d43b39",""
"business","Second hand store","Cash Crusaders Carletonville","Shop 8, Ackermans Centre, Emerald St, Johannesburg West, Carletonville, 2499","Carletonville","Gauteng","","South Africa"," 0187884812","appliancerepairs@cashcrusaders.co.za","https://cashcrusaders.co.za/storedetails?loc>>u003d>>u0026id>>u003d>>u0026layout>>u003dloc>>u003dCash%20Crusaders%20Carletonville>>u0026locationid>>u003d15c0abb4-0050-45d8-b57d-386af5cb54d8","","","https://maps.google.com/?hl=en_US&cid=0x0:0x125db95038274c97",""
"business","Butcher shop","New Meat Market Butcher","8 Station St, Oberholzer, Carletonville, 2499","Carletonville","Gauteng","","South Africa"," 0792757877","","http://www.newmeatmarket.co.za/","","","https://maps.google.com/?hl=en_US&cid=0x0:0xb31bf7d0805a9f99",""
"business","Mining company","G.F. Mining Supplies","23 Iridium St, Carletonville, 2499","Carletonville","Gauteng","","South Africa"," 0187885868","","","","","https://maps.google.com/?hl=en_US&cid=0x0:0xd60f2e7246b84112",""
"business","Construction company","BIDS INVESTMENTS (PTY) LTD","25 Skag St, Carletonville, 2499","Carletonville","Gauteng","","South Africa","","","","","","https://maps.google.com/?hl=en_US&cid=0x0:0xf1de178646b45a53",""
"business","Pharmacy","S Buys Group","S Buys Business Park, S Buys Business Park, Cr Kaolin  Radium Street, Carletonville, 2499","Carletonville","Gauteng","","South Africa"," 0187882075","","http://www.sbuys.co.za/","","","https://maps.google.com/?hl=en_US&cid=0x0:0x7dbcf2334d6bf37",""
"business","Construction company","MMC GROUP","59 Agate St, Carletonville, 2499","Carletonville","Gauteng","","South Africa"," 0187882480","","","","","https://maps.google.com/?hl=en_US&cid=0x0:0x66a6bbb25f4b71eb",""
"business","Waste management service","Look Buy","18 Ada St, Carletonville, 2499","Carletonville","Gauteng","","South Africa"," 0744646234","","","","","https://maps.google.com/?hl=en_US&cid=0x0:0x927fc479edf739eb",""
"business","Mine","Sibanye Shared Services Main offices","5176 R501, Carletonville, 2499","Carletonville","Gauteng","","South Africa","","","","","","https://maps.google.com/?hl=en_US&cid=0x0:0x6d30f5d16bb23830",""
"business","Air conditioning contractor","Million-Air Services Carletonville (Pty) Ltd","62 Railway St, Oberholzer, Carletonville, 2499","Carletonville","Gauteng","","South Africa"," 0187861026","info@million-airservices.com","https://million-airservices.co.za/","","","https://maps.google.com/?hl=en_US&cid=0x0:0xd58da08e5616cbc0",""
"business","Tax consultant","Tupo Business Services","South St, Carletonville, 2499","Carletonville","Gauteng","","South Africa"," 0760761350","","","","","https://maps.google.com/?hl=en_US&cid=0x0:0x5ef891f3a062d068",""
"business","Clothing store","Gateway Mall","Annan Rd, Carletonville, 2499","Carletonville","Gauteng","","South Africa"," 0187885540","gateway@capland.co.za","https://www.capland.co.za/property-portfolio/gateway-mall-carletonville-gauteng/","","","https://maps.google.com/?hl=en_US&cid=0x0:0xe8999802526a00b1",""
"business","Security service","Quatro Gladiator Security Services","35 Ada St, Carletonville, 2500","Carletonville","Gauteng","","South Africa"," 0187884338","webmaster@gladiator.co.za","http://www.gladiator.co.za/","","","https://maps.google.com/?hl=en_US&cid=0x0:0x794175ceb99ac91a",""
"business","Loan agency","Tshepang Business Enterprise","11 Osmium St, Carletonville, 2499","Carletonville","Gauteng","","South Africa"," 0187872254","","","","","https://maps.google.com/?hl=en_US&cid=0x0:0x15190003dfc41db4",""
"business","Second hand store","Cash For Appliances (Pty)Ltd.","53 Annan Rd, Carletonville, 2499","Carletonville","Gauteng","","South Africa"," 0849025414","","","","","https://maps.google.com/?hl=en_US&cid=0x0:0xec3d1583d1740834",""
"business","Labor union","MINEWORKERS PROVIDENT FUND","Office No. 2, S-Buys Business Park, Kaolin St, Carletonville, 2499","Carletonville","Gauteng","","South Africa"," 0101003190","","","","","https://maps.google.com/?hl=en_US&cid=0x0:0x61cd81185537ec9c",""
"business","Protective clothing supplier","Carletonville Hydraulics (Pty) Ltd","19 Skag St, Carletonville, 2499","Carletonville","Gauteng","","South Africa"," 0187882317","","","","","https://maps.google.com/?hl=en_US&cid=0x0:0x38f40e982b8fea05",""
"business","Government hospital","Carletonville Traffic Department","Oberholzer, Carletonville, 2499","Carletonville","Gauteng","","South Africa"," 0187889712","","","","","https://maps.google.com/?hl=en_US&cid=0x0:0x3239c3f617b3cb41",""
"business","Construction company","Lehlume Trading Enterprise Pty","5 Kernite St, Ext2, Carletonville, 2499","Carletonville","Gauteng","","South Africa"," 0737716504","","","","","https://maps.google.com/?hl=en_US&cid=0x0:0xa84e70ccb6e6d550",""
"business","Labor union","Association of Mineworkers and Construction Union","Mantalto Building, 04 Palladium St, Carletonville, 2499","Carletonville","Gauteng","","South Africa"," 0180110385","headoffice@amcu.co.za","http://amcu.co.za/","","","https://maps.google.com/?hl=en_US&cid=0x0:0x1594a406bfa50114",""
"business","Pharmacy","S Buys Wholesaler","Corner Radium , Kaolin St, Carletonville, 2500","Carletonville","Gauteng","","South Africa"," 0187882075","","http://www.sbuys.co.za/","","","https://maps.google.com/?hl=en_US&cid=0x0:0xd29ecb469d916d88",""
"business","Gas station","Edwards And Young (Eday Gas)","1 Station St, Oberholzer, Carletonville, 2499","Carletonville","Gauteng","","South Africa"," 0765179631","","","","","https://maps.google.com/?hl=en_US&cid=0x0:0x7ffc05a7c18aa321",""
"business","business","South Africa","","","Gauteng","","South Africa","","","","","","https://maps.google.com/?hl=en_US&cid=0x0:0xe85d630c1fa4e8a0",""
"business","Recording studio","2499 Records","8 Northend Grove, New village, Carletonville, 2499","Carletonville","Gauteng","","South Africa"," 0660178412","o.@R.aR","https://grocafrica.com/u/4ff41840","","","https://maps.google.com/?hl=en_US&cid=0x0:0xd4846b0b52f2ec2c",""
"business","Chemical manufacturer","OCF","30 Station St, Oberholzer, Carletonville, 2499","Carletonville","Gauteng","","South Africa"," 0795152140","","http://the-ocf.co.za/","","","https://maps.google.com/?hl=en_US&cid=0x0:0x41a2c7a0053ec78c",""
"business","Commercial printer","Doctrate business","2430 Tswana section, Khutsong, Carletonville, 2499","Carletonville","Gauteng","","South Africa"," 0786943934","","","","","https://maps.google.com/?hl=en_US&cid=0x0:0x2358816e2cdad419",""
"business","Home goods store","EDURA","5 Emerald St, Carletonville, 2499","Carletonville","Gauteng","","South Africa"," 0184140063","","","","","https://maps.google.com/?hl=en_US&cid=0x0:0x8e9b23fe03dec401",""
"business","Water filter supplier","Afrique water carletonville","42 Van Zyl Smit St, Oberholzer, Carletonville, 2500","Carletonville","Gauteng","","South Africa"," 0849972417","","","","","https://maps.google.com/?hl=en_US&cid=0x0:0xba52b2e35802f863",""
"business","General store","Sunrise Wholesale","42 Van Zyl Smit St, Oberholzer, Carletonville, 2499","Carletonville","Gauteng","","South Africa"," 0187862765","","","","","https://maps.google.com/?hl=en_US&cid=0x0:0xd10ce66be07cb0a5",""
"business","Gas station","Sasol Carletonville","59 Dolomite Dr, Carletonville, 2499","Carletonville","Gauteng","","South Africa"," 0823942084","","http://www.sasol.co.za/","","","https://maps.google.com/?hl=en_US&cid=0x0:0xc4735f1c047f4510",""
"business","Print shop","Carletonville Press (Pty) Ltd","21 Botha St, Pretoriusrus, Carletonville, 2500","Carletonville","Gauteng","","South Africa"," 0187872091","","http://www.carletonvillepress.co.za/","","","https://maps.google.com/?hl=en_US&cid=0x0:0xe3a294ac0dbda84c",""
"business","Grocery store","SPAR Three Monkeys","53 Van Zyl Smit St, Oberholzer, Carletonville, 2499","Carletonville","Gauteng","","South Africa"," 0187886233","","https://www.spar.co.za/Store-Finder","","","https://maps.google.com/?hl=en_US&cid=0x0:0xa7e8b16b1ec94547",""
"business","School","Murray and Robrerts Training Academy","Carletonville, 2499","Carletonville","Gauteng","","South Africa"," 0820534930","","","","","https://maps.google.com/?hl=en_US&cid=0x0:0x303b2e5072ab303f",""
"business","","Cementation Bentley Park","Carletonville, 2499","Carletonville","Gauteng","","South Africa"," 0112015000","","","","","https://maps.google.com/?hl=en_US&cid=0x0:0xa13dfe35d66bd201",""
"business","Security service","Quatro Gladiator Security Services","35 Ada St, Carletonville, 2500","Carletonville","Gauteng","","South Africa"," 0187884338","webmaster@gladiator.co.za","http://www.gladiator.co.za/","","","https://maps.google.com/?hl=en_US&cid=0x0:0x794175ceb99ac91a",""
"business","Government hospital","Carletonville Traffic Department","Oberholzer, Carletonville, 2499","Carletonville","Gauteng","","South Africa"," 0187889712","","","","","https://maps.google.com/?hl=en_US&cid=0x0:0x3239c3f617b3cb41",""
"business","Mining company","Bentley Park 2500","Carletonville, 2499","Carletonville","Gauteng","","South Africa"," 0187817032","","http://www.murrob.com/","","","https://maps.google.com/?hl=en_US&cid=0x0:0xf2483c23c8c358de",""
"business","Pharmacy","S Buys Group","S Buys Business Park, S Buys Business Park, Cr Kaolin  Radium Street, Carletonville, 2499","Carletonville","Gauteng","","South Africa"," 0187882075","","http://www.sbuys.co.za/","","","https://maps.google.com/?hl=en_US&cid=0x0:0x7dbcf2334d6bf37",""
"business","Pharmacy","S Buys Wholesaler","Corner Radium , Kaolin St, Carletonville, 2500","Carletonville","Gauteng","","South Africa"," 0187882075","","http://www.sbuys.co.za/","","","https://maps.google.com/?hl=en_US&cid=0x0:0xd29ecb469d916d88",""
"business","","Solidariteit Dienskantoor - Carltonville","74 Van Zyl Smit St, Oberholzer, Carletonville, 2499","Carletonville","Gauteng","","South Africa"," 0187884861","","","","","https://maps.google.com/?hl=en_US&cid=0x0:0x8fee440ff41f373f",""
"business","Mining company","D  S Mining","Railway St, Oberholzer, Carletonville, 2500","Carletonville","Gauteng","","South Africa"," 0187861960","","","","","https://maps.google.com/?hl=en_US&cid=0x0:0x69e1c0cd27f8ef50",""
"business","Tax consultant","Tupo Business Services","South St, Carletonville, 2499","Carletonville","Gauteng","","South Africa"," 0760761350","","","","","https://maps.google.com/?hl=en_US&cid=0x0:0x5ef891f3a062d068",""
"business","Construction company","Technical Diagnostic Services","13 Kleim St, Carletonville, 2499","Carletonville","Gauteng","","South Africa"," 0187458227","","","","","https://maps.google.com/?hl=en_US&cid=0x0:0x84feb8b7cf4fee2d",""
"business","Business management consultant","Business Leadership South Africa","Second Floor, 61 Katherine St, Sandton, 2196","Sandton","Gauteng","","South Africa"," 0113564650","reception@businessleadership.org.za","http://blsaconnect.org/","","","https://maps.google.com/?hl=en_US&cid=0x0:0x226160cba4669a8f",""
"business","Courthouse","Magistrate Court Carletonville","64 Van Zyl Smit St, Oberholzer, Carletonville, 2499","Carletonville","Gauteng","","South Africa"," 0187882341","TeTladi@justice.gov.za","https://www.justice.gov.za/","","","https://maps.google.com/?hl=en_US&cid=0x0:0x830e0f090331eba1",""
"business","Engineering consultant","Data Service Agency","Protea Building, 2, 6 Palladium St, Carletonville, 2500","Carletonville","Gauteng","","South Africa"," 0619894148","","","","","https://maps.google.com/?hl=en_US&cid=0x0:0x6ae789990b7e61e9",""
"business","Environmental consultant","Shimmyrosa Holdings(Pty)Ltd","No13, Aloe St, Carletonville, 2499","Carletonville","Gauteng","","South Africa"," 0725102529","","","","","https://maps.google.com/?hl=en_US&cid=0x0:0xf349d06268c269b2",""
"business","Engineering consultant","Masijame Pty Ltd","29 Calcite Cres, Carletonville, 2499","Carletonville","Gauteng","","South Africa"," 0792853923","","","","","https://maps.google.com/?hl=en_US&cid=0x0:0xeb77e101d7d53b48",""
"business","Construction company","Digital Borehole Surveying","39 Botha St, Oberholzer, Carletonville, 2499","Carletonville","Gauteng","","South Africa"," 0187886349","8c4075d5481d476e945486754f783364@sentry.io","http://www.digitalsurveying.co.za/","","","https://maps.google.com/?hl=en_US&cid=0x0:0x90addba668a9bf5b",""
"business","business","Gauteng","","","Gauteng","","South Africa","","","","","","https://maps.google.com/?hl=en_US&cid=0x0:0x6d9ee7c7cb5438e2",""
"business","Law firm","TA Dipudi Attorneys","35 South St, Carletonville, 2499","Carletonville","Gauteng","","South Africa"," 0187875583","","http://www.tadipudiattorneys.co.za/","","","https://maps.google.com/?hl=en_US&cid=0x0:0x6729d7aadcbdd086",""
"business","Construction company","BIDS INVESTMENTS (PTY) LTD","25 Skag St, Carletonville, 2499","Carletonville","Gauteng","","South Africa","","","","","","https://maps.google.com/?hl=en_US&cid=0x0:0xf1de178646b45a53",""
"business","Manufacturer","M M E Manufacturing Co. (Pty) Ltd.","28 Skag St, Carletonville, 2499","Carletonville","Gauteng","","South Africa"," 0187886674","info@mmelifting.com","http://www.mmelifting.com/","","","https://maps.google.com/?hl=en_US&cid=0x0:0xa0a2c1ca04882e19",""
"business","Corporate office","Protea 1","6 Palladium St, Carletonville, 2500","Carletonville","Gauteng","","South Africa","","","","","","https://maps.google.com/?hl=en_US&cid=0x0:0x96b527ebf525b74c",""
"business","business","N/A","","","Gauteng","","South Africa"," 0798432510","info@wearne.co.za","http://www.wearne.co.za/","","","https://maps.google.com/?hl=en_US&cid=0x0:0x1c917452a84ae61d",""
"business","Mining company","Schauenburg Systems - Fochville/Carletonville","Klopper St, Froneman St, , Fochville, 2515","Fochville","Gauteng","","South Africa"," 0848679592","sales@schauenburg.co.za","https://www.schauenburg.co.za/","","","https://maps.google.com/?hl=en_US&cid=0x0:0xa7e8535c1a5727f",""
"business","Sportswear store","Power Stores (Pty) Ltd","6 Amethyst St, Carletonville, 2499","Carletonville","Gauteng","","South Africa"," 0187862513","","","","","https://maps.google.com/?hl=en_US&cid=0x0:0x1cfd9ec608e9c1ba",""
"business","Water filter supplier","Afrique water carletonville","42 Van Zyl Smit St, Oberholzer, Carletonville, 2500","Carletonville","Gauteng","","South Africa"," 0849972417","","","","","https://maps.google.com/?hl=en_US&cid=0x0:0xba52b2e35802f863",""
"business","Home goods store","EDURA","5 Emerald St, Carletonville, 2499","Carletonville","Gauteng","","South Africa"," 0184140063","","","","","https://maps.google.com/?hl=en_US&cid=0x0:0x8e9b23fe03dec401",""
"business","Mining company","G.F. Mining Supplies","23 Iridium St, Carletonville, 2499","Carletonville","Gauteng","","South Africa"," 0187885868","","","","","https://maps.google.com/?hl=en_US&cid=0x0:0xd60f2e7246b84112",""
"business","Chemical manufacturer","OCF","30 Station St, Oberholzer, Carletonville, 2499","Carletonville","Gauteng","","South Africa"," 0795152140","","http://the-ocf.co.za/","","","https://maps.google.com/?hl=en_US&cid=0x0:0x41a2c7a0053ec78c",""
"business","Construction company","BIDS INVESTMENTS (PTY) LTD","25 Skag St, Carletonville, 2499","Carletonville","Gauteng","","South Africa","","","","","","https://maps.google.com/?hl=en_US&cid=0x0:0xf1de178646b45a53",""
"business","Manufacturer","M M E Manufacturing Co. (Pty) Ltd.","28 Skag St, Carletonville, 2499","Carletonville","Gauteng","","South Africa"," 0187886674","info@mmelifting.com","http://www.mmelifting.com/","","","https://maps.google.com/?hl=en_US&cid=0x0:0xa0a2c1ca04882e19",""
"business","Steel fabricator","Steel Services  Allied Industries Pty Ltd","10 Footwall St, New Industrial Area, Carletonville, 2500","Carletonville","Gauteng","","South Africa"," 0187872059","lawrenceb@steelservices.co.za","http://www.steelservices.co.za/","","","https://maps.google.com/?hl=en_US&cid=0x0:0xa0b97153cfcc51e8",""
"business","Mining company","G.F. Mining Supplies","23 Iridium St, Carletonville, 2499","Carletonville","Gauteng","","South Africa"," 0187885868","","","","","https://maps.google.com/?hl=en_US&cid=0x0:0xd60f2e7246b84112",""
"business","Protective clothing supplier","Carletonville Hydraulics (Pty) Ltd","19 Skag St, Carletonville, 2499","Carletonville","Gauteng","","South Africa"," 0187882317","","","","","https://maps.google.com/?hl=en_US&cid=0x0:0x38f40e982b8fea05",""
"business","Government hospital","Carletonville Traffic Department","Oberholzer, Carletonville, 2499","Carletonville","Gauteng","","South Africa"," 0187889712","","","","","https://maps.google.com/?hl=en_US&cid=0x0:0x3239c3f617b3cb41",""
"business","Pharmacy","S Buys Wholesaler","Corner Radium , Kaolin St, Carletonville, 2500","Carletonville","Gauteng","","South Africa"," 0187882075","","http://www.sbuys.co.za/","","","https://maps.google.com/?hl=en_US&cid=0x0:0xd29ecb469d916d88",""
"business","Guest house","Carletonville Contractors Accommodation","100 Dolomite Dr, Carletonville, 2499","Carletonville","Gauteng","","South Africa"," 0823753335","","","","","https://maps.google.com/?hl=en_US&cid=0x0:0x461fc547e69c6af9",""
"business","Pharmacy","S Buys Group","S Buys Business Park, S Buys Business Park, Cr Kaolin  Radium Street, Carletonville, 2499","Carletonville","Gauteng","","South Africa"," 0187882075","","http://www.sbuys.co.za/","","","https://maps.google.com/?hl=en_US&cid=0x0:0x7dbcf2334d6bf37",""
"business","Print shop","Carletonville Press (Pty) Ltd","21 Botha St, Pretoriusrus, Carletonville, 2500","Carletonville","Gauteng","","South Africa"," 0187872091","","http://www.carletonvillepress.co.za/","","","https://maps.google.com/?hl=en_US&cid=0x0:0xe3a294ac0dbda84c",""
"business","Construction company","Technical Diagnostic Services","13 Kleim St, Carletonville, 2499","Carletonville","Gauteng","","South Africa"," 0187458227","","","","","https://maps.google.com/?hl=en_US&cid=0x0:0x84feb8b7cf4fee2d",""
"business","Civic center","Cartonville 50 Round Table Clubhouse","20 Jargoon Pl, Carletonville, 2499","Carletonville","Gauteng","","South Africa","","","","","","https://maps.google.com/?hl=en_US&cid=0x0:0xf69f5f68bd1b47f0",""
"business","Mine","Sibanye Shared Services Main offices","5176 R501, Carletonville, 2499","Carletonville","Gauteng","","South Africa","","","","","","https://maps.google.com/?hl=en_US&cid=0x0:0x6d30f5d16bb23830",""
"business","Business center","Montalto","Palladium St, Carletonville, 2500","Carletonville","Gauteng","","South Africa","","","","","","https://maps.google.com/?hl=en_US&cid=0x0:0x9d37747e1409a3df",""
"business","Internet marketing service","Visual Store","No5 Blesbok St, Eden village, Carletonville, 2500","Carletonville","Gauteng","","South Africa"," 0726107319","hkardaliyen@gmail.com","https://mohaumoeti.wordpress.com/","","","https://maps.google.com/?hl=en_US&cid=0x0:0x639ef90caae5f746",""
"business","Insurance company","Rand Mutual Assurance","S Buys Business Park, Cnr Kaolin  Rhodium Street, Carletonville, 2499","Carletonville","Gauteng","","South Africa"," 0187881900","","","","","https://maps.google.com/?hl=en_US&cid=0x0:0xadf85c27c61ade9f",""
"business","Law firm","TA Dipudi Attorneys","35 South St, Carletonville, 2499","Carletonville","Gauteng","","South Africa"," 0187875583","","http://www.tadipudiattorneys.co.za/","","","https://maps.google.com/?hl=en_US&cid=0x0:0x6729d7aadcbdd086",""
"business","Civil engineering company","VTSI BUSINESS ENTERPRISE","Ext 5, 6 Zinnia Pl, Carletonville, 2299","Carletonville","Gauteng","","South Africa"," 0723755873","","","","","https://maps.google.com/?hl=en_US&cid=0x0:0x4270fea09532b243",""
"business","business","Carletonville","2499","Carletonville","Gauteng","","South Africa","","","","","","https://maps.google.com/?hl=en_US&cid=0x0:0x3a31d121b19a4d11",""
"business","Courthouse","Magistrate Court Carletonville","64 Van Zyl Smit St, Oberholzer, Carletonville, 2499","Carletonville","Gauteng","","South Africa"," 0187882341","TeTladi@justice.gov.za","https://www.justice.gov.za/","","","https://maps.google.com/?hl=en_US&cid=0x0:0x830e0f090331eba1",""
"business","Sportswear store","Power Stores (Pty) Ltd","6 Amethyst St, Carletonville, 2499","Carletonville","Gauteng","","South Africa"," 0187862513","","","","","https://maps.google.com/?hl=en_US&cid=0x0:0x1cfd9ec608e9c1ba",""
"business","Manufacturer","StitchWise (pty) Ltd","1 Nursery Rd, Carletonville, 2501","Carletonville","Gauteng","","South Africa"," 0187885835","sales@stitchwise.co.za","http://www.stitchwise.co.za/","","","https://maps.google.com/?hl=en_US&cid=0x0:0x53cc8d094ee91ebc",""
"business","Second hand store","Cash For Appliances (Pty)Ltd.","53 Annan Rd, Carletonville, 2499","Carletonville","Gauteng","","South Africa"," 0849025414","","","","","https://maps.google.com/?hl=en_US&cid=0x0:0xec3d1583d1740834",""
"business","Butcher shop","New Meat Market Butcher","8 Station St, Oberholzer, Carletonville, 2499","Carletonville","Gauteng","","South Africa"," 0792757877","","http://www.newmeatmarket.co.za/","","","https://maps.google.com/?hl=en_US&cid=0x0:0xb31bf7d0805a9f99",""
"business","Hardware store","Juli's Den","11 Osmium St, Carletonville, 2499","Carletonville","Gauteng","","South Africa"," 0798970775","","","","","https://maps.google.com/?hl=en_US&cid=0x0:0x6fa2700141d3ae36",""
"business","Steel construction company","LAR Steel (Pty) Ltd","c/o Station and, Botha St, Carletonville, 2500","Carletonville","Gauteng","","South Africa"," 0871100070","","","","","https://maps.google.com/?hl=en_US&cid=0x0:0x12c089e3ee5b9ede",""
"business","Mining equipment","ROBDAY MINING SUPPLIES (PTY) LTD","27 Skag St, Oberholzer, Carletonville, 2499","Carletonville","Gauteng","","South Africa"," 0187874161","tharinas@robdaymining.co.za","http://www.robdaymining.co.za/contact.htm","","","https://maps.google.com/?hl=en_US&cid=0x0:0x7f5a48697f1239ee",""
"business","Industrial equipment supplier","Bearings International - Careltonville","122 J  C BUILDING, Kaolin St, Carletonville, 2500","Carletonville","Gauteng","","South Africa"," 0101097402","info@bearings.co.za","http://www.bearings.co.za/","","","https://maps.google.com/?hl=en_US&cid=0x0:0xf8bf0b19dd165ab9",""
"business","Business administration service","Fourway Motor Engineering","48 Railway St, Oberholzer, Carletonville, 2499","Carletonville","Gauteng","","South Africa"," 0187861995","support@brabys.co.za","https://www.brabys.com/za/gauteng/carletonville/oberholzer/motor-engineers/fourway-motor-engineering","","","https://maps.google.com/?hl=en_US&cid=0x0:0xc441996ab3b3549a",""
"business","Machining manufacturer","LL Equiping Services and Manufacturing CC","24 Railway St, Oberholzer, Carletonville, 2499","Carletonville","Gauteng","","South Africa"," 0187863532","","https://landlequiping.services/","","","https://maps.google.com/?hl=en_US&cid=0x0:0xfa7452657e14b941",""
"business","Print shop","Carletonville Press (Pty) Ltd","21 Botha St, Pretoriusrus, Carletonville, 2500","Carletonville","Gauteng","","South Africa"," 0187872091","","http://www.carletonvillepress.co.za/","","","https://maps.google.com/?hl=en_US&cid=0x0:0xe3a294ac0dbda84c",""
"business","Mining company","Cable Joints and Mining Supplies","9 Botha St, Oberholzer, Carletonville, 2499","Carletonville","Gauteng","","South Africa"," 0187883314","","","","","https://maps.google.com/?hl=en_US&cid=0x0:0xf47ad19302581bd1",""
"business","Air conditioning contractor","Million-Air Services Carletonville (Pty) Ltd","62 Railway St, Oberholzer, Carletonville, 2499","Carletonville","Gauteng","","South Africa"," 0187861026","info@million-airservices.com","https://million-airservices.co.za/","","","https://maps.google.com/?hl=en_US&cid=0x0:0xd58da08e5616cbc0",""
"business","Corporate office","Rock Tool Services","Extension 2, 64 Railway St, Oberholzer, Carletonville, 2499","Carletonville","Gauteng","","South Africa"," 0187861013","","","","","https://maps.google.com/?hl=en_US&cid=0x0:0x7390f14196f0f5bd",""
"business","Government hospital","Carletonville Traffic Department","Oberholzer, Carletonville, 2499","Carletonville","Gauteng","","South Africa"," 0187889712","","","","","https://maps.google.com/?hl=en_US&cid=0x0:0x3239c3f617b3cb41",""
"business","Mining company","Victor Mining Supplies","28 Railway St, Oberholzer, Carletonville, 2499","Carletonville","Gauteng","","South Africa"," 0187862655","","","","","https://maps.google.com/?hl=en_US&cid=0x0:0x3bb4b8816f07d21f",""
"business","Water filter supplier","Afrique water carletonville","42 Van Zyl Smit St, Oberholzer, Carletonville, 2500","Carletonville","Gauteng","","South Africa"," 0849972417","","","","","https://maps.google.com/?hl=en_US&cid=0x0:0xba52b2e35802f863",""
"business","Gas station","Edwards And Young (Eday Gas)","1 Station St, Oberholzer, Carletonville, 2499","Carletonville","Gauteng","","South Africa"," 0765179631","","","","","https://maps.google.com/?hl=en_US&cid=0x0:0x7ffc05a7c18aa321",""
"business","Local government office","Merafong Properties","63 Van Zyl Smit St, Oberholzer, Carletonville, 2502","Carletonville","Gauteng","","South Africa"," 0187872000","","","","","https://maps.google.com/?hl=en_US&cid=0x0:0xce8ae54c53069d67",""
"business","Construction company","Sefate sa Rona Pty (Ltd)","35 Oranje St, Oberholzer, Carletonville, 2499","Carletonville","Gauteng","","South Africa"," 0678000132","","","","","https://maps.google.com/?hl=en_US&cid=0x0:0xf24d8f0bb36fe3d2",""
"business","Security service","Quatro Gladiator Security Services","35 Ada St, Carletonville, 2500","Carletonville","Gauteng","","South Africa"," 0187884338","webmaster@gladiator.co.za","http://www.gladiator.co.za/","","","https://maps.google.com/?hl=en_US&cid=0x0:0x794175ceb99ac91a",""
"business","Auto electrical service","MAGPOWER ELECTRICAL AND MECHANICAL","82 Van Zyl Smit St, Oberholzer, Carletonville, 2499","Carletonville","Gauteng","","South Africa"," 0187861068","","","","","https://maps.google.com/?hl=en_US&cid=0x0:0x1fab1bf3cd069d90",""
"business","Construction company","OPM Construction","6 Ida St, Oberholzer, Carletonville, 2499","Carletonville","Gauteng","","South Africa"," 0743275428","opmabyane@gmail.com","http://opmgroup.co.za/","","","https://maps.google.com/?hl=en_US&cid=0x0:0xf9318b983ae33fa4",""
"business","Mining company","MINE - EQUIP CC","25 Botha St, Oberholzer, Carletonville, 2499","Carletonville","Gauteng","","South Africa"," 0187862662","","","","","https://maps.google.com/?hl=en_US&cid=0x0:0x8045057264d90156",""
"business","Plumber","Carletonville Plumbers","47 B Botha St, Oberholzer, Carletonville, 2499","Carletonville","Gauteng","","South Africa"," 0662873874","","https://www.facebook.com/CarletonvillePlumbers/","","","https://maps.google.com/?hl=en_US&cid=0x0:0x30e1caae9615171b",""
"business","Lawyer","Thipe Thema Attorneys Incorporated","50 Van Zyl Smit St, Oberholzer, Carletonville, 2499","Carletonville","Gauteng","","South Africa"," 0761117867","","","","","https://maps.google.com/?hl=en_US&cid=0x0:0xec0270220c00f787",""
"business","Courthouse","Magistrate Court Carletonville","64 Van Zyl Smit St, Oberholzer, Carletonville, 2499","Carletonville","Gauteng","","South Africa"," 0187882341","TeTladi@justice.gov.za","https://www.justice.gov.za/","","","https://maps.google.com/?hl=en_US&cid=0x0:0x830e0f090331eba1",""
"business","","Solidariteit Dienskantoor - Carltonville","74 Van Zyl Smit St, Oberholzer, Carletonville, 2499","Carletonville","Gauteng","","South Africa"," 0187884861","","","","","https://maps.google.com/?hl=en_US&cid=0x0:0x8fee440ff41f373f",""
"business","business","2502","Oberholzer, Carletonville","Carletonville","Gauteng","","South Africa","","","","","","https://maps.google.com/?hl=en_US&cid=0x0:0xfe69aa38bd4a842d",""
"business","Hardware store","CTH TOOLS","33 Botha St, Oberholzer, Carletonville, 2499","Carletonville","Gauteng","","South Africa"," 0837822802","","","","","https://maps.google.com/?hl=en_US&cid=0x0:0xbf78691efb259781",""
"business","Electrical equipment supplier","Greenleaf Electrical cc","1 Station St, Oberholzer, Carletonville, 2499","Carletonville","Gauteng","","South Africa"," 0187861740","","","","","https://maps.google.com/?hl=en_US&cid=0x0:0xe7176e6e069d75cd",""
"business","Hardware store","Chief steel and hardware","71 Van Zyl Smit St, Oberholzer, Carletonville, 2499","Carletonville","Gauteng","","South Africa"," 0847036924","","","","","https://maps.google.com/?hl=en_US&cid=0x0:0x1f9bdd20ccf0f09e",""
"business","Steel construction company","ADAL Engineering","202 Station St, Oberholzer, Carletonville, 2502","Carletonville","Gauteng","","South Africa"," 0726465282","","","","","https://maps.google.com/?hl=en_US&cid=0x0:0xe4d4437407bbe5dd",""
"business","Steel construction company","Dolphin Automotive Cables  Lappies Civils  Construction","Next to New Meat Market, Dolphin Automotive Cables and Lappies Civils  Construction, 10 Station St, Oberholzer, Carletonville, 2499","Carletonville","Gauteng","","South Africa"," 0632699355","","","","","https://maps.google.com/?hl=en_US&cid=0x0:0x704e997e81251ed6",""
"business","Mining equipment","ROBDAY MINING SUPPLIES (PTY) LTD","27 Skag St, Oberholzer, Carletonville, 2499","Carletonville","Gauteng","","South Africa"," 0187874161","tharinas@robdaymining.co.za","http://www.robdaymining.co.za/contact.htm","","","https://maps.google.com/?hl=en_US&cid=0x0:0x7f5a48697f1239ee",""
"business","Hardware store","Build it Carletonville","62 Van Zyl Smit St, Oberholzer, Carletonville, 2500","Carletonville","Gauteng","","South Africa"," 0187883234","tiekie@cbuildit.co.za","https://www.buildit.co.za/Stores/View/Build-it-Carltonville-Gauteng","","","https://maps.google.com/?hl=en_US&cid=0x0:0xa9ed5f688f754dc1",""
"business","Steel construction company","LAR Steel (Pty) Ltd","c/o Station and, Botha St, Carletonville, 2500","Carletonville","Gauteng","","South Africa"," 0871100070","","","","","https://maps.google.com/?hl=en_US&cid=0x0:0x12c089e3ee5b9ede",""
"business","Butcher shop","New Meat Market Butcher","8 Station St, Oberholzer, Carletonville, 2499","Carletonville","Gauteng","","South Africa"," 0792757877","","http://www.newmeatmarket.co.za/","","","https://maps.google.com/?hl=en_US&cid=0x0:0xb31bf7d0805a9f99",""
"business","business","Carletonville","2499","Carletonville","Gauteng","","South Africa","","","","","","https://maps.google.com/?hl=en_US&cid=0x0:0x3a31d121b19a4d11",""
"business","Commercial printer","Doctrate business","2430 Tswana section, Khutsong, Carletonville, 2499","Carletonville","Gauteng","","South Africa"," 0786943934","","","","","https://maps.google.com/?hl=en_US&cid=0x0:0x2358816e2cdad419",""
"business","business","Suits Guesthouse","105 Kaolin St, Carletonville, 2499","Carletonville","Gauteng","","South Africa"," 0822948354","","","","","https://maps.google.com/?hl=en_US&cid=0x0:0x7c20a10ec2e6680d",""
"business","Life insurance agency","New Era Life Insurance, Carletonville","J  C Centre, 122 Kaolin St, Carletonville, 2499","Carletonville","Gauteng","","South Africa"," 0187874561","","","","","https://maps.google.com/?hl=en_US&cid=0x0:0x5d78200ec6638dda",""
"business","Manufacturer","M M E Manufacturing Co. (Pty) Ltd.","28 Skag St, Carletonville, 2499","Carletonville","Gauteng","","South Africa"," 0187886674","info@mmelifting.com","http://www.mmelifting.com/","","","https://maps.google.com/?hl=en_US&cid=0x0:0xa0a2c1ca04882e19",""
"business","Water filter supplier","Afrique water carletonville","42 Van Zyl Smit St, Oberholzer, Carletonville, 2500","Carletonville","Gauteng","","South Africa"," 0849972417","","","","","https://maps.google.com/?hl=en_US&cid=0x0:0xba52b2e35802f863",""
"business","Corporate office","GenStone","63 Van Zyl Smit St, Oberholzer, Carletonville, 2499","Carletonville","Gauteng","","South Africa"," 0180112342","","","","","https://maps.google.com/?hl=en_US&cid=0x0:0x5ceb0c9c662a4d54",""
"business","Construction company","Lehlume Trading Enterprise Pty","5 Kernite St, Ext2, Carletonville, 2499","Carletonville","Gauteng","","South Africa"," 0737716504","","","","","https://maps.google.com/?hl=en_US&cid=0x0:0xa84e70ccb6e6d550",""
"business","Electrical repair shop","TECC Oil","37 Haulage St, Carletonville, 2499","Carletonville","Gauteng","","South Africa"," 0187882301","","","","","https://maps.google.com/?hl=en_US&cid=0x0:0xc3f40747a3a356c9",""
"business","Corporate office","Protea 1","6 Palladium St, Carletonville, 2500","Carletonville","Gauteng","","South Africa","","","","","","https://maps.google.com/?hl=en_US&cid=0x0:0x96b527ebf525b74c",""
"business","Mining company","G.F. Mining Supplies","23 Iridium St, Carletonville, 2499","Carletonville","Gauteng","","South Africa"," 0187885868","","","","","https://maps.google.com/?hl=en_US&cid=0x0:0xd60f2e7246b84112",""
"business","Construction company","Re-Bond Trading  Projects","1, 122 Kaolin St, Carletonville, 2499","Carletonville","Gauteng","","South Africa"," 0730195217","","","","","https://maps.google.com/?hl=en_US&cid=0x0:0x4b7ae0bebc0d4f5",""
"business","Music management and promotion","The Artist Window","32 Annan Rd, Carletonville, 2499","Carletonville","Gauteng","","South Africa"," 0724305744","","","","","https://maps.google.com/?hl=en_US&cid=0x0:0x4fa35a2a44404728",""
"business","Construction company","Mahlomola m trading enterprise","No 3, mariana court building, 12 Gold St, Carletonville, 2499","Carletonville","Gauteng","","South Africa"," 0722179170","","","","","https://maps.google.com/?hl=en_US&cid=0x0:0x9bdd3e4862b98370",""
"business","Metal finisher","Right Way Steel  Service Centre Pty Ltd","38 Railway St, Oberholzer, Carletonville, 2500","Carletonville","Gauteng","","South Africa"," 0187886621","","","","","https://maps.google.com/?hl=en_US&cid=0x0:0xe361684b9a0aa250",""
"business","Manufacturer","K-cut Technical Services Pty Ltd.","24 Kleim St, Carletonville, 2499","Carletonville","Gauteng","","South Africa"," 0187873335","","","","","https://maps.google.com/?hl=en_US&cid=0x0:0xb227d61345714946",""
"business","Business center","Montalto","Palladium St, Carletonville, 2500","Carletonville","Gauteng","","South Africa","","","","","","https://maps.google.com/?hl=en_US&cid=0x0:0x9d37747e1409a3df",""
"business","Construction company","Tshebetso Holdings","2 Orpiment Rd, Carletonville, 2499","Carletonville","Gauteng","","South Africa"," 0817300664","","","","","https://maps.google.com/?hl=en_US&cid=0x0:0x4aad6f147aca44e",""
"business","","1912 Holdings Group","30 Agnew Rd, Carletonville, 2499","Carletonville","Gauteng","","South Africa"," 0877000618","","","","","https://maps.google.com/?hl=en_US&cid=0x0:0x8f67644e2d471aa1",""
"business","Steel construction company","Dolphin Automotive Cables  Lappies Civils  Construction","Next to New Meat Market, Dolphin Automotive Cables and Lappies Civils  Construction, 10 Station St, Oberholzer, Carletonville, 2499","Carletonville","Gauteng","","South Africa"," 0632699355","","","","","https://maps.google.com/?hl=en_US&cid=0x0:0x704e997e81251ed6",""
"business","Insurance agency","Sanlam","11, S Buys Business Park, Radium St, Carletonville, 1499","Carletonville","Gauteng","","South Africa"," 0187882239","","","","","https://maps.google.com/?hl=en_US&cid=0x0:0x10a5b03f80d62c7b",""
"business","Construction company","BIDS INVESTMENTS (PTY) LTD","25 Skag St, Carletonville, 2499","Carletonville","Gauteng","","South Africa","","","","","","https://maps.google.com/?hl=en_US&cid=0x0:0xf1de178646b45a53",""
"business","Tax consultant","Tupo Business Services","South St, Carletonville, 2499","Carletonville","Gauteng","","South Africa"," 0760761350","","","","","https://maps.google.com/?hl=en_US&cid=0x0:0x5ef891f3a062d068",""
"business","Car repair and maintenance service","Sisonke Fabrication Pty Ltd","37a Haulage St, Industry, Carletonville, 2499","Carletonville","Gauteng","","South Africa"," 0685800579","","","","","https://maps.google.com/?hl=en_US&cid=0x0:0x527901b986eff5ea",""
"business","Government hospital","Carletonville Traffic Department","Oberholzer, Carletonville, 2499","Carletonville","Gauteng","","South Africa"," 0187889712","","","","","https://maps.google.com/?hl=en_US&cid=0x0:0x3239c3f617b3cb41",""
"business","Internet marketing service","Visual Store","No5 Blesbok St, Eden village, Carletonville, 2500","Carletonville","Gauteng","","South Africa"," 0726107319","hkardaliyen@gmail.com","https://mohaumoeti.wordpress.com/","","","https://maps.google.com/?hl=en_US&cid=0x0:0x639ef90caae5f746",""
"business","Steel fabricator","Steel Services  Allied Industries Pty Ltd","10 Footwall St, New Industrial Area, Carletonville, 2500","Carletonville","Gauteng","","South Africa"," 0187872059","lawrenceb@steelservices.co.za","http://www.steelservices.co.za/","","","https://maps.google.com/?hl=en_US&cid=0x0:0xa0b97153cfcc51e8",""
"business","Pharmacy","S Buys Group","S Buys Business Park, S Buys Business Park, Cr Kaolin  Radium Street, Carletonville, 2499","Carletonville","Gauteng","","South Africa"," 0187882075","","http://www.sbuys.co.za/","","","https://maps.google.com/?hl=en_US&cid=0x0:0x7dbcf2334d6bf37",""
"business","Pharmacy","S Buys Wholesaler","Corner Radium , Kaolin St, Carletonville, 2500","Carletonville","Gauteng","","South Africa"," 0187882075","","http://www.sbuys.co.za/","","","https://maps.google.com/?hl=en_US&cid=0x0:0xd29ecb469d916d88",""
"business","Security service","Quatro Gladiator Security Services","35 Ada St, Carletonville, 2500","Carletonville","Gauteng","","South Africa"," 0187884338","webmaster@gladiator.co.za","http://www.gladiator.co.za/","","","https://maps.google.com/?hl=en_US&cid=0x0:0x794175ceb99ac91a",""
"business","Steel fabricator","Steel Services  Allied Industries Pty Ltd","10 Footwall St, New Industrial Area, Carletonville, 2500","Carletonville","Gauteng","","South Africa"," 0187872059","lawrenceb@steelservices.co.za","http://www.steelservices.co.za/","","","https://maps.google.com/?hl=en_US&cid=0x0:0xa0b97153cfcc51e8",""
"business","Corporate office","Protea 1","6 Palladium St, Carletonville, 2500","Carletonville","Gauteng","","South Africa","","","","","","https://maps.google.com/?hl=en_US&cid=0x0:0x96b527ebf525b74c",""
"business","Mining company","G.F. Mining Supplies","23 Iridium St, Carletonville, 2499","Carletonville","Gauteng","","South Africa"," 0187885868","","","","","https://maps.google.com/?hl=en_US&cid=0x0:0xd60f2e7246b84112",""
"business","Mine","Sibanye Shared Services Main offices","5176 R501, Carletonville, 2499","Carletonville","Gauteng","","South Africa","","","","","","https://maps.google.com/?hl=en_US&cid=0x0:0x6d30f5d16bb23830",""
"business","Protective clothing supplier","Carletonville Hydraulics (Pty) Ltd","19 Skag St, Carletonville, 2499","Carletonville","Gauteng","","South Africa"," 0187882317","","","","","https://maps.google.com/?hl=en_US&cid=0x0:0x38f40e982b8fea05",""
"business","Pharmacy","S Buys Group","S Buys Business Park, S Buys Business Park, Cr Kaolin  Radium Street, Carletonville, 2499","Carletonville","Gauteng","","South Africa"," 0187882075","","http://www.sbuys.co.za/","","","https://maps.google.com/?hl=en_US&cid=0x0:0x7dbcf2334d6bf37",""
"business","Guest house","Carletonville Contractors Accommodation","100 Dolomite Dr, Carletonville, 2499","Carletonville","Gauteng","","South Africa"," 0823753335","","","","","https://maps.google.com/?hl=en_US&cid=0x0:0x461fc547e69c6af9",""
"business","Business center","Montalto","Palladium St, Carletonville, 2500","Carletonville","Gauteng","","South Africa","","","","","","https://maps.google.com/?hl=en_US&cid=0x0:0x9d37747e1409a3df",""
"business","Construction company","Technical Diagnostic Services","13 Kleim St, Carletonville, 2499","Carletonville","Gauteng","","South Africa"," 0187458227","","","","","https://maps.google.com/?hl=en_US&cid=0x0:0x84feb8b7cf4fee2d",""
"business","Tax consultant","Tupo Business Services","South St, Carletonville, 2499","Carletonville","Gauteng","","South Africa"," 0760761350","","","","","https://maps.google.com/?hl=en_US&cid=0x0:0x5ef891f3a062d068",""
"business","Construction company","Lehlume Trading Enterprise Pty","5 Kernite St, Ext2, Carletonville, 2499","Carletonville","Gauteng","","South Africa"," 0737716504","","","","","https://maps.google.com/?hl=en_US&cid=0x0:0xa84e70ccb6e6d550",""
"business","Internet marketing service","Visual Store","No5 Blesbok St, Eden village, Carletonville, 2500","Carletonville","Gauteng","","South Africa"," 0726107319","hkardaliyen@gmail.com","https://mohaumoeti.wordpress.com/","","","https://maps.google.com/?hl=en_US&cid=0x0:0x639ef90caae5f746",""
"business","Civil engineering company","VTSI BUSINESS ENTERPRISE","Ext 5, 6 Zinnia Pl, Carletonville, 2299","Carletonville","Gauteng","","South Africa"," 0723755873","","","","","https://maps.google.com/?hl=en_US&cid=0x0:0x4270fea09532b243",""
"business","Civic center","Cartonville 50 Round Table Clubhouse","20 Jargoon Pl, Carletonville, 2499","Carletonville","Gauteng","","South Africa","","","","","","https://maps.google.com/?hl=en_US&cid=0x0:0xf69f5f68bd1b47f0",""
"business","Store","Keebot","88 Agnew Rd, Carletonville, 2500","Carletonville","Gauteng","","South Africa"," 0872655165","","","","","https://maps.google.com/?hl=en_US&cid=0x0:0xaa805af78675128d",""
"business","","Solidariteit Dienskantoor - Carltonville","74 Van Zyl Smit St, Oberholzer, Carletonville, 2499","Carletonville","Gauteng","","South Africa"," 0187884861","","","","","https://maps.google.com/?hl=en_US&cid=0x0:0x8fee440ff41f373f",""
"business","Courthouse","Magistrate Court Carletonville","64 Van Zyl Smit St, Oberholzer, Carletonville, 2499","Carletonville","Gauteng","","South Africa"," 0187882341","TeTladi@justice.gov.za","https://www.justice.gov.za/","","","https://maps.google.com/?hl=en_US&cid=0x0:0x830e0f090331eba1",""
"business","Mining equipment","SPH Kundalila - Carletonville","3 Haulage St, Carletonville, 2499","Carletonville","Gauteng","","South Africa"," 0187872010","kgomotso@ctv.sphgroup.co.za","https://www.sphkundalila.co.za/","","","https://maps.google.com/?hl=en_US&cid=0x0:0x15bb1177c8682161",""
"business","business","Carletonville","2499","Carletonville","Gauteng","","South Africa","","","","","","https://maps.google.com/?hl=en_US&cid=0x0:0x3a31d121b19a4d11",""
"business","Manufacturer","M M E Manufacturing Co. (Pty) Ltd.","28 Skag St, Carletonville, 2499","Carletonville","Gauteng","","South Africa"," 0187886674","info@mmelifting.com","http://www.mmelifting.com/","","","https://maps.google.com/?hl=en_US&cid=0x0:0xa0a2c1ca04882e19",""
"business","Hardware store","Juli's Den","11 Osmium St, Carletonville, 2499","Carletonville","Gauteng","","South Africa"," 0798970775","","","","","https://maps.google.com/?hl=en_US&cid=0x0:0x6fa2700141d3ae36",""
"business","Sportswear store","Power Stores (Pty) Ltd","6 Amethyst St, Carletonville, 2499","Carletonville","Gauteng","","South Africa"," 0187862513","","","","","https://maps.google.com/?hl=en_US&cid=0x0:0x1cfd9ec608e9c1ba",""
"business","Photography service","Foto First Carletonville","Shop 5 Edgars Building, Flint St, Carletonville, 2499","Carletonville","Gauteng","","South Africa"," 0187883388","contacto@tiendeo.com","https://www.tiendeo.co.za/stores/carletonville/foto-first-flint-street/23135","","","https://maps.google.com/?hl=en_US&cid=0x0:0x3a24a28a03d43b39",""
"business","Hardware store","CTH TOOLS","33 Botha St, Oberholzer, Carletonville, 2499","Carletonville","Gauteng","","South Africa"," 0837822802","","","","","https://maps.google.com/?hl=en_US&cid=0x0:0xbf78691efb259781",""
"business","General store","Sunrise Wholesale","42 Van Zyl Smit St, Oberholzer, Carletonville, 2499","Carletonville","Gauteng","","South Africa"," 0187862765","","","","","https://maps.google.com/?hl=en_US&cid=0x0:0xd10ce66be07cb0a5",""
"business","Home goods store","EDURA","5 Emerald St, Carletonville, 2499","Carletonville","Gauteng","","South Africa"," 0184140063","","","","","https://maps.google.com/?hl=en_US&cid=0x0:0x8e9b23fe03dec401",""
"business","Manufacturer","K-cut Technical Services Pty Ltd.","24 Kleim St, Carletonville, 2499","Carletonville","Gauteng","","South Africa"," 0187873335","","","","","https://maps.google.com/?hl=en_US&cid=0x0:0xb227d61345714946",""
"business","Steel construction company","Dolphin Automotive Cables  Lappies Civils  Construction","Next to New Meat Market, Dolphin Automotive Cables and Lappies Civils  Construction, 10 Station St, Oberholzer, Carletonville, 2499","Carletonville","Gauteng","","South Africa"," 0632699355","","","","","https://maps.google.com/?hl=en_US&cid=0x0:0x704e997e81251ed6",""
"business","Mining company","G.F. Mining Supplies","23 Iridium St, Carletonville, 2499","Carletonville","Gauteng","","South Africa"," 0187885868","","","","","https://maps.google.com/?hl=en_US&cid=0x0:0xd60f2e7246b84112",""
"business","Security service","Quatro Gladiator Security Services","35 Ada St, Carletonville, 2500","Carletonville","Gauteng","","South Africa"," 0187884338","webmaster@gladiator.co.za","http://www.gladiator.co.za/","","","https://maps.google.com/?hl=en_US&cid=0x0:0x794175ceb99ac91a",""
"business","Pharmacy","S Buys Wholesaler","Corner Radium , Kaolin St, Carletonville, 2500","Carletonville","Gauteng","","South Africa"," 0187882075","","http://www.sbuys.co.za/","","","https://maps.google.com/?hl=en_US&cid=0x0:0xd29ecb469d916d88",""
"business","Steel fabricator","Steel Services  Allied Industries Pty Ltd","10 Footwall St, New Industrial Area, Carletonville, 2500","Carletonville","Gauteng","","South Africa"," 0187872059","lawrenceb@steelservices.co.za","http://www.steelservices.co.za/","","","https://maps.google.com/?hl=en_US&cid=0x0:0xa0b97153cfcc51e8",""
"business","Pharmacy","S Buys Group","S Buys Business Park, S Buys Business Park, Cr Kaolin  Radium Street, Carletonville, 2499","Carletonville","Gauteng","","South Africa"," 0187882075","","http://www.sbuys.co.za/","","","https://maps.google.com/?hl=en_US&cid=0x0:0x7dbcf2334d6bf37",""
"business","Labor union","MINEWORKERS PROVIDENT FUND","Office No. 2, S-Buys Business Park, Kaolin St, Carletonville, 2499","Carletonville","Gauteng","","South Africa"," 0101003190","","","","","https://maps.google.com/?hl=en_US&cid=0x0:0x61cd81185537ec9c",""
"business","Corporate office","Mine Safety Training","S-Buys Business Park, 126 Kaolin St, Carletonville, 2500","Carletonville","Gauteng","","South Africa"," 0187862812","info@skillfull29.co.za","https://www.minesafetytraining.co.za/","","","https://maps.google.com/?hl=en_US&cid=0x0:0x2d25d63a82822dc3",""
"business","Construction company","Re-Bond Trading  Projects","1, 122 Kaolin St, Carletonville, 2499","Carletonville","Gauteng","","South Africa"," 0730195217","","","","","https://maps.google.com/?hl=en_US&cid=0x0:0x4b7ae0bebc0d4f5",""
"business","Mine","Sibanye Shared Services Main offices","5176 R501, Carletonville, 2499","Carletonville","Gauteng","","South Africa","","","","","","https://maps.google.com/?hl=en_US&cid=0x0:0x6d30f5d16bb23830",""
"business","Tax consultant","Tupo Business Services","South St, Carletonville, 2499","Carletonville","Gauteng","","South Africa"," 0760761350","","","","","https://maps.google.com/?hl=en_US&cid=0x0:0x5ef891f3a062d068",""
"business","Construction company","Technical Diagnostic Services","13 Kleim St, Carletonville, 2499","Carletonville","Gauteng","","South Africa"," 0187458227","","","","","https://maps.google.com/?hl=en_US&cid=0x0:0x84feb8b7cf4fee2d",""
"business","Internet marketing service","Visual Store","No5 Blesbok St, Eden village, Carletonville, 2500","Carletonville","Gauteng","","South Africa"," 0726107319","hkardaliyen@gmail.com","https://mohaumoeti.wordpress.com/","","","https://maps.google.com/?hl=en_US&cid=0x0:0x639ef90caae5f746",""
"business","","Solidariteit Dienskantoor - Carltonville","74 Van Zyl Smit St, Oberholzer, Carletonville, 2499","Carletonville","Gauteng","","South Africa"," 0187884861","","","","","https://maps.google.com/?hl=en_US&cid=0x0:0x8fee440ff41f373f",""
"business","Radio broadcaster","Merafong 360 Radio","20 Gold St, Carletonville, 2499","Carletonville","Gauteng","","South Africa"," 0814518586","","https://m.facebook.com/merafong360radio/","","","https://maps.google.com/?hl=en_US&cid=0x0:0x80b504bf4d53d44e",""
"business","Labor union","Association of Mineworkers and Construction Union","Mantalto Building, 04 Palladium St, Carletonville, 2499","Carletonville","Gauteng","","South Africa"," 0180110385","headoffice@amcu.co.za","http://amcu.co.za/","","","https://maps.google.com/?hl=en_US&cid=0x0:0x1594a406bfa50114",""
"business","Business center","Montalto","Palladium St, Carletonville, 2500","Carletonville","Gauteng","","South Africa","","","","","","https://maps.google.com/?hl=en_US&cid=0x0:0x9d37747e1409a3df",""
"business","Civil engineering company","VTSI BUSINESS ENTERPRISE","Ext 5, 6 Zinnia Pl, Carletonville, 2299","Carletonville","Gauteng","","South Africa"," 0723755873","","","","","https://maps.google.com/?hl=en_US&cid=0x0:0x4270fea09532b243",""
"business","Security service","MAFOKO SECURITY SERVICES","72 Annan Rd, Carletonville, 2499","Carletonville","Gauteng","","South Africa"," 0861116093","info@mafokosp.co.za","http://www.mafokosecurity.co.za/","","","https://maps.google.com/?hl=en_US&cid=0x0:0x2ed5013762b9990d",""
"business","Lawyer","Thipe Thema Attorneys Incorporated","50 Van Zyl Smit St, Oberholzer, Carletonville, 2499","Carletonville","Gauteng","","South Africa"," 0761117867","","","","","https://maps.google.com/?hl=en_US&cid=0x0:0xec0270220c00f787",""
"business","business","Carletonville","2499","Carletonville","Gauteng","","South Africa","","","","","","https://maps.google.com/?hl=en_US&cid=0x0:0x3a31d121b19a4d11",""
"business","Manufacturer","K-cut Technical Services Pty Ltd.","24 Kleim St, Carletonville, 2499","Carletonville","Gauteng","","South Africa"," 0187873335","","","","","https://maps.google.com/?hl=en_US&cid=0x0:0xb227d61345714946",""
"business","Manufacturer","M M E Manufacturing Co. (Pty) Ltd.","28 Skag St, Carletonville, 2499","Carletonville","Gauteng","","South Africa"," 0187886674","info@mmelifting.com","http://www.mmelifting.com/","","","https://maps.google.com/?hl=en_US&cid=0x0:0xa0a2c1ca04882e19",""
"business","Home goods store","EDURA","5 Emerald St, Carletonville, 2499","Carletonville","Gauteng","","South Africa"," 0184140063","","","","","https://maps.google.com/?hl=en_US&cid=0x0:0x8e9b23fe03dec401",""
"business","Hardware store","Juli's Den","11 Osmium St, Carletonville, 2499","Carletonville","Gauteng","","South Africa"," 0798970775","","","","","https://maps.google.com/?hl=en_US&cid=0x0:0x6fa2700141d3ae36",""
"business","Protective clothing supplier","Carletonville Hydraulics (Pty) Ltd","19 Skag St, Carletonville, 2499","Carletonville","Gauteng","","South Africa"," 0187882317","","","","","https://maps.google.com/?hl=en_US&cid=0x0:0x38f40e982b8fea05",""
"business","Construction company","BIDS INVESTMENTS (PTY) LTD","25 Skag St, Carletonville, 2499","Carletonville","Gauteng","","South Africa","","","","","","https://maps.google.com/?hl=en_US&cid=0x0:0xf1de178646b45a53",""
"business","Steel construction company","LAR Steel (Pty) Ltd","c/o Station and, Botha St, Carletonville, 2500","Carletonville","Gauteng","","South Africa"," 0871100070","","","","","https://maps.google.com/?hl=en_US&cid=0x0:0x12c089e3ee5b9ede",""
"business","Second hand store","Cash For Appliances (Pty)Ltd.","53 Annan Rd, Carletonville, 2499","Carletonville","Gauteng","","South Africa"," 0849025414","","","","","https://maps.google.com/?hl=en_US&cid=0x0:0xec3d1583d1740834",""
"business","Hardware store","CTH TOOLS","33 Botha St, Oberholzer, Carletonville, 2499","Carletonville","Gauteng","","South Africa"," 0837822802","","","","","https://maps.google.com/?hl=en_US&cid=0x0:0xbf78691efb259781",""
"business","Construction company","BIDS INVESTMENTS (PTY) LTD","25 Skag St, Carletonville, 2499","Carletonville","Gauteng","","South Africa","","","","","","https://maps.google.com/?hl=en_US&cid=0x0:0xf1de178646b45a53",""
"business","Security service","Quatro Gladiator Security Services","35 Ada St, Carletonville, 2500","Carletonville","Gauteng","","South Africa"," 0187884338","webmaster@gladiator.co.za","http://www.gladiator.co.za/","","","https://maps.google.com/?hl=en_US&cid=0x0:0x794175ceb99ac91a",""
"business","Protective clothing supplier","Carletonville Hydraulics (Pty) Ltd","19 Skag St, Carletonville, 2499","Carletonville","Gauteng","","South Africa"," 0187882317","","","","","https://maps.google.com/?hl=en_US&cid=0x0:0x38f40e982b8fea05",""
"business","Print shop","Carletonville Press (Pty) Ltd","21 Botha St, Pretoriusrus, Carletonville, 2500","Carletonville","Gauteng","","South Africa"," 0187872091","","http://www.carletonvillepress.co.za/","","","https://maps.google.com/?hl=en_US&cid=0x0:0xe3a294ac0dbda84c",""
"business","Mining company","G.F. Mining Supplies","23 Iridium St, Carletonville, 2499","Carletonville","Gauteng","","South Africa"," 0187885868","","","","","https://maps.google.com/?hl=en_US&cid=0x0:0xd60f2e7246b84112",""
"business","Steel fabricator","Steel Services  Allied Industries Pty Ltd","10 Footwall St, New Industrial Area, Carletonville, 2500","Carletonville","Gauteng","","South Africa"," 0187872059","lawrenceb@steelservices.co.za","http://www.steelservices.co.za/","","","https://maps.google.com/?hl=en_US&cid=0x0:0xa0b97153cfcc51e8",""
"business","Government hospital","Carletonville Traffic Department","Oberholzer, Carletonville, 2499","Carletonville","Gauteng","","South Africa"," 0187889712","","","","","https://maps.google.com/?hl=en_US&cid=0x0:0x3239c3f617b3cb41",""
"business","Pharmacy","S Buys Group","S Buys Business Park, S Buys Business Park, Cr Kaolin  Radium Street, Carletonville, 2499","Carletonville","Gauteng","","South Africa"," 0187882075","","http://www.sbuys.co.za/","","","https://maps.google.com/?hl=en_US&cid=0x0:0x7dbcf2334d6bf37",""
"business","Corporate office","Protea 1","6 Palladium St, Carletonville, 2500","Carletonville","Gauteng","","South Africa","","","","","","https://maps.google.com/?hl=en_US&cid=0x0:0x96b527ebf525b74c",""
"business","Internet marketing service","Visual Store","No5 Blesbok St, Eden village, Carletonville, 2500","Carletonville","Gauteng","","South Africa"," 0726107319","hkardaliyen@gmail.com","https://mohaumoeti.wordpress.com/","","","https://maps.google.com/?hl=en_US&cid=0x0:0x639ef90caae5f746",""
"business","Guest house","Carletonville Contractors Accommodation","100 Dolomite Dr, Carletonville, 2499","Carletonville","Gauteng","","South Africa"," 0823753335","","","","","https://maps.google.com/?hl=en_US&cid=0x0:0x461fc547e69c6af9",""
"business","Construction company","Re-Bond Trading  Projects","1, 122 Kaolin St, Carletonville, 2499","Carletonville","Gauteng","","South Africa"," 0730195217","","","","","https://maps.google.com/?hl=en_US&cid=0x0:0x4b7ae0bebc0d4f5",""
"business","Business center","Montalto","Palladium St, Carletonville, 2500","Carletonville","Gauteng","","South Africa","","","","","","https://maps.google.com/?hl=en_US&cid=0x0:0x9d37747e1409a3df",""
"business","Construction company","Lehlume Trading Enterprise Pty","5 Kernite St, Ext2, Carletonville, 2499","Carletonville","Gauteng","","South Africa"," 0737716504","","","","","https://maps.google.com/?hl=en_US&cid=0x0:0xa84e70ccb6e6d550",""
"business","Construction company","Technical Diagnostic Services","13 Kleim St, Carletonville, 2499","Carletonville","Gauteng","","South Africa"," 0187458227","","","","","https://maps.google.com/?hl=en_US&cid=0x0:0x84feb8b7cf4fee2d",""
"business","Second hand store","Cash For Appliances (Pty)Ltd.","53 Annan Rd, Carletonville, 2499","Carletonville","Gauteng","","South Africa"," 0849025414","","","","","https://maps.google.com/?hl=en_US&cid=0x0:0xec3d1583d1740834",""
"business","Civil engineering company","VTSI BUSINESS ENTERPRISE","Ext 5, 6 Zinnia Pl, Carletonville, 2299","Carletonville","Gauteng","","South Africa"," 0723755873","","","","","https://maps.google.com/?hl=en_US&cid=0x0:0x4270fea09532b243",""
"business","Home goods store","EDURA","5 Emerald St, Carletonville, 2499","Carletonville","Gauteng","","South Africa"," 0184140063","","","","","https://maps.google.com/?hl=en_US&cid=0x0:0x8e9b23fe03dec401",""
"business","Store","Keebot","88 Agnew Rd, Carletonville, 2500","Carletonville","Gauteng","","South Africa"," 0872655165","","","","","https://maps.google.com/?hl=en_US&cid=0x0:0xaa805af78675128d",""
"business","business","Carletonville","2499","Carletonville","Gauteng","","South Africa","","","","","","https://maps.google.com/?hl=en_US&cid=0x0:0x3a31d121b19a4d11",""
"business","Sportswear store","Power Stores (Pty) Ltd","6 Amethyst St, Carletonville, 2499","Carletonville","Gauteng","","South Africa"," 0187862513","","","","","https://maps.google.com/?hl=en_US&cid=0x0:0x1cfd9ec608e9c1ba",""
"business","Manufacturer","M M E Manufacturing Co. (Pty) Ltd.","28 Skag St, Carletonville, 2499","Carletonville","Gauteng","","South Africa"," 0187886674","info@mmelifting.com","http://www.mmelifting.com/","","","https://maps.google.com/?hl=en_US&cid=0x0:0xa0a2c1ca04882e19",""
"business","Hardware store","Juli's Den","11 Osmium St, Carletonville, 2499","Carletonville","Gauteng","","South Africa"," 0798970775","","","","","https://maps.google.com/?hl=en_US&cid=0x0:0x6fa2700141d3ae36",""
"business","General store","Sunrise Wholesale","42 Van Zyl Smit St, Oberholzer, Carletonville, 2499","Carletonville","Gauteng","","South Africa"," 0187862765","","","","","https://maps.google.com/?hl=en_US&cid=0x0:0xd10ce66be07cb0a5",""
"business","Photography service","Foto First Carletonville","Shop 5 Edgars Building, Flint St, Carletonville, 2499","Carletonville","Gauteng","","South Africa"," 0187883388","contacto@tiendeo.com","https://www.tiendeo.co.za/stores/carletonville/foto-first-flint-street/23135","","","https://maps.google.com/?hl=en_US&cid=0x0:0x3a24a28a03d43b39",""
"business","Second hand store","Cash Crusaders Carletonville","Shop 8, Ackermans Centre, Emerald St, Johannesburg West, Carletonville, 2499","Carletonville","Gauteng","","South Africa"," 0187884812","appliancerepairs@cashcrusaders.co.za","https://cashcrusaders.co.za/storedetails?loc>>u003d>>u0026id>>u003d>>u0026layout>>u003dloc>>u003dCash%20Crusaders%20Carletonville>>u0026locationid>>u003d15c0abb4-0050-45d8-b57d-386af5cb54d8","","","https://maps.google.com/?hl=en_US&cid=0x0:0x125db95038274c97",""
"business","Hardware store","CTH TOOLS","33 Botha St, Oberholzer, Carletonville, 2499","Carletonville","Gauteng","","South Africa"," 0837822802","","","","","https://maps.google.com/?hl=en_US&cid=0x0:0xbf78691efb259781",""
"business","Taxi stand","Taxi Rank Butchery","Onyx Dr, Carletonville, 1437","Carletonville","Gauteng","","South Africa"," 0187886863","","","","","https://maps.google.com/?hl=en_US&cid=0x0:0xecfc4510405e8439",""
"business","Chemical manufacturer","OCF","30 Station St, Oberholzer, Carletonville, 2499","Carletonville","Gauteng","","South Africa"," 0795152140","","http://the-ocf.co.za/","","","https://maps.google.com/?hl=en_US&cid=0x0:0x41a2c7a0053ec78c",""
"business","Guest house","Carletonville Contractors Accommodation","100 Dolomite Dr, Carletonville, 2499","Carletonville","Gauteng","","South Africa"," 0823753335","","","","","https://maps.google.com/?hl=en_US&cid=0x0:0x461fc547e69c6af9",""
"business","Security service","Quatro Gladiator Security Services","35 Ada St, Carletonville, 2500","Carletonville","Gauteng","","South Africa"," 0187884338","webmaster@gladiator.co.za","http://www.gladiator.co.za/","","","https://maps.google.com/?hl=en_US&cid=0x0:0x794175ceb99ac91a",""
"business","Protective clothing supplier","Carletonville Hydraulics (Pty) Ltd","19 Skag St, Carletonville, 2499","Carletonville","Gauteng","","South Africa"," 0187882317","","","","","https://maps.google.com/?hl=en_US&cid=0x0:0x38f40e982b8fea05",""
"business","business","Red Cap Ranch Lodge","48 Goudvlakte, Carletonville","Carletonville","Gauteng","","South Africa"," 0187863087","","","","","https://maps.google.com/?hl=en_US&cid=0x0:0x9256932c7a8e292",""
"business","business","Suits Guesthouse","105 Kaolin St, Carletonville, 2499","Carletonville","Gauteng","","South Africa"," 0822948354","","","","","https://maps.google.com/?hl=en_US&cid=0x0:0x7c20a10ec2e6680d",""
"business","business","Selati Guesthouse","61 Selati Street, 59 Kareiga St, Carletonville, 2499","Carletonville","Gauteng","","South Africa"," 0606987281","stay@myselati.co.za","http://selati-guesthouse.mailchimpsites.com/","","","https://maps.google.com/?hl=en_US&cid=0x0:0x5bc4d9e515443499",""
"business","business","Casa Lumini Guest House","66 Oranje St, Oberholzer, Carletonville, 2499","Carletonville","Gauteng","","South Africa"," 0832296124","","https://www.casalumini.co.za/","","","https://maps.google.com/?hl=en_US&cid=0x0:0x83f61ec629d00a8",""
"business","Bird watching area","Abe Bailey Nature Reserve","Waters Edge AH, Carletonville, 2499","Carletonville","Gauteng","","South Africa"," 0187879918","support@gauteng.gov.zaho","https://www.gauteng.gov.za/","","","https://maps.google.com/?hl=en_US&cid=0x0:0x433298a53d9c18c9",""
"business","Meat wholesaler","Carletonville Fresh Meat","3 Ada St, Carletonville, 2499","Carletonville","Gauteng","","South Africa"," 0187886337","","","","","https://maps.google.com/?hl=en_US&cid=0x0:0xe032876ff6cec85c",""
"business","Auto repair shop","Carletonville Panelbeaters","19 Station St, Oberholzer, Carletonville, 2502","Carletonville","Gauteng","","South Africa"," 0187862466","","https://panelbeatersdirectory.co.za/listing.php?listings_id>>u003d185","","","https://maps.google.com/?hl=en_US&cid=0x0:0x6bdefe660e610d1d",""
"business","Auto parts store","Carleton Brake  Clutch Centre","6 Zeolite St, Carletonville, 2500","Carletonville","Gauteng","","South Africa"," 0187862210","","","","","https://maps.google.com/?hl=en_US&cid=0x0:0x424863efb7988297",""
"business","Shopping mall","Carletonville Mall Shopping Centre","Station St, Carletonville, 2499","Carletonville","Gauteng","","South Africa"," 0118941904","rblankers@bentelgroup.co.za","http://www.carletonvillemall.co.za/","","","https://maps.google.com/?hl=en_US&cid=0x0:0x1e36f2885bec166f",""
"business","Medical clinic","Carletonville Hospital","Carletonville Ext 10, 2500","Carletonville","Gauteng","","South Africa"," 0187881700","","","","","https://maps.google.com/?hl=en_US&cid=0x0:0xd130173c5da7f84f",""
"business","Auto body parts supplier","ABC Motors","9 Haulage St, Carletonville, 2500","Carletonville","Gauteng","","South Africa"," 0187862105","info@abcmotors.co.za","https://www.abcmotors.co.za/","","","https://maps.google.com/?hl=en_US&cid=0x0:0xa2190e422e1417a8",""
"business","Auto parts store","Chicks Autobody Parts","West Rand Carletonville Ext 2, 2499","Carletonville","Gauteng","","South Africa"," 0187873666","","","","","https://maps.google.com/?hl=en_US&cid=0x0:0xa0863e734e5965be",""
"business","Grocery store","Shoprite Carletonville","and, Carletonville Complex, Onxy Drive, Paul Kruger St, Carletonville, 2499","Carletonville","Gauteng","","South Africa"," 0187881580","","https://www.shoprite.co.za/","","","https://maps.google.com/?hl=en_US&cid=0x0:0x7ef058ec87520811",""
"business","Clothing store","PEP Carletonville","Shop 13  14, 21 Emerald St, Carletonville, 2499","Carletonville","Gauteng","","South Africa"," 0187875455","","","","","https://maps.google.com/?hl=en_US&cid=0x0:0x55367d672da408f5",""
"business","Candle store","Graca Candles","A, Graça, Plot, 29 R500 Road, Goudvlakte Wes, Carletonville, 2499","Carletonville","Gauteng","","South Africa"," 0726869993","","","","","https://maps.google.com/?hl=en_US&cid=0x0:0xe55dd75ee947917a",""
"business","Auto repair shop","C.J. Panelbeaters  Spraypainting","37 Botha St, Oberholzer, Carletonville, 2499","Carletonville","Gauteng","","South Africa"," 0187885437","","","","","https://maps.google.com/?hl=en_US&cid=0x0:0x70105f73f667a01b",""
"business","Clothing store","PEP Carletonville Mall","Shop 13, Carletonville Mall, Station St, Carletonville, 2499","Carletonville","Gauteng","","South Africa"," 0187882467","","","","","https://maps.google.com/?hl=en_US&cid=0x0:0x165589437ff61640",""
"business","Gas station","BP","Reinecke St 0 Cnr, Dolomite Dr, Carletonville, 2508","Carletonville","Gauteng","","South Africa"," 0187885095","","https://www.bp.com/en_za/southern-africa.html","","","https://maps.google.com/?hl=en_US&cid=0x0:0x778e287ee3428f91",""
"business","Shopping mall","Pick n Pay Carletonville Mall","Ext8, Erf 7613 Grundling St, Carletonville, 2500","Carletonville","Gauteng","","South Africa"," 0187882493","","http://www.pnp.co.za/","","","https://maps.google.com/?hl=en_US&cid=0x0:0xf9e36e63f1d65b0b",""
"business","business","South Africa","","","Gauteng","","South Africa","","","","","","https://maps.google.com/?hl=en_US&cid=0x0:0xe85d630c1fa4e8a0",""
"business","Clothing store","PEP Carletonville Gateway Mall","Shop 44, Gateway Mall, 10 Osmium St, Carletonville, 2499","Carletonville","Gauteng","","South Africa"," 0187886301","","","","","https://maps.google.com/?hl=en_US&cid=0x0:0x33a67b1d09d7f9b",""
"business","Hardware store","Juli's Den","11 Osmium St, Carletonville, 2499","Carletonville","Gauteng","","South Africa"," 0798970775","","","","","https://maps.google.com/?hl=en_US&cid=0x0:0x6fa2700141d3ae36",""
"business","Manufacturer","M M E Manufacturing Co. (Pty) Ltd.","28 Skag St, Carletonville, 2499","Carletonville","Gauteng","","South Africa"," 0187886674","info@mmelifting.com","http://www.mmelifting.com/","","","https://maps.google.com/?hl=en_US&cid=0x0:0xa0a2c1ca04882e19",""
"business","Airport","Lanseria International Airport","Airport Rd, Lanseria, 1748","Lanseria","Gauteng","","South Africa"," 0113670300","pr@lanseria.co.za","http://www.lanseria.co.za/","","","https://maps.google.com/?hl=en_US&cid=0x0:0x4d2ca13863e40ab6",""
"business","Construction company","BIDS INVESTMENTS (PTY) LTD","25 Skag St, Carletonville, 2499","Carletonville","Gauteng","","South Africa","","","","","","https://maps.google.com/?hl=en_US&cid=0x0:0xf1de178646b45a53",""
"business","Steel fabricator","Steel Services  Allied Industries Pty Ltd","10 Footwall St, New Industrial Area, Carletonville, 2500","Carletonville","Gauteng","","South Africa"," 0187872059","lawrenceb@steelservices.co.za","http://www.steelservices.co.za/","","","https://maps.google.com/?hl=en_US&cid=0x0:0xa0b97153cfcc51e8",""
"business","Mining company","D  S Mining","Railway St, Oberholzer, Carletonville, 2500","Carletonville","Gauteng","","South Africa"," 0187861960","","","","","https://maps.google.com/?hl=en_US&cid=0x0:0x69e1c0cd27f8ef50",""
"business","Construction company","Banach","122 Coronation St, Carletonville, 2499","Carletonville","Gauteng","","South Africa"," 0103500440","","","","","https://maps.google.com/?hl=en_US&cid=0x0:0x505694fe46147512",""
"business","Tax consultant","Tupo Business Services","South St, Carletonville, 2499","Carletonville","Gauteng","","South Africa"," 0760761350","","","","","https://maps.google.com/?hl=en_US&cid=0x0:0x5ef891f3a062d068",""
"business","Insurance agency","Sanlam","11, S Buys Business Park, Radium St, Carletonville, 1499","Carletonville","Gauteng","","South Africa"," 0187882239","","","","","https://maps.google.com/?hl=en_US&cid=0x0:0x10a5b03f80d62c7b",""
"business","Commercial printer","Doctrate business","2430 Tswana section, Khutsong, Carletonville, 2499","Carletonville","Gauteng","","South Africa"," 0786943934","","","","","https://maps.google.com/?hl=en_US&cid=0x0:0x2358816e2cdad419",""
"business","Print shop","Carletonville Press (Pty) Ltd","21 Botha St, Pretoriusrus, Carletonville, 2500","Carletonville","Gauteng","","South Africa"," 0187872091","","http://www.carletonvillepress.co.za/","","","https://maps.google.com/?hl=en_US&cid=0x0:0xe3a294ac0dbda84c",""
"business","Mine","Sibanye Shared Services Main offices","5176 R501, Carletonville, 2499","Carletonville","Gauteng","","South Africa","","","","","","https://maps.google.com/?hl=en_US&cid=0x0:0x6d30f5d16bb23830",""
"business","Civil engineering company","VTSI BUSINESS ENTERPRISE","Ext 5, 6 Zinnia Pl, Carletonville, 2299","Carletonville","Gauteng","","South Africa"," 0723755873","","","","","https://maps.google.com/?hl=en_US&cid=0x0:0x4270fea09532b243",""
"business","Accounting firm","TWH Accountants  Tax Consultants","60 Eggo Jan St, Oberholzer, Carletonville, 2500","Carletonville","Gauteng","","South Africa"," 0714932822","","","","","https://maps.google.com/?hl=en_US&cid=0x0:0x33e7f0715d9dfe5a",""
"business","Engineering consultant","Data Service Agency","Protea Building, 2, 6 Palladium St, Carletonville, 2500","Carletonville","Gauteng","","South Africa"," 0619894148","","","","","https://maps.google.com/?hl=en_US&cid=0x0:0x6ae789990b7e61e9",""
"business","Construction company","Lehlume Trading Enterprise Pty","5 Kernite St, Ext2, Carletonville, 2499","Carletonville","Gauteng","","South Africa"," 0737716504","","","","","https://maps.google.com/?hl=en_US&cid=0x0:0xa84e70ccb6e6d550",""
"business","Corporate office","Protea 1","6 Palladium St, Carletonville, 2500","Carletonville","Gauteng","","South Africa","","","","","","https://maps.google.com/?hl=en_US&cid=0x0:0x96b527ebf525b74c",""
"business","Loan agency","Tshepang Business Enterprise","11 Osmium St, Carletonville, 2499","Carletonville","Gauteng","","South Africa"," 0187872254","","","","","https://maps.google.com/?hl=en_US&cid=0x0:0x15190003dfc41db4",""
"business","Business center","Montalto","Palladium St, Carletonville, 2500","Carletonville","Gauteng","","South Africa","","","","","","https://maps.google.com/?hl=en_US&cid=0x0:0x9d37747e1409a3df",""
"business","Mining company","G.F. Mining Supplies","23 Iridium St, Carletonville, 2499","Carletonville","Gauteng","","South Africa"," 0187885868","","","","","https://maps.google.com/?hl=en_US&cid=0x0:0xd60f2e7246b84112",""
"business","Law firm","TA Dipudi Attorneys","35 South St, Carletonville, 2499","Carletonville","Gauteng","","South Africa"," 0187875583","","http://www.tadipudiattorneys.co.za/","","","https://maps.google.com/?hl=en_US&cid=0x0:0x6729d7aadcbdd086",""
"business","Labor union","MINEWORKERS PROVIDENT FUND","Office No. 2, S-Buys Business Park, Kaolin St, Carletonville, 2499","Carletonville","Gauteng","","South Africa"," 0101003190","","","","","https://maps.google.com/?hl=en_US&cid=0x0:0x61cd81185537ec9c",""
"business","business","Carletonville","2499","Carletonville","Gauteng","","South Africa","","","","","","https://maps.google.com/?hl=en_US&cid=0x0:0x3a31d121b19a4d11",""
"business","Environmental consultant","Shimmyrosa Holdings(Pty)Ltd","No13, Aloe St, Carletonville, 2499","Carletonville","Gauteng","","South Africa"," 0725102529","","","","","https://maps.google.com/?hl=en_US&cid=0x0:0xf349d06268c269b2",""
"business","Insurance agency","Sanlam","70 Annan Rd, Carletonville, 2499","Carletonville","Gauteng","","South Africa"," 0187886628","prospects@sanlam.co.za","http://www.sanlam.co.za/","","","https://maps.google.com/?hl=en_US&cid=0x0:0x9a48250c449b41a6",""
"business","Hardware store","Juli's Den","11 Osmium St, Carletonville, 2499","Carletonville","Gauteng","","South Africa"," 0798970775","","","","","https://maps.google.com/?hl=en_US&cid=0x0:0x6fa2700141d3ae36",""
"business","Home goods store","EDURA","5 Emerald St, Carletonville, 2499","Carletonville","Gauteng","","South Africa"," 0184140063","","","","","https://maps.google.com/?hl=en_US&cid=0x0:0x8e9b23fe03dec401",""
"business","Protective clothing supplier","Carletonville Hydraulics (Pty) Ltd","19 Skag St, Carletonville, 2499","Carletonville","Gauteng","","South Africa"," 0187882317","","","","","https://maps.google.com/?hl=en_US&cid=0x0:0x38f40e982b8fea05",""
"business","Pharmacy","S Buys Wholesaler","Corner Radium , Kaolin St, Carletonville, 2500","Carletonville","Gauteng","","South Africa"," 0187882075","","http://www.sbuys.co.za/","","","https://maps.google.com/?hl=en_US&cid=0x0:0xd29ecb469d916d88",""
"business","Manufacturer","M M E Manufacturing Co. (Pty) Ltd.","28 Skag St, Carletonville, 2499","Carletonville","Gauteng","","South Africa"," 0187886674","info@mmelifting.com","http://www.mmelifting.com/","","","https://maps.google.com/?hl=en_US&cid=0x0:0xa0a2c1ca04882e19",""
"business","Steel fabricator","Steel Services  Allied Industries Pty Ltd","10 Footwall St, New Industrial Area, Carletonville, 2500","Carletonville","Gauteng","","South Africa"," 0187872059","lawrenceb@steelservices.co.za","http://www.steelservices.co.za/","","","https://maps.google.com/?hl=en_US&cid=0x0:0xa0b97153cfcc51e8",""
"business","Pharmacy","S Buys Group","S Buys Business Park, S Buys Business Park, Cr Kaolin  Radium Street, Carletonville, 2499","Carletonville","Gauteng","","South Africa"," 0187882075","","http://www.sbuys.co.za/","","","https://maps.google.com/?hl=en_US&cid=0x0:0x7dbcf2334d6bf37",""
"business","Security service","Quatro Gladiator Security Services","35 Ada St, Carletonville, 2500","Carletonville","Gauteng","","South Africa"," 0187884338","webmaster@gladiator.co.za","http://www.gladiator.co.za/","","","https://maps.google.com/?hl=en_US&cid=0x0:0x794175ceb99ac91a",""
"business","Butcher shop","New Meat Market Butcher","8 Station St, Oberholzer, Carletonville, 2499","Carletonville","Gauteng","","South Africa"," 0792757877","","http://www.newmeatmarket.co.za/","","","https://maps.google.com/?hl=en_US&cid=0x0:0xb31bf7d0805a9f99",""
"business","Mining company","G.F. Mining Supplies","23 Iridium St, Carletonville, 2499","Carletonville","Gauteng","","South Africa"," 0187885868","","","","","https://maps.google.com/?hl=en_US&cid=0x0:0xd60f2e7246b84112",""
"business","Security service","Quatro Gladiator Security Services","35 Ada St, Carletonville, 2500","Carletonville","Gauteng","","South Africa"," 0187884338","webmaster@gladiator.co.za","http://www.gladiator.co.za/","","","https://maps.google.com/?hl=en_US&cid=0x0:0x794175ceb99ac91a",""
"business","Steel fabricator","Steel Services  Allied Industries Pty Ltd","10 Footwall St, New Industrial Area, Carletonville, 2500","Carletonville","Gauteng","","South Africa"," 0187872059","lawrenceb@steelservices.co.za","http://www.steelservices.co.za/","","","https://maps.google.com/?hl=en_US&cid=0x0:0xa0b97153cfcc51e8",""
"business","Print shop","Carletonville Press (Pty) Ltd","21 Botha St, Pretoriusrus, Carletonville, 2500","Carletonville","Gauteng","","South Africa"," 0187872091","","http://www.carletonvillepress.co.za/","","","https://maps.google.com/?hl=en_US&cid=0x0:0xe3a294ac0dbda84c",""
"business","Guest house","Carletonville Contractors Accommodation","100 Dolomite Dr, Carletonville, 2499","Carletonville","Gauteng","","South Africa"," 0823753335","","","","","https://maps.google.com/?hl=en_US&cid=0x0:0x461fc547e69c6af9",""
"business","Protective clothing supplier","Carletonville Hydraulics (Pty) Ltd","19 Skag St, Carletonville, 2499","Carletonville","Gauteng","","South Africa"," 0187882317","","","","","https://maps.google.com/?hl=en_US&cid=0x0:0x38f40e982b8fea05",""
"business","Internet marketing service","Visual Store","No5 Blesbok St, Eden village, Carletonville, 2500","Carletonville","Gauteng","","South Africa"," 0726107319","hkardaliyen@gmail.com","https://mohaumoeti.wordpress.com/","","","https://maps.google.com/?hl=en_US&cid=0x0:0x639ef90caae5f746",""
"business","Construction company","Technical Diagnostic Services","13 Kleim St, Carletonville, 2499","Carletonville","Gauteng","","South Africa"," 0187458227","","","","","https://maps.google.com/?hl=en_US&cid=0x0:0x84feb8b7cf4fee2d",""
"business","Pharmacy","S Buys Group","S Buys Business Park, S Buys Business Park, Cr Kaolin  Radium Street, Carletonville, 2499","Carletonville","Gauteng","","South Africa"," 0187882075","","http://www.sbuys.co.za/","","","https://maps.google.com/?hl=en_US&cid=0x0:0x7dbcf2334d6bf37",""
"business","Business center","Montalto","Palladium St, Carletonville, 2500","Carletonville","Gauteng","","South Africa","","","","","","https://maps.google.com/?hl=en_US&cid=0x0:0x9d37747e1409a3df",""
"business","Civil engineering company","VTSI BUSINESS ENTERPRISE","Ext 5, 6 Zinnia Pl, Carletonville, 2299","Carletonville","Gauteng","","South Africa"," 0723755873","","","","","https://maps.google.com/?hl=en_US&cid=0x0:0x4270fea09532b243",""
"business","Construction company","Lehlume Trading Enterprise Pty","5 Kernite St, Ext2, Carletonville, 2499","Carletonville","Gauteng","","South Africa"," 0737716504","","","","","https://maps.google.com/?hl=en_US&cid=0x0:0xa84e70ccb6e6d550",""
"business","Mine","Sibanye Shared Services Main offices","5176 R501, Carletonville, 2499","Carletonville","Gauteng","","South Africa","","","","","","https://maps.google.com/?hl=en_US&cid=0x0:0x6d30f5d16bb23830",""
"business","Tax consultant","Tupo Business Services","South St, Carletonville, 2499","Carletonville","Gauteng","","South Africa"," 0760761350","","","","","https://maps.google.com/?hl=en_US&cid=0x0:0x5ef891f3a062d068",""
"business","Radio broadcaster","Merafong 360 Radio","20 Gold St, Carletonville, 2499","Carletonville","Gauteng","","South Africa"," 0814518586","","https://m.facebook.com/merafong360radio/","","","https://maps.google.com/?hl=en_US&cid=0x0:0x80b504bf4d53d44e",""
"business","Loan agency","Tshepang Business Enterprise","11 Osmium St, Carletonville, 2499","Carletonville","Gauteng","","South Africa"," 0187872254","","","","","https://maps.google.com/?hl=en_US&cid=0x0:0x15190003dfc41db4",""
"business","Corporate office","Mine Safety Training","S-Buys Business Park, 126 Kaolin St, Carletonville, 2500","Carletonville","Gauteng","","South Africa"," 0187862812","info@skillfull29.co.za","https://www.minesafetytraining.co.za/","","","https://maps.google.com/?hl=en_US&cid=0x0:0x2d25d63a82822dc3",""
"business","Environmental consultant","Shimmyrosa Holdings(Pty)Ltd","No13, Aloe St, Carletonville, 2499","Carletonville","Gauteng","","South Africa"," 0725102529","","","","","https://maps.google.com/?hl=en_US&cid=0x0:0xf349d06268c269b2",""
"business","business","Carletonville","2499","Carletonville","Gauteng","","South Africa","","","","","","https://maps.google.com/?hl=en_US&cid=0x0:0x3a31d121b19a4d11",""
"business","Mining equipment","SPH Kundalila - Carletonville","3 Haulage St, Carletonville, 2499","Carletonville","Gauteng","","South Africa"," 0187872010","kgomotso@ctv.sphgroup.co.za","https://www.sphkundalila.co.za/","","","https://maps.google.com/?hl=en_US&cid=0x0:0x15bb1177c8682161",""
"business","Manufacturer","M M E Manufacturing Co. (Pty) Ltd.","28 Skag St, Carletonville, 2499","Carletonville","Gauteng","","South Africa"," 0187886674","info@mmelifting.com","http://www.mmelifting.com/","","","https://maps.google.com/?hl=en_US&cid=0x0:0xa0a2c1ca04882e19",""
"business","Hardware store","Juli's Den","11 Osmium St, Carletonville, 2499","Carletonville","Gauteng","","South Africa"," 0798970775","","","","","https://maps.google.com/?hl=en_US&cid=0x0:0x6fa2700141d3ae36",""
"business","Home goods store","EDURA","5 Emerald St, Carletonville, 2499","Carletonville","Gauteng","","South Africa"," 0184140063","","","","","https://maps.google.com/?hl=en_US&cid=0x0:0x8e9b23fe03dec401",""
"business","Photography service","Foto First Carletonville","Shop 5 Edgars Building, Flint St, Carletonville, 2499","Carletonville","Gauteng","","South Africa"," 0187883388","contacto@tiendeo.com","https://www.tiendeo.co.za/stores/carletonville/foto-first-flint-street/23135","","","https://maps.google.com/?hl=en_US&cid=0x0:0x3a24a28a03d43b39",""
"business","Corporate office","Protea 1","6 Palladium St, Carletonville, 2500","Carletonville","Gauteng","","South Africa","","","","","","https://maps.google.com/?hl=en_US&cid=0x0:0x96b527ebf525b74c",""
"business","General store","Sunrise Wholesale","42 Van Zyl Smit St, Oberholzer, Carletonville, 2499","Carletonville","Gauteng","","South Africa"," 0187862765","","","","","https://maps.google.com/?hl=en_US&cid=0x0:0xd10ce66be07cb0a5",""
"business","Sportswear store","Power Stores (Pty) Ltd","6 Amethyst St, Carletonville, 2499","Carletonville","Gauteng","","South Africa"," 0187862513","","","","","https://maps.google.com/?hl=en_US&cid=0x0:0x1cfd9ec608e9c1ba",""
"business","Butcher shop","Roots BUTCHERY","95 Osmium St, Carletonville, 2499","Carletonville","Gauteng","","South Africa"," 0187863636","info@rootsbutchery.co.za","http://www.rootsgroup.co.za/","","","https://maps.google.com/?hl=en_US&cid=0x0:0x9ea007fa9c8a775d",""
"business","Butcher shop","New Meat Market Butcher","8 Station St, Oberholzer, Carletonville, 2499","Carletonville","Gauteng","","South Africa"," 0792757877","","http://www.newmeatmarket.co.za/","","","https://maps.google.com/?hl=en_US&cid=0x0:0xb31bf7d0805a9f99",""
"business","Tax consultant","Tupo Business Services","South St, Carletonville, 2499","Carletonville","Gauteng","","South Africa"," 0760761350","","","","","https://maps.google.com/?hl=en_US&cid=0x0:0x5ef891f3a062d068",""
"business","Print shop","Carletonville Press (Pty) Ltd","21 Botha St, Pretoriusrus, Carletonville, 2500","Carletonville","Gauteng","","South Africa"," 0187872091","","http://www.carletonvillepress.co.za/","","","https://maps.google.com/?hl=en_US&cid=0x0:0xe3a294ac0dbda84c",""
"business","Security service","Quatro Gladiator Security Services","35 Ada St, Carletonville, 2500","Carletonville","Gauteng","","South Africa"," 0187884338","webmaster@gladiator.co.za","http://www.gladiator.co.za/","","","https://maps.google.com/?hl=en_US&cid=0x0:0x794175ceb99ac91a",""
"business","Government hospital","Carletonville Traffic Department","Oberholzer, Carletonville, 2499","Carletonville","Gauteng","","South Africa"," 0187889712","","","","","https://maps.google.com/?hl=en_US&cid=0x0:0x3239c3f617b3cb41",""
"business","Guest house","Carletonville Contractors Accommodation","100 Dolomite Dr, Carletonville, 2499","Carletonville","Gauteng","","South Africa"," 0823753335","","","","","https://maps.google.com/?hl=en_US&cid=0x0:0x461fc547e69c6af9",""
"business","Protective clothing supplier","Carletonville Hydraulics (Pty) Ltd","19 Skag St, Carletonville, 2499","Carletonville","Gauteng","","South Africa"," 0187882317","","","","","https://maps.google.com/?hl=en_US&cid=0x0:0x38f40e982b8fea05",""
"business","Commercial printer","Doctrate business","2430 Tswana section, Khutsong, Carletonville, 2499","Carletonville","Gauteng","","South Africa"," 0786943934","","","","","https://maps.google.com/?hl=en_US&cid=0x0:0x2358816e2cdad419",""
"business","Loan agency","Matavele Cash Loan Carletonville","Second Floor office no:14, 11 Osmium St, Carletonville, 2499","Carletonville","Gauteng","","South Africa"," 0187882595","carletonville@matavele.co.za","http://www.matavele.co.za/","","","https://maps.google.com/?hl=en_US&cid=0x0:0xf5c6da96ec85468c",""
"business","Real estate agency","RE/MAX Gold - Carletonville","Shop 4, 3A Ada St, Carletonville, 2499","Carletonville","Gauteng","","South Africa"," 0187863850","","http://www.gold.remax.co.za/","","","https://maps.google.com/?hl=en_US&cid=0x0:0x9ce03d20ea1ed817",""
"business","business","Red Cap Ranch Lodge","48 Goudvlakte, Carletonville","Carletonville","Gauteng","","South Africa"," 0187863087","","","","","https://maps.google.com/?hl=en_US&cid=0x0:0x9256932c7a8e292",""
"business","business","Suits Guesthouse","105 Kaolin St, Carletonville, 2499","Carletonville","Gauteng","","South Africa"," 0822948354","","","","","https://maps.google.com/?hl=en_US&cid=0x0:0x7c20a10ec2e6680d",""
"business","business","Casa Lumini Guest House","66 Oranje St, Oberholzer, Carletonville, 2499","Carletonville","Gauteng","","South Africa"," 0832296124","","https://www.casalumini.co.za/","","","https://maps.google.com/?hl=en_US&cid=0x0:0x83f61ec629d00a8",""
"business","business","Selati Guesthouse","61 Selati Street, 59 Kareiga St, Carletonville, 2499","Carletonville","Gauteng","","South Africa"," 0606987281","stay@myselati.co.za","http://selati-guesthouse.mailchimpsites.com/","","","https://maps.google.com/?hl=en_US&cid=0x0:0x5bc4d9e515443499",""
"business","Medical clinic","Merafong City Local Municipality","Carletonville, 2500","Carletonville","Gauteng","","South Africa"," 0187889500","","","","","https://maps.google.com/?hl=en_US&cid=0x0:0x77d73cef8a5ce3a8",""
"business","Bird watching area","Abe Bailey Nature Reserve","Waters Edge AH, Carletonville, 2499","Carletonville","Gauteng","","South Africa"," 0187879918","support@gauteng.gov.zaho","https://www.gauteng.gov.za/","","","https://maps.google.com/?hl=en_US&cid=0x0:0x433298a53d9c18c9",""
"business","business","N/A","","","Gauteng","","South Africa"," 0674091661","","","","","https://maps.google.com/?hl=en_US&cid=0x0:0x99a9ac88690de30a",""
"business","Farm","Mighty Men Conference, Carletonville","Corner of Main Ave and R501, Carletonville, 2499","Carletonville","Gauteng","","South Africa"," 0820768101","","","","","https://maps.google.com/?hl=en_US&cid=0x0:0xe921a7f1f37ffe92",""
"business","business","N/A","","","Gauteng","","South Africa"," 0798432510","info@wearne.co.za","http://www.wearne.co.za/","","","https://maps.google.com/?hl=en_US&cid=0x0:0x1c917452a84ae61d",""
"business","Retirement home","SAVF Carletonville","7 Uralite St, Carletonville, 2499","Carletonville","Gauteng","","South Africa"," 0187861016","","https://www.savf.co.za/service-view/?service-id>>u003d14","","","https://maps.google.com/?hl=en_US&cid=0x0:0x82a71cbb7cc745f2",""
"business","Health consultant","quadcare Carletonville","18 Ada St, Carletonville, 2499","Carletonville","Gauteng","","South Africa"," 0101419500","feelbetter@quadcare.co.za","https://quadcare.co.za/","","","https://maps.google.com/?hl=en_US&cid=0x0:0x8f8806377aa5f27d",""
"business","Pharmacy","11 Gold Street Carletonville 2499","92, 70 Dolomite Dr, Carletonville, 2499","Carletonville","Gauteng","","South Africa"," 0187879300","","","","","https://maps.google.com/?hl=en_US&cid=0x0:0xc4c0e253ac5731c7",""
"business","Auto parts store","Carleton Brake  Clutch Centre","6 Zeolite St, Carletonville, 2500","Carletonville","Gauteng","","South Africa"," 0187862210","","","","","https://maps.google.com/?hl=en_US&cid=0x0:0x424863efb7988297",""
"business","Auto body parts supplier","ABC Motors","9 Haulage St, Carletonville, 2500","Carletonville","Gauteng","","South Africa"," 0187862105","info@abcmotors.co.za","https://www.abcmotors.co.za/","","","https://maps.google.com/?hl=en_US&cid=0x0:0xa2190e422e1417a8",""
"business","business","South Africa","","","Gauteng","","South Africa","","","","","","https://maps.google.com/?hl=en_US&cid=0x0:0xe85d630c1fa4e8a0",""
"business","Manufacturer","M M E Manufacturing Co. (Pty) Ltd.","28 Skag St, Carletonville, 2499","Carletonville","Gauteng","","South Africa"," 0187886674","info@mmelifting.com","http://www.mmelifting.com/","","","https://maps.google.com/?hl=en_US&cid=0x0:0xa0a2c1ca04882e19",""
"business","Steel fabricator","Steel Services  Allied Industries Pty Ltd","10 Footwall St, New Industrial Area, Carletonville, 2500","Carletonville","Gauteng","","South Africa"," 0187872059","lawrenceb@steelservices.co.za","http://www.steelservices.co.za/","","","https://maps.google.com/?hl=en_US&cid=0x0:0xa0b97153cfcc51e8",""
"business","Corporate office","Protea 1","6 Palladium St, Carletonville, 2500","Carletonville","Gauteng","","South Africa","","","","","","https://maps.google.com/?hl=en_US&cid=0x0:0x96b527ebf525b74c",""
"business","Construction company","BIDS INVESTMENTS (PTY) LTD","25 Skag St, Carletonville, 2499","Carletonville","Gauteng","","South Africa","","","","","","https://maps.google.com/?hl=en_US&cid=0x0:0xf1de178646b45a53",""
"business","Airport","Lanseria International Airport","Airport Rd, Lanseria, 1748","Lanseria","Gauteng","","South Africa"," 0113670300","pr@lanseria.co.za","http://www.lanseria.co.za/","","","https://maps.google.com/?hl=en_US&cid=0x0:0x4d2ca13863e40ab6",""
"business","Construction company","BIDS INVESTMENTS (PTY) LTD","25 Skag St, Carletonville, 2499","Carletonville","Gauteng","","South Africa","","","","","","https://maps.google.com/?hl=en_US&cid=0x0:0xf1de178646b45a53",""
"business","Print shop","Carletonville Press (Pty) Ltd","21 Botha St, Pretoriusrus, Carletonville, 2500","Carletonville","Gauteng","","South Africa"," 0187872091","","http://www.carletonvillepress.co.za/","","","https://maps.google.com/?hl=en_US&cid=0x0:0xe3a294ac0dbda84c",""
"business","Security service","Quatro Gladiator Security Services","35 Ada St, Carletonville, 2500","Carletonville","Gauteng","","South Africa"," 0187884338","webmaster@gladiator.co.za","http://www.gladiator.co.za/","","","https://maps.google.com/?hl=en_US&cid=0x0:0x794175ceb99ac91a",""
"business","Tax consultant","Tupo Business Services","South St, Carletonville, 2499","Carletonville","Gauteng","","South Africa"," 0760761350","","","","","https://maps.google.com/?hl=en_US&cid=0x0:0x5ef891f3a062d068",""
"business","Construction company","Technical Diagnostic Services","13 Kleim St, Carletonville, 2499","Carletonville","Gauteng","","South Africa"," 0187458227","","","","","https://maps.google.com/?hl=en_US&cid=0x0:0x84feb8b7cf4fee2d",""
"business","Internet marketing service","Visual Store","No5 Blesbok St, Eden village, Carletonville, 2500","Carletonville","Gauteng","","South Africa"," 0726107319","hkardaliyen@gmail.com","https://mohaumoeti.wordpress.com/","","","https://maps.google.com/?hl=en_US&cid=0x0:0x639ef90caae5f746",""
"business","Courthouse","Magistrate Court Carletonville","64 Van Zyl Smit St, Oberholzer, Carletonville, 2499","Carletonville","Gauteng","","South Africa"," 0187882341","TeTladi@justice.gov.za","https://www.justice.gov.za/","","","https://maps.google.com/?hl=en_US&cid=0x0:0x830e0f090331eba1",""
"business","Lawyer","Thipe Thema Attorneys Incorporated","50 Van Zyl Smit St, Oberholzer, Carletonville, 2499","Carletonville","Gauteng","","South Africa"," 0761117867","","","","","https://maps.google.com/?hl=en_US&cid=0x0:0xec0270220c00f787",""
"business","Steel construction company","Lamco Engineering Cc","12 Kleim St, Carletonville, 2499","Carletonville","Gauteng","","South Africa"," 0187874931","lamco@balz.co.za","http://www.balzpumps.co.za/","","","https://maps.google.com/?hl=en_US&cid=0x0:0xff7819f7d6b57ca2",""
"business","Environmental consultant","Shimmyrosa Holdings(Pty)Ltd","No13, Aloe St, Carletonville, 2499","Carletonville","Gauteng","","South Africa"," 0725102529","","","","","https://maps.google.com/?hl=en_US&cid=0x0:0xf349d06268c269b2",""
"business","Lawyer","A Lingani Attorneys","50 Van Zyl Smit St, Oberholzer, Carletonville, 2499","Carletonville","Gauteng","","South Africa"," 0781942701","","","","","https://maps.google.com/?hl=en_US&cid=0x0:0x2bb5a1a4784d05bd",""
"business","","Solidariteit Dienskantoor - Carltonville","74 Van Zyl Smit St, Oberholzer, Carletonville, 2499","Carletonville","Gauteng","","South Africa"," 0187884861","","","","","https://maps.google.com/?hl=en_US&cid=0x0:0x8fee440ff41f373f",""
"business","Law firm","TA Dipudi Attorneys","35 South St, Carletonville, 2499","Carletonville","Gauteng","","South Africa"," 0187875583","","http://www.tadipudiattorneys.co.za/","","","https://maps.google.com/?hl=en_US&cid=0x0:0x6729d7aadcbdd086",""
"business","Engineering consultant","Masijame Pty Ltd","29 Calcite Cres, Carletonville, 2499","Carletonville","Gauteng","","South Africa"," 0792853923","","","","","https://maps.google.com/?hl=en_US&cid=0x0:0xeb77e101d7d53b48",""
"business","Real estate agency","RE/MAX Gold - Carletonville","Shop 4, 3A Ada St, Carletonville, 2499","Carletonville","Gauteng","","South Africa"," 0187863850","","http://www.gold.remax.co.za/","","","https://maps.google.com/?hl=en_US&cid=0x0:0x9ce03d20ea1ed817",""
"business","Construction company","Digital Borehole Surveying","39 Botha St, Oberholzer, Carletonville, 2499","Carletonville","Gauteng","","South Africa"," 0187886349","8c4075d5481d476e945486754f783364@sentry.io","http://www.digitalsurveying.co.za/","","","https://maps.google.com/?hl=en_US&cid=0x0:0x90addba668a9bf5b",""
"business","Lawyer","Podbielski Mhlambi Carletonville Inc.","74 Annan Rd, Carletonville, 2499","Carletonville","Gauteng","","South Africa"," 0124304646","","http://pmincsa.co.za/","","","https://maps.google.com/?hl=en_US&cid=0x0:0x3aaf023973197075",""
"business","business","Red Cap Ranch Lodge","48 Goudvlakte, Carletonville","Carletonville","Gauteng","","South Africa"," 0187863087","","","","","https://maps.google.com/?hl=en_US&cid=0x0:0x9256932c7a8e292",""
"business","business","Suits Guesthouse","105 Kaolin St, Carletonville, 2499","Carletonville","Gauteng","","South Africa"," 0822948354","","","","","https://maps.google.com/?hl=en_US&cid=0x0:0x7c20a10ec2e6680d",""
"business","business","Selati Guesthouse","61 Selati Street, 59 Kareiga St, Carletonville, 2499","Carletonville","Gauteng","","South Africa"," 0606987281","stay@myselati.co.za","http://selati-guesthouse.mailchimpsites.com/","","","https://maps.google.com/?hl=en_US&cid=0x0:0x5bc4d9e515443499",""
"business","business","Casa Lumini Guest House","66 Oranje St, Oberholzer, Carletonville, 2499","Carletonville","Gauteng","","South Africa"," 0832296124","","https://www.casalumini.co.za/","","","https://maps.google.com/?hl=en_US&cid=0x0:0x83f61ec629d00a8",""
"business","Medical clinic","Merafong City Local Municipality","Carletonville, 2500","Carletonville","Gauteng","","South Africa"," 0187889500","","","","","https://maps.google.com/?hl=en_US&cid=0x0:0x77d73cef8a5ce3a8",""
"business","Bird watching area","Abe Bailey Nature Reserve","Waters Edge AH, Carletonville, 2499","Carletonville","Gauteng","","South Africa"," 0187879918","support@gauteng.gov.zaho","https://www.gauteng.gov.za/","","","https://maps.google.com/?hl=en_US&cid=0x0:0x433298a53d9c18c9",""
"business","business","Gauteng","","","Gauteng","","South Africa","","","","","","https://maps.google.com/?hl=en_US&cid=0x0:0x6d9ee7c7cb5438e2",""
"business","Manufacturer","M M E Manufacturing Co. (Pty) Ltd.","28 Skag St, Carletonville, 2499","Carletonville","Gauteng","","South Africa"," 0187886674","info@mmelifting.com","http://www.mmelifting.com/","","","https://maps.google.com/?hl=en_US&cid=0x0:0xa0a2c1ca04882e19",""
"business","Steel fabricator","Steel Services  Allied Industries Pty Ltd","10 Footwall St, New Industrial Area, Carletonville, 2500","Carletonville","Gauteng","","South Africa"," 0187872059","lawrenceb@steelservices.co.za","http://www.steelservices.co.za/","","","https://maps.google.com/?hl=en_US&cid=0x0:0xa0b97153cfcc51e8",""
"business","Pharmacy","S Buys Wholesaler","Corner Radium , Kaolin St, Carletonville, 2500","Carletonville","Gauteng","","South Africa"," 0187882075","","http://www.sbuys.co.za/","","","https://maps.google.com/?hl=en_US&cid=0x0:0xd29ecb469d916d88",""
"business","Pharmacy","S Buys Group","S Buys Business Park, S Buys Business Park, Cr Kaolin  Radium Street, Carletonville, 2499","Carletonville","Gauteng","","South Africa"," 0187882075","","http://www.sbuys.co.za/","","","https://maps.google.com/?hl=en_US&cid=0x0:0x7dbcf2334d6bf37",""
"business","Airport","Lanseria International Airport","Airport Rd, Lanseria, 1748","Lanseria","Gauteng","","South Africa"," 0113670300","pr@lanseria.co.za","http://www.lanseria.co.za/","","","https://maps.google.com/?hl=en_US&cid=0x0:0x4d2ca13863e40ab6",""
"business","Security service","Quatro Gladiator Security Services","35 Ada St, Carletonville, 2500","Carletonville","Gauteng","","South Africa"," 0187884338","webmaster@gladiator.co.za","http://www.gladiator.co.za/","","","https://maps.google.com/?hl=en_US&cid=0x0:0x794175ceb99ac91a",""
"business","Protective clothing supplier","Carletonville Hydraulics (Pty) Ltd","19 Skag St, Carletonville, 2499","Carletonville","Gauteng","","South Africa"," 0187882317","","","","","https://maps.google.com/?hl=en_US&cid=0x0:0x38f40e982b8fea05",""
"business","Government hospital","Carletonville Traffic Department","Oberholzer, Carletonville, 2499","Carletonville","Gauteng","","South Africa"," 0187889712","","","","","https://maps.google.com/?hl=en_US&cid=0x0:0x3239c3f617b3cb41",""
"business","Guest house","Carletonville Contractors Accommodation","100 Dolomite Dr, Carletonville, 2499","Carletonville","Gauteng","","South Africa"," 0823753335","","","","","https://maps.google.com/?hl=en_US&cid=0x0:0x461fc547e69c6af9",""
"business","Internet marketing service","Visual Store","No5 Blesbok St, Eden village, Carletonville, 2500","Carletonville","Gauteng","","South Africa"," 0726107319","hkardaliyen@gmail.com","https://mohaumoeti.wordpress.com/","","","https://maps.google.com/?hl=en_US&cid=0x0:0x639ef90caae5f746",""
"business","Mining company","Mine Mechanisation and Equipment (Pty) Ltd Umusa Mining","Doornfontein Gold Mine","Carletonville","Gauteng","","South Africa"," 0187891000","salesdesk@mmei.co","http://www.mmei.co/","","","https://maps.google.com/?hl=en_US&cid=0x0:0xdacedeb8b1e48549",""
"business","Mining company","Kusasalethu","Elandsrand Dr, Carletonville, 2500","Carletonville","Gauteng","","South Africa"," 0187829333","","https://www.harmony.co.za/our-business/our-operations/kusasalethu","","","https://maps.google.com/?hl=en_US&cid=0x0:0xbf1d239856903bf5",""
"business","Medical clinic","Merafong City Local Municipality","Carletonville, 2500","Carletonville","Gauteng","","South Africa"," 0187889500","","","","","https://maps.google.com/?hl=en_US&cid=0x0:0x77d73cef8a5ce3a8",""
"business","Lawyer","Thipe Thema Attorneys Incorporated","50 Van Zyl Smit St, Oberholzer, Carletonville, 2499","Carletonville","Gauteng","","South Africa"," 0761117867","","","","","https://maps.google.com/?hl=en_US&cid=0x0:0xec0270220c00f787",""
"business","Gold mining company","Mponeng Gold Mine","955 Park Ave, West Wits, Carletonville, 2499","Carletonville","Gauteng","","South Africa"," 0110838069","","","","","https://maps.google.com/?hl=en_US&cid=0x0:0xcf5e27cf67ef4248",""
"business","Tax consultant","Tupo Business Services","South St, Carletonville, 2499","Carletonville","Gauteng","","South Africa"," 0760761350","","","","","https://maps.google.com/?hl=en_US&cid=0x0:0x5ef891f3a062d068",""
"business","Courthouse","Magistrate Court Carletonville","64 Van Zyl Smit St, Oberholzer, Carletonville, 2499","Carletonville","Gauteng","","South Africa"," 0187882341","TeTladi@justice.gov.za","https://www.justice.gov.za/","","","https://maps.google.com/?hl=en_US&cid=0x0:0x830e0f090331eba1",""
"business","Law firm","TA Dipudi Attorneys","35 South St, Carletonville, 2499","Carletonville","Gauteng","","South Africa"," 0187875583","","http://www.tadipudiattorneys.co.za/","","","https://maps.google.com/?hl=en_US&cid=0x0:0x6729d7aadcbdd086",""
"business","Construction company","Technical Diagnostic Services","13 Kleim St, Carletonville, 2499","Carletonville","Gauteng","","South Africa"," 0187458227","","","","","https://maps.google.com/?hl=en_US&cid=0x0:0x84feb8b7cf4fee2d",""
"business","Environmental consultant","Shimmyrosa Holdings(Pty)Ltd","No13, Aloe St, Carletonville, 2499","Carletonville","Gauteng","","South Africa"," 0725102529","","","","","https://maps.google.com/?hl=en_US&cid=0x0:0xf349d06268c269b2",""
"business","","Cementation Bentley Park","Carletonville, 2499","Carletonville","Gauteng","","South Africa"," 0112015000","","","","","https://maps.google.com/?hl=en_US&cid=0x0:0xa13dfe35d66bd201",""
"business","Scrap metal dealer","Merafong crushers","Unnamed Road, Carletonville, 2500","Carletonville","Gauteng","","South Africa"," 0717138510","","","","","https://maps.google.com/?hl=en_US&cid=0x0:0xe7d9b6797b2f93e7",""
"business","Real estate agency","RE/MAX Gold - Carletonville","Shop 4, 3A Ada St, Carletonville, 2499","Carletonville","Gauteng","","South Africa"," 0187863850","","http://www.gold.remax.co.za/","","","https://maps.google.com/?hl=en_US&cid=0x0:0x9ce03d20ea1ed817",""
"business","business","Gauteng","","","Gauteng","","South Africa","","","","","","https://maps.google.com/?hl=en_US&cid=0x0:0x6d9ee7c7cb5438e2",""
"business","Commercial printer","Doctrate business","2430 Tswana section, Khutsong, Carletonville, 2499","Carletonville","Gauteng","","South Africa"," 0786943934","","","","","https://maps.google.com/?hl=en_US&cid=0x0:0x2358816e2cdad419",""
"business","Print shop","Carletonville Press (Pty) Ltd","21 Botha St, Pretoriusrus, Carletonville, 2500","Carletonville","Gauteng","","South Africa"," 0187872091","","http://www.carletonvillepress.co.za/","","","https://maps.google.com/?hl=en_US&cid=0x0:0xe3a294ac0dbda84c",""
"business","Pharmacy","S Buys Group","S Buys Business Park, S Buys Business Park, Cr Kaolin  Radium Street, Carletonville, 2499","Carletonville","Gauteng","","South Africa"," 0187882075","","http://www.sbuys.co.za/","","","https://maps.google.com/?hl=en_US&cid=0x0:0x7dbcf2334d6bf37",""
"business","Commercial printer","Colorworx","Unit 59 Goudvlakte, Carletonville, 2500","Carletonville","Gauteng","","South Africa"," 0180114591","info@colorworx.co","http://www.colorworx.co.za/","","","https://maps.google.com/?hl=en_US&cid=0x0:0xec8eecea27eb21dd",""
"business","Pharmacy","S Buys Wholesaler","Corner Radium , Kaolin St, Carletonville, 2500","Carletonville","Gauteng","","South Africa"," 0187882075","","http://www.sbuys.co.za/","","","https://maps.google.com/?hl=en_US&cid=0x0:0xd29ecb469d916d88",""
"business","General store","Sunrise Wholesale","42 Van Zyl Smit St, Oberholzer, Carletonville, 2499","Carletonville","Gauteng","","South Africa"," 0187862765","","","","","https://maps.google.com/?hl=en_US&cid=0x0:0xd10ce66be07cb0a5",""
"business","Sportswear store","Power Stores (Pty) Ltd","6 Amethyst St, Carletonville, 2499","Carletonville","Gauteng","","South Africa"," 0187862513","","","","","https://maps.google.com/?hl=en_US&cid=0x0:0x1cfd9ec608e9c1ba",""
"business","Corporate office","Protea 1","6 Palladium St, Carletonville, 2500","Carletonville","Gauteng","","South Africa","","","","","","https://maps.google.com/?hl=en_US&cid=0x0:0x96b527ebf525b74c",""
"business","Manufacturer","M M E Manufacturing Co. (Pty) Ltd.","28 Skag St, Carletonville, 2499","Carletonville","Gauteng","","South Africa"," 0187886674","info@mmelifting.com","http://www.mmelifting.com/","","","https://maps.google.com/?hl=en_US&cid=0x0:0xa0a2c1ca04882e19",""
"business","Second hand store","Cash For Appliances (Pty)Ltd.","53 Annan Rd, Carletonville, 2499","Carletonville","Gauteng","","South Africa"," 0849025414","","","","","https://maps.google.com/?hl=en_US&cid=0x0:0xec3d1583d1740834",""
"business","Construction company","Banach","122 Coronation St, Carletonville, 2499","Carletonville","Gauteng","","South Africa"," 0103500440","","","","","https://maps.google.com/?hl=en_US&cid=0x0:0x505694fe46147512",""
"business","Mining company","D  S Mining","Railway St, Oberholzer, Carletonville, 2500","Carletonville","Gauteng","","South Africa"," 0187861960","","","","","https://maps.google.com/?hl=en_US&cid=0x0:0x69e1c0cd27f8ef50",""
"business","Tax consultant","Tupo Business Services","South St, Carletonville, 2499","Carletonville","Gauteng","","South Africa"," 0760761350","","","","","https://maps.google.com/?hl=en_US&cid=0x0:0x5ef891f3a062d068",""
"business","Engineering consultant","Data Service Agency","Protea Building, 2, 6 Palladium St, Carletonville, 2500","Carletonville","Gauteng","","South Africa"," 0619894148","","","","","https://maps.google.com/?hl=en_US&cid=0x0:0x6ae789990b7e61e9",""
"business","","Solidariteit Dienskantoor - Carltonville","74 Van Zyl Smit St, Oberholzer, Carletonville, 2499","Carletonville","Gauteng","","South Africa"," 0187884861","","","","","https://maps.google.com/?hl=en_US&cid=0x0:0x8fee440ff41f373f",""
"business","Internet marketing service","Visual Store","No5 Blesbok St, Eden village, Carletonville, 2500","Carletonville","Gauteng","","South Africa"," 0726107319","hkardaliyen@gmail.com","https://mohaumoeti.wordpress.com/","","","https://maps.google.com/?hl=en_US&cid=0x0:0x639ef90caae5f746",""
"business","Insurance agency","Sanlam","11, S Buys Business Park, Radium St, Carletonville, 1499","Carletonville","Gauteng","","South Africa"," 0187882239","","","","","https://maps.google.com/?hl=en_US&cid=0x0:0x10a5b03f80d62c7b",""
"business","Environmental consultant","Shimmyrosa Holdings(Pty)Ltd","No13, Aloe St, Carletonville, 2499","Carletonville","Gauteng","","South Africa"," 0725102529","","","","","https://maps.google.com/?hl=en_US&cid=0x0:0xf349d06268c269b2",""
"business","Software company","Techtravellux","Blyvooruitzicht, 1 4th Ave, West Wits, Carletonville, 2499","Carletonville","Gauteng","","South Africa"," 0721408109","","","","","https://maps.google.com/?hl=en_US&cid=0x0:0x4760e11fe6d6250d",""
"business","Security service","Quatro Gladiator Security Services","35 Ada St, Carletonville, 2500","Carletonville","Gauteng","","South Africa"," 0187884338","webmaster@gladiator.co.za","http://www.gladiator.co.za/","","","https://maps.google.com/?hl=en_US&cid=0x0:0x794175ceb99ac91a",""
"business","Real estate agency","RE/MAX Gold - Carletonville","Shop 4, 3A Ada St, Carletonville, 2499","Carletonville","Gauteng","","South Africa"," 0187863850","","http://www.gold.remax.co.za/","","","https://maps.google.com/?hl=en_US&cid=0x0:0x9ce03d20ea1ed817",""
"business","Engineering consultant","Masijame Pty Ltd","29 Calcite Cres, Carletonville, 2499","Carletonville","Gauteng","","South Africa"," 0792853923","","","","","https://maps.google.com/?hl=en_US&cid=0x0:0xeb77e101d7d53b48",""
"business","Law firm","R.T. Tshifura Attorneys Inc.","30 Van Zyl Smit St, Oberholzer, Carletonville, 2499","Carletonville","Gauteng","","South Africa"," 0187862071","","","","","https://maps.google.com/?hl=en_US&cid=0x0:0x622e251bcc1d648d",""
"business","Law firm","TA Dipudi Attorneys","35 South St, Carletonville, 2499","Carletonville","Gauteng","","South Africa"," 0187875583","","http://www.tadipudiattorneys.co.za/","","","https://maps.google.com/?hl=en_US&cid=0x0:0x6729d7aadcbdd086",""
"business","Construction company","Technical Diagnostic Services","13 Kleim St, Carletonville, 2499","Carletonville","Gauteng","","South Africa"," 0187458227","","","","","https://maps.google.com/?hl=en_US&cid=0x0:0x84feb8b7cf4fee2d",""
"business","Lawyer","A Lingani Attorneys","50 Van Zyl Smit St, Oberholzer, Carletonville, 2499","Carletonville","Gauteng","","South Africa"," 0781942701","","","","","https://maps.google.com/?hl=en_US&cid=0x0:0x2bb5a1a4784d05bd",""
"business","Insurance agency","Sanlam","70 Annan Rd, Carletonville, 2499","Carletonville","Gauteng","","South Africa"," 0187886628","prospects@sanlam.co.za","http://www.sanlam.co.za/","","","https://maps.google.com/?hl=en_US&cid=0x0:0x9a48250c449b41a6",""
"business","business","Gauteng","","","Gauteng","","South Africa","","","","","","https://maps.google.com/?hl=en_US&cid=0x0:0x6d9ee7c7cb5438e2",""
"business","Business management consultant","TEBA on Mines Carletonville","02 Palladium St, Carletonville, 2499","Carletonville","Gauteng","","South Africa"," 0187874031","info@teba.co.za","http://www.teba.co.za/","","","https://maps.google.com/?hl=en_US&cid=0x0:0x2ec29c3c7bee9463",""
"business","Business management consultant","AGT Service Provider (Pty) Ltdu200b","19 Iris Ave, Fochville, 2515","Fochville","Gauteng","","South Africa"," 0769499634","","http://agtserviceprovider.com/","","","https://maps.google.com/?hl=en_US&cid=0x0:0xe13ee4ee2ef66e93",""
"business","Hardware store","Juli's Den","11 Osmium St, Carletonville, 2499","Carletonville","Gauteng","","South Africa"," 0798970775","","","","","https://maps.google.com/?hl=en_US&cid=0x0:0x6fa2700141d3ae36",""
"business","Steel fabricator","Steel Services  Allied Industries Pty Ltd","10 Footwall St, New Industrial Area, Carletonville, 2500","Carletonville","Gauteng","","South Africa"," 0187872059","lawrenceb@steelservices.co.za","http://www.steelservices.co.za/","","","https://maps.google.com/?hl=en_US&cid=0x0:0xa0b97153cfcc51e8",""
"business","Home goods store","EDURA","5 Emerald St, Carletonville, 2499","Carletonville","Gauteng","","South Africa"," 0184140063","","","","","https://maps.google.com/?hl=en_US&cid=0x0:0x8e9b23fe03dec401",""
"business","Manufacturer","M M E Manufacturing Co. (Pty) Ltd.","28 Skag St, Carletonville, 2499","Carletonville","Gauteng","","South Africa"," 0187886674","info@mmelifting.com","http://www.mmelifting.com/","","","https://maps.google.com/?hl=en_US&cid=0x0:0xa0a2c1ca04882e19",""
"business","Protective clothing supplier","Carletonville Hydraulics (Pty) Ltd","19 Skag St, Carletonville, 2499","Carletonville","Gauteng","","South Africa"," 0187882317","","","","","https://maps.google.com/?hl=en_US&cid=0x0:0x38f40e982b8fea05",""
"business","Corporate office","Protea 1","6 Palladium St, Carletonville, 2500","Carletonville","Gauteng","","South Africa","","","","","","https://maps.google.com/?hl=en_US&cid=0x0:0x96b527ebf525b74c",""
"business","Mining company","G.F. Mining Supplies","23 Iridium St, Carletonville, 2499","Carletonville","Gauteng","","South Africa"," 0187885868","","","","","https://maps.google.com/?hl=en_US&cid=0x0:0xd60f2e7246b84112",""
"business","Commercial printer","Doctrate business","2430 Tswana section, Khutsong, Carletonville, 2499","Carletonville","Gauteng","","South Africa"," 0786943934","","","","","https://maps.google.com/?hl=en_US&cid=0x0:0x2358816e2cdad419",""
"business","Butcher shop","New Meat Market Butcher","8 Station St, Oberholzer, Carletonville, 2499","Carletonville","Gauteng","","South Africa"," 0792757877","","http://www.newmeatmarket.co.za/","","","https://maps.google.com/?hl=en_US&cid=0x0:0xb31bf7d0805a9f99",""
"business","Corporate office","Centurion Business Forum","245 End St, Clubview, Centurion, 0014","Centurion","Gauteng","","South Africa"," 0126646559","","","","","https://maps.google.com/?hl=en_US&cid=0x0:0xc9d696bb782e5e3c",""
"business","Business management consultant","Transiedoc","Suite No. 1C, Clubview Forum Building, 58 Columbia Rd, Clubview, Centurion, 0014","Centurion","Gauteng","","South Africa"," 0835604877","","","","","https://maps.google.com/?hl=en_US&cid=0x0:0x515d4378590af081",""
"business","Accounting firm","Bevolve Business Evolution","80 Lyttelton Rd, Clubview, Centurion, 0157","Centurion","Gauteng","","South Africa"," 0120040578","sales@bevolve.co.za","http://www.bevolve.co.za/","","","https://maps.google.com/?hl=en_US&cid=0x0:0x6d143dba1fd8fe93",""
"business","Consultant","Laros Consulting (Pty) Ltd","House - Unit D, Porta Group, 54 Lyttelton Rd, Clubview, Centurion, 0157","Centurion","Gauteng","","South Africa"," 0129421752","admin@larosconsulting.co.za","http://www.larosconsulting.co.za/","","","https://maps.google.com/?hl=en_US&cid=0x0:0x618662e67ca56774",""
"business","Business park","Centurion Office Park","1257 Embankment Rd, Zwartkop, Centurion, 0051","Centurion","Gauteng","","South Africa","","tumelom@anvilproperty.co.za","https://www.anvilproperty.co.za/commercial-property/office-space/to-rent/centurion/centurion-office-park-centurion-19","","","https://maps.google.com/?hl=en_US&cid=0x0:0x715104378f87f028",""
"business","Geological service","VBKOM","95 Lyttelton Rd, Clubview, Centurion, 0014","Centurion","Gauteng","","South Africa"," 0126540004","info@vbkom.com","http://www.vbkom.com/","","","https://maps.google.com/?hl=en_US&cid=0x0:0xdbd865fba8b9ba5b",""
"business","Accountant","Register Your Business (Pty) Ltd","5 Saxby Ave, West, Centurion, 0157","Centurion","Gauteng","","South Africa"," 0126601822","info@registeryourbusiness.co.za","http://www.registeryourbusiness.co.za/","","","https://maps.google.com/?hl=en_US&cid=0x0:0x516d72e345e6d1a4",""
"business","Business management consultant","Benlati Properties (Pty) Ltd","90 Ashwood Dr, Clubview, Centurion, 0157","Centurion","Gauteng","","South Africa"," 0736995771","info@benlatiproperties.co.za","http://www.benlatiproperties.co.za/","","","https://maps.google.com/?hl=en_US&cid=0x0:0xd424e425d66c2551",""
"business","Software company","ICE Holdings","Unit A, Porta Group House, 54 Lyttelton Rd, Clubview, Centurion, 0157","Centurion","Gauteng","","South Africa"," 0647562043","","http://www.iceholdings.co.za/","","","https://maps.google.com/?hl=en_US&cid=0x0:0xbcf2e8cd09dd4fc4",""
"business","Software company","CORPORATE ASTUTE GROUP (PTY) LTD","206 Von Willich Ave, Lyttelton AH, Centurion, 0157","Centurion","Gauteng","","South Africa"," 0795524659","","","","","https://maps.google.com/?hl=en_US&cid=0x0:0x2e2c86cab454ba43",""
"business","Business management consultant","Inolaz Advisory (Pty) Ltd","Unit 29, 200 Harvard Ave, Clubview, Centurion, 0014","Centurion","Gauteng","","South Africa"," 0126540304","","","","","https://maps.google.com/?hl=en_US&cid=0x0:0xff032656b08d60a8",""
"business","Consultant","FOCUS GROUP","138 Roedolf Ave, Clubview, Pretoria, 0158","Pretoria","Gauteng","","South Africa","","","http://focus-africa.org/","","","https://maps.google.com/?hl=en_US&cid=0x0:0x67ec09cdc06fb446",""
"business","Computer support and services","Business Connexion (Pty) Ltd.","1021 Lenchen Ave N, Centurion Central, Centurion, 0157","Centurion","Gauteng","","South Africa","","","","","","https://maps.google.com/?hl=en_US&cid=0x0:0xaffda9310c01108e",""
"business","Marketing agency","Businesses Online","281 Von Willich Ave, Die Hoewes, Centurion, 0163","Centurion","Gauteng","","South Africa"," 0814102965","","","","","https://maps.google.com/?hl=en_US&cid=0x0:0xe9d301fcea7846e6",""
"business","E-commerce service","KSN Information Security","Unit 3, ERF 328 Cloud Street, Westhill Business Estate, Clubview, Centurion, 0157","Centurion","Gauteng","","South Africa"," 0648908988","","","","","https://maps.google.com/?hl=en_US&cid=0x0:0xe2512993a923c64d",""
"business","Business park","Centurion Gate Business Park","146 Akkerboom St, Zwartkop, Centurion, 0051","Centurion","Gauteng","","South Africa","","fishmonger.fishmonger9@gmail.com","https://centuriongate.co.za/","","","https://maps.google.com/?hl=en_US&cid=0x0:0x6294a9003b9f542f",""
"business","Business park","Corporate Corner","Corporate Corner Blok, 11 Marco Polo Straat, 6 Grondvloer, Highveld, Centurion, 0157","Centurion","Gauteng","","South Africa","","","","","","https://maps.google.com/?hl=en_US&cid=0x0:0x1a83cb938be213f5",""
"business","Software company","Centbiz - Multipurpose Computer Technology Company","X18, 6 Oudtshoorn St, Eldoraigne, Centurion, 0157","Centurion","Gauteng","","South Africa"," 0608344447","francois@centbiz.co.za","https://centbiz.co.za/","","","https://maps.google.com/?hl=en_US&cid=0x0:0xf9cbe4bebb67eeb9",""
"business","business","0014","Centurion","Centurion","Gauteng","","South Africa","","","","","","https://maps.google.com/?hl=en_US&cid=0x0:0x9aa55e752e3df9a0",""
"business","Financial planner","Exemplar REITail Limited","204 Von Willich Ave, Clubview, Centurion, 0014","Centurion","Gauteng","","South Africa"," 0126546330","","http://exemplarreit.co.za/","","","https://maps.google.com/?hl=en_US&cid=0x0:0x6c765e72f4bb6804",""
"business","Software company","LINQIT SOLUTIONS (PTY) LTD |","128 Cattle Egret Road Bondev Park, Eldoraigne, Centurion, 0157","Centurion","Gauteng","","South Africa"," 0120041753","","http://linqit.co.za/","","","https://maps.google.com/?hl=en_US&cid=0x0:0xf96b447df7b2adb6",""
"business","Business management consultant","Corporate Value Consultancy","69 Breyten Street, 29 Wierda VIllage, Rooihuiskraal, Centurion, 0157","Centurion","Gauteng","","South Africa"," 0827809150","info@cvconsultancy.org","https://www.corporatevalueconsultancy.com/","","","https://maps.google.com/?hl=en_US&cid=0x0:0x6788aeaf0f7c655",""
"business","Consultant","Bathabile Moreki","Unit 39 Olieven Plaza Cnr R55  Jakalassi Road Olievenhoutboschm, Centurion, 0157","Centurion","Gauteng","","South Africa"," 0788562521","","","","","https://maps.google.com/?hl=en_US&cid=0x0:0xdfb3d89785e67b5e",""
"business","Business management consultant","SOAR Centre","Plot 446, Kings Way, Lombardi Ave, Raslouw, Centurion, 0157","Centurion","Gauteng","","South Africa"," 0822607510","","http://www.soarcentre.co.za/","","","https://maps.google.com/?hl=en_US&cid=0x0:0x300e212f7f45bb69",""
"business","Business management consultant","B T S","267 West Ave, Lyttelton AH, Centurion, 0157","Centurion","Gauteng","","South Africa"," 0126636909","info@bts.com","http://www.bts.com/","","","https://maps.google.com/?hl=en_US&cid=0x0:0xdcf8640e69d9974f",""
"business","Business park","Spaces - Centurion, Spaces, Byls Bridge","Byls Bridge Office Park Building, 14 Block B, Gauteng, Centurion, 0157","Centurion","Gauteng","","South Africa"," 0120036600","","https://www.spacesworks.com/centurion/byls-bridge?utm_source>>u003dyext_places_gmb>>u0026utm_medium>>u003dplaces>>u0026utm_campaign>>u003dyext_traffic>>u0026utm_content>>u003d5042","","","https://maps.google.com/?hl=en_US&cid=0x0:0x20b779fd08bc1efe",""
"business","Business management consultant","LJL Business Solutions","17 Viking Rd, Valhalla, Centurion, 0185","Centurion","Gauteng","","South Africa"," 0871636353","info@ljlbusiness-solutions.com","https://ljlbusiness-solutions.com/","","","https://maps.google.com/?hl=en_US&cid=0x0:0x8239afce35fc2759",""
"business","business","N/A","","","Gauteng","","South Africa","","hello@investable.busi","https://investable.business/","","","https://maps.google.com/?hl=en_US&cid=0x0:0x20fb670e1bd38e5b",""
"business","Training centre","WWISE","254 Hall Street Westend Office Park, Building 2, Second floor, Die Hoewes, Centurion, 0163","Centurion","Gauteng","","South Africa"," 0861099473","admin@wwise.co.za","http://www.wwise.co.za/","","","https://maps.google.com/?hl=en_US&cid=0x0:0x85444fa8deec5539",""
"business","Accountant","Bahne Business Accountants (Pty) Ltd","5 Maryland Rd, Pierre van Ryneveld Park, Centurion, 0045","Centurion","Gauteng","","South Africa"," 0722238314","","http://www.bahneba.co.za/","","","https://maps.google.com/?hl=en_US&cid=0x0:0x5a6c9b8ef708b931",""
"business","Business center","Irene Link Commercial","5 Impala Ave, Doringkloof, Centurion, 0157","Centurion","Gauteng","","South Africa"," 0120720428","jan.kraaij@abland.co.za","http://irenelink.co.za/","","","https://maps.google.com/?hl=en_US&cid=0x0:0x11408fb21cb4cfc",""
"business","Corporate office","Etion Create","Irene, 76 Regency Dr, Route 21 Business Park, Centurion, 0157","Centurion","Gauteng","","South Africa"," 0126789740","sales@etioncreate.co.za","https://www.etioncreate.co.za/","","","https://maps.google.com/?hl=en_US&cid=0x0:0xd1984cd38f18fc3d",""
"business","","Control Room and AV Solutions (Pty) Ltd","16 Dean Rd, Pierre van Ryneveld Park, Centurion, 0157","Centurion","Gauteng","","South Africa"," 0126620519","info@control-room.co.za","http://control-room.co.za/","","","https://maps.google.com/?hl=en_US&cid=0x0:0x385998adc8472ca1",""
"business","Business park","Centurion Gate Business Park","146 Akkerboom St, Zwartkop, Centurion, 0051","Centurion","Gauteng","","South Africa","","info@tasteoftennessee.co.za","https://centuriongate.co.za/","","","https://maps.google.com/?hl=en_US&cid=0x0:0x6294a9003b9f542f",""
"business","business","N/A","","","Gauteng","","South Africa"," 0662999940","leana@geared2solve.co.za","https://geared2solve.co.za/","","","https://maps.google.com/?hl=en_US&cid=0x0:0xd302dd8e8b286bc7",""
"business","Business park","Centurion Office Park","1257 Embankment Rd, Zwartkop, Centurion, 0051","Centurion","Gauteng","","South Africa","","tumelom@anvilproperty.co.za","https://www.anvilproperty.co.za/commercial-property/office-space/to-rent/centurion/centurion-office-park-centurion-19","","","https://maps.google.com/?hl=en_US&cid=0x0:0x715104378f87f028",""
"business","Quantity surveyor","PRO-SERVE CONSULTING","Irene Corporate Corner, Nellmapius Dr, Centurion, 0133","Centurion","Gauteng","","South Africa"," 0126613435","","","","","https://maps.google.com/?hl=en_US&cid=0x0:0xf78d4fb86e81c997",""
"business","Business administration service","Smartin Solutions Pty(Ltd)","13 Verwoerd Ave, Pierre van Ryneveld Park, Centurion, 0157","Centurion","Gauteng","","South Africa"," 0846229763","","","","","https://maps.google.com/?hl=en_US&cid=0x0:0x7d32be69491d4195",""
"business","Business park","Gateway Industrial Park","41 Adriana Cres, Rooihuiskraal, Centurion, 0154","Centurion","Gauteng","","South Africa","","","","","","https://maps.google.com/?hl=en_US&cid=0x0:0x567a620595d5e294",""
"business","Manufacturer","Centurion Aerospace Village","Cnr van Ryneveld and van der Spuy Street, Centurion, Pretoria, 0045","Pretoria","Gauteng","","South Africa"," 0126625379","info@cav.org.za","http://www.cav.org.za/","","","https://maps.google.com/?hl=en_US&cid=0x0:0xc76de0eb9bbd1e63",""
"business","Business management consultant","Accquire Consulting","135 Mustang Ave, Pierre van Ryneveld Park, Centurion, 0045","Centurion","Gauteng","","South Africa"," 0126624221","","","","","https://maps.google.com/?hl=en_US&cid=0x0:0xd7a49a9a53abb0c3",""
"business","Corporate office","Corporate Park 66","66 Von Willich Ave, Die Hoewes, Centurion, 0163","Centurion","Gauteng","","South Africa","","","","","","https://maps.google.com/?hl=en_US&cid=0x0:0xc358624a53cd08dc",""
"business","Training centre","CXO| Dynamic Business Solutions Pty (Ltd)","Route 21 Corporate Park Milestones Place - C: Block, 19 Sovereign Dr, Irene, Centurion, 0157","Centurion","Gauteng","","South Africa"," 0796622455","","","","","https://maps.google.com/?hl=en_US&cid=0x0:0xe1f13c35a2aa1e0d",""
"business","Engineering consultant","4most Systems (Pty) Ltd","121 Sovereign Dr, Route 21 Business Park, Centurion, 0178","Centurion","Gauteng","","South Africa"," 0123452505","info@4most.co.za","http://www.4most.co.za/","","","https://maps.google.com/?hl=en_US&cid=0x0:0x582e3314ec20b85a",""
"business","Training centre","Business Resilience","67A Verwoerd Ave, Pierre van Ryneveld Park, Centurion, 0157","Centurion","Gauteng","","South Africa"," 0714710711","","","","","https://maps.google.com/?hl=en_US&cid=0x0:0xed0a17967bcefd97",""
"business","Corporate office","Centurion Business Forum","245 End St, Clubview, Centurion, 0014","Centurion","Gauteng","","South Africa"," 0126646559","","","","","https://maps.google.com/?hl=en_US&cid=0x0:0xc9d696bb782e5e3c",""
"business","General contractor","Mavili (Pty) Ltd","117 Sovereign Drive R21 Corporate Park Irene Extension 31 Centurion","Centurion","Gauteng","","South Africa"," 0101098790","info@mavilisa.co.za","http://mavilisa.co.za/","","","https://maps.google.com/?hl=en_US&cid=0x0:0x40cdd95cc7d22eae",""
"business","business","0045","Pierre van Ryneveld Park, Centurion","Centurion","Gauteng","","South Africa","","","","","","https://maps.google.com/?hl=en_US&cid=0x0:0xcca2c285156700f1",""
"business","Computer repair service","Delitech (PTY) Ltd","Shop 10B, Opposite ABSA ATM, Ryneveld Lifestyle Centre, 75 Van Ryneveld Ave, Pierre van Ryneveld Park, Centurion, 0157","Centurion","Gauteng","","South Africa"," 0878217101","info@delitech.co.za","http://delitech.co.za/","","","https://maps.google.com/?hl=en_US&cid=0x0:0xc543a8f6510b90ae",""
"business","Software company","LINQIT SOLUTIONS (PTY) LTD |","128 Cattle Egret Road Bondev Park, Eldoraigne, Centurion, 0157","Centurion","Gauteng","","South Africa"," 0120041753","","http://linqit.co.za/","","","https://maps.google.com/?hl=en_US&cid=0x0:0xf96b447df7b2adb6",""
"business","Software company","Enhanced Business Solutions cc","554 Main Rd, Erasmia, Centurion, 0183","Centurion","Gauteng","","South Africa"," 0126540249","","http://www.eb-solutions.co.za/","","","https://maps.google.com/?hl=en_US&cid=0x0:0x9aeb83e066b89e45",""
"business","Business management consultant","Corporate Value Consultancy","69 Breyten Street, 29 Wierda VIllage, Rooihuiskraal, Centurion, 0157","Centurion","Gauteng","","South Africa"," 0827809150","info@cvconsultancy.org","https://www.corporatevalueconsultancy.com/","","","https://maps.google.com/?hl=en_US&cid=0x0:0x6788aeaf0f7c655",""
"business","Business management consultant","SOAR Centre","Plot 446, Kings Way, Lombardi Ave, Raslouw, Centurion, 0157","Centurion","Gauteng","","South Africa"," 0822607510","","http://www.soarcentre.co.za/","","","https://maps.google.com/?hl=en_US&cid=0x0:0x300e212f7f45bb69",""
"business","Software company","Centbiz - Multipurpose Computer Technology Company","X18, 6 Oudtshoorn St, Eldoraigne, Centurion, 0157","Centurion","Gauteng","","South Africa"," 0608344447","francois@centbiz.co.za","https://centbiz.co.za/","","","https://maps.google.com/?hl=en_US&cid=0x0:0xf9cbe4bebb67eeb9",""
"business","Business park","Corporate Corner","Corporate Corner Blok, 11 Marco Polo Straat, 6 Grondvloer, Highveld, Centurion, 0157","Centurion","Gauteng","","South Africa","","","","","","https://maps.google.com/?hl=en_US&cid=0x0:0x1a83cb938be213f5",""
"business","Business management consultant","ProjectLink Holdings (Pty) Ltd","243 Willem Botha Dr, Wierdapark, Centurion, 0149","Centurion","Gauteng","","South Africa"," 0126600010","","http://www.projectlink.co.za/","","","https://maps.google.com/?hl=en_US&cid=0x0:0x5cf7a1890873450e",""
"business","Business management consultant","Maluti-X","Spaces, Byls Bridge, and, Spaces, Jean Ave, Doringkloof, Centurion","Centurion","Gauteng","","South Africa"," 0718502137","info@maluti-x.com","http://maluti-x.com/","","","https://maps.google.com/?hl=en_US&cid=0x0:0x510f31e120ca13f5",""
"business","Corporate office","Centurion Junction","253 Von Willich Ave, Die Hoewes, Centurion, 0163","Centurion","Gauteng","","South Africa"," 0115109999","info@abland.co.za","http://www.abland.co.za/","","","https://maps.google.com/?hl=en_US&cid=0x0:0xd6af383457cf58a6",""
"business","Computer support and services","Business Connexion (Pty) Ltd.","1021 Lenchen Ave N, Centurion Central, Centurion, 0157","Centurion","Gauteng","","South Africa","","","","","","https://maps.google.com/?hl=en_US&cid=0x0:0xaffda9310c01108e",""
"business","Business park","Centurion Office Park","1257 Embankment Rd, Zwartkop, Centurion, 0051","Centurion","Gauteng","","South Africa","","tumelom@anvilproperty.co.za","https://www.anvilproperty.co.za/commercial-property/office-space/to-rent/centurion/centurion-office-park-centurion-19","","","https://maps.google.com/?hl=en_US&cid=0x0:0x715104378f87f028",""
"business","Corporate office","BCX HQ CENTURIO","1021 Lenchen Ave N, Centurion Central, Centurion, 0157","Centurion","Gauteng","","South Africa","","","","","","https://maps.google.com/?hl=en_US&cid=0x0:0x2b3a309db5b5f65b",""
"business","Business park","Centurion Gate Business Park","146 Akkerboom St, Zwartkop, Centurion, 0051","Centurion","Gauteng","","South Africa","","rlcenturion.dm@clhg.com","https://centuriongate.co.za/","","","https://maps.google.com/?hl=en_US&cid=0x0:0x6294a9003b9f542f",""
"business","Business park","Corporate Corner","Corporate Corner Blok, 11 Marco Polo Straat, 6 Grondvloer, Highveld, Centurion, 0157","Centurion","Gauteng","","South Africa","","","","","","https://maps.google.com/?hl=en_US&cid=0x0:0x1a83cb938be213f5",""
"business","Shopping mall","Byls Bridge Office Park","Cnr Olievenhoutbosch and, Jean Ave, Doringkloof, Centurion, 0062","Centurion","Gauteng","","South Africa"," 0126768500","info@m-t.co.za","https://m-t.co.za/houses/byls-bridge-office-park/","","","https://maps.google.com/?hl=en_US&cid=0x0:0xd8c46e19dec3c4de",""
"business","Software company","XContent Business Solutions","20 Charles De Gaulle Cres, Highveld, Centurion, 0169","Centurion","Gauteng","","South Africa"," 0110141778","query@xcontent.com","http://xcontent.com/","","","https://maps.google.com/?hl=en_US&cid=0x0:0xae121ea76fed4169",""
"business","Corporate office","Corporate Park 66","66 Von Willich Ave, Die Hoewes, Centurion, 0163","Centurion","Gauteng","","South Africa","","","","","","https://maps.google.com/?hl=en_US&cid=0x0:0xc358624a53cd08dc",""
"business","Insurance company","Private Wealth Solutions Group","Ground Unit, 2025 Gordon Hood Rd, Centurion Central, Centurion, 0046","Centurion","Gauteng","","South Africa"," 0872655484","admin@pwsgroup.co.za","http://www.pwsgroup.co.za/","","","https://maps.google.com/?hl=en_US&cid=0x0:0xae912919b14c4487",""
"business","Corporate office","BCX","267 West Ave, Die Hoewes, Centurion, 0163","Centurion","Gauteng","","South Africa"," 0126438300","","http://www.bcx.co.za/","","","https://maps.google.com/?hl=en_US&cid=0x0:0xfb6dddf6144cda11",""
"business","Business management consultant","OSMC (Pty) Ltd","Mall, 1269 Gordon Hood Rd, Regus, Centurion, 0046","Centurion","Gauteng","","South Africa"," 0845526355","","","","","https://maps.google.com/?hl=en_US&cid=0x0:0x6977681fc1c641f2",""
"business","Business park","Spaces - Centurion, Spaces, Byls Bridge","Byls Bridge Office Park Building, 14 Block B, Gauteng, Centurion, 0157","Centurion","Gauteng","","South Africa"," 0120036600","","https://www.spacesworks.com/centurion/byls-bridge?utm_source>>u003dyext_places_gmb>>u0026utm_medium>>u003dplaces>>u0026utm_campaign>>u003dyext_traffic>>u0026utm_content>>u003d5042","","","https://maps.google.com/?hl=en_US&cid=0x0:0x20b779fd08bc1efe",""
"business","Business management consultant","Corporate Value Consultancy","69 Breyten Street, 29 Wierda VIllage, Rooihuiskraal, Centurion, 0157","Centurion","Gauteng","","South Africa"," 0827809150","info@cvconsultancy.org","https://www.corporatevalueconsultancy.com/","","","https://maps.google.com/?hl=en_US&cid=0x0:0x6788aeaf0f7c655",""
"business","Engineering consultant","BCX - Industrial Solutions","48 Oak Ave, Highveld Techno Park, Centurion, 0169","Centurion","Gauteng","","South Africa"," 0128808463","","http://www.bcx.co.za/","","","https://maps.google.com/?hl=en_US&cid=0x0:0x8c09f0e8e9f6944c",""
"business","Geological service","VBKOM","95 Lyttelton Rd, Clubview, Centurion, 0014","Centurion","Gauteng","","South Africa"," 0126540004","info@vbkom.com","http://www.vbkom.com/","","","https://maps.google.com/?hl=en_US&cid=0x0:0xdbd865fba8b9ba5b",""
"business","Law firm","STBB Centurion","DOCEX, STBB CENTURION, CORNER JOHN VORSTER DRIVE, 55 Lenchen Ave N, AND, Centurion, 0157","Centurion","Gauteng","","South Africa"," 0120011546","info@stbb.co.za","http://stbb.co.za//","","","https://maps.google.com/?hl=en_US&cid=0x0:0xc4145c7a368870ad",""
"business","Corporate office","Regus - Centurion, Centurion Mall","Lower Ground Office LG134, Centurion Mall, Heuwel Rd, Centurion Central, Centurion, 0157","Centurion","Gauteng","","South Africa"," 0126838700","","https://www.regus.com/en-gb/south-africa/centurion/centurion-mall-5938?utm_source>>u003dyext_places_gmb>>u0026utm_medium>>u003dplaces>>u0026utm_campaign>>u003dyext_traffic>>u0026utm_content>>u003d5938","","","https://maps.google.com/?hl=en_US&cid=0x0:0xad68d53396d1eb0e",""
"business","business","0046","Centurion","Centurion","Gauteng","","South Africa","","","","","","https://maps.google.com/?hl=en_US&cid=0x0:0x309686958cf8a407",""
"business","Software company","Stanford Business Park","12 Bauhinia St, Highveld Techno Park, Centurion, 0157","Centurion","Gauteng","","South Africa"," 0861555555","charl@thesuccessacademy.co.za","http://www.thesuccessacademy.co.za/","","","https://maps.google.com/?hl=en_US&cid=0x0:0x346618e76db6dd6e",""
"business","Business management consultant","Quality Business Consultants","265 West Ave, Die Hoewes, Centurion, 0157","Centurion","Gauteng","","South Africa"," 0126434400","","","","","https://maps.google.com/?hl=en_US&cid=0x0:0x3303cfe541c8f389",""
"business","Business management consultant","Skayno Business Consultancy","Ground Lakeview Building, 1277 Crawford Rd, Centurion Central, Centurion, 0157","Centurion","Gauteng","","South Africa"," 0126552065","","","","","https://maps.google.com/?hl=en_US&cid=0x0:0x2b7e9beb55a36c3b",""
"business","Business management consultant","HDS PROCUREMENT","Level 1 3rd Floor, Centurion Gate, 146 Akkerboom St, Zwartkop, Centurion, 0051","Centurion","Gauteng","","South Africa"," 0125160709","","","","","https://maps.google.com/?hl=en_US&cid=0x0:0x8c1950d1126d675",""
"business","Business management consultant","TIQMS TRAINING","Centurion Golf Estate, Centurion, 0046","Centurion","Gauteng","","South Africa","","info@kwikweb.co.za","http://tiqms.co.za/","","","https://maps.google.com/?hl=en_US&cid=0x0:0xd66de0bb1bc87fa8",""
"business","Business management consultant","Acrivon","1269 Gordon Hood Rd, Centurion Central, Johannesburg, 0046","Johannesburg","Gauteng","","South Africa"," 10003212","","","","","https://maps.google.com/?hl=en_US&cid=0x0:0x71d1575080d58b99",""
"business","Software company","My Online Business","46 Stanger Ave, Eldoraigne, Centurion, 0046","Centurion","Gauteng","","South Africa"," 0762702928","","","","","https://maps.google.com/?hl=en_US&cid=0x0:0x77f51e51ae7ce0be",""
"business","Property management company","Berkley Business Park","8 Bauhinia St, Highveld Techno Park, Centurion, 0157","Centurion","Gauteng","","South Africa"," 0861555555","charl@thesuccessacademy.co.za","http://www.thesuccessacademy.co.za/","","","https://maps.google.com/?hl=en_US&cid=0x0:0xc08249fa8eb80cda",""
"business","Graphic designer","Full Circle Business Communications","1262 Embankment Rd, Centurion Central, Centurion, 0157","Centurion","Gauteng","","South Africa","","","","","","https://maps.google.com/?hl=en_US&cid=0x0:0xf2778d8b7b08f48f",""
"business","Business management consultant","B T S","267 West Ave, Lyttelton AH, Centurion, 0157","Centurion","Gauteng","","South Africa"," 0126636909","info@bts.com","http://www.bts.com/","","","https://maps.google.com/?hl=en_US&cid=0x0:0xdcf8640e69d9974f",""
"business","Training centre","WWISE","254 Hall Street Westend Office Park, Building 2, Second floor, Die Hoewes, Centurion, 0163","Centurion","Gauteng","","South Africa"," 0861099473","admin@wwise.co.za","http://www.wwise.co.za/","","","https://maps.google.com/?hl=en_US&cid=0x0:0x85444fa8deec5539",""
"business","Corporate office","Corporate Park 66","66 Von Willich Ave, Die Hoewes, Centurion, 0163","Centurion","Gauteng","","South Africa","","","","","","https://maps.google.com/?hl=en_US&cid=0x0:0xc358624a53cd08dc",""
"business","Business park","Centurion Office Park","1257 Embankment Rd, Zwartkop, Centurion, 0051","Centurion","Gauteng","","South Africa","","tumelom@anvilproperty.co.za","https://www.anvilproperty.co.za/commercial-property/office-space/to-rent/centurion/centurion-office-park-centurion-19","","","https://maps.google.com/?hl=en_US&cid=0x0:0x715104378f87f028",""
"business","Guest house","African Sky Hotels  Resorts","Ground Floor, Building 9, Centurion Gate Office Park, 126 Akkerboom St, Centurion, 0157","Centurion","Gauteng","","South Africa"," 0129984959","pinelake@africanskyhotels.com","http://www.africanskyhotels.com/","","","https://maps.google.com/?hl=en_US&cid=0x0:0x8cced12cfbf37552",""
"business","Consultant","CapCircle Management Consultants","Unit 15, Berkley Office Park, 8 Bauhinia St, Highveld Techno Park, Centurion, 0169","Centurion","Gauteng","","South Africa"," 0658672512","","","","","https://maps.google.com/?hl=en_US&cid=0x0:0x33c6989985c85c38",""
"business","Business park","Centurion Gate Business Park","146 Akkerboom St, Zwartkop, Centurion, 0051","Centurion","Gauteng","","South Africa","","info@multicat.com","https://centuriongate.co.za/","","","https://maps.google.com/?hl=en_US&cid=0x0:0x6294a9003b9f542f",""
"business","Business management consultant","Muluma Management Consulting Group","Unit 10, Stanford Office Park, 12 Bauhinia St, Highveld Techno Park, Centurion, 2018","Centurion","Gauteng","","South Africa"," 0129430626","info@muluma.co.za","https://www.muluma.co.za/","","","https://maps.google.com/?hl=en_US&cid=0x0:0x272f33948487dbde",""
"business","Business management consultant","FluidRock Governance Group (Pty) Ltd","Unit 5, Berkley Office Park, 8 Bauhinia St, Highveld Techno Park, Centurion, 0169","Centurion","Gauteng","","South Africa"," 0861111010","hello@fluidrockgovernance.com","http://fluidrock.co.za/","","","https://maps.google.com/?hl=en_US&cid=0x0:0x9f7dc7e6e7b5fb1c",""
"business","business","ANEW Hotel Centurion Pretoria","Cnr Gordon Hood And, Hendrik Verwoerd Dr, Centurion, 0046","Centurion","Gauteng","","South Africa"," 0120040220","","","","","https://maps.google.com/?hl=en_US&cid=0x0:0x35f8e6d82266ba85",""
"business","Business park","Westend Office Park","250 Hall St, Die Hoewes, Centurion, 0046","Centurion","Gauteng","","South Africa"," 0126833408","info@striveprop.co.za","https://striveprop.co.za/offices/westend-office-park/","","","https://maps.google.com/?hl=en_US&cid=0x0:0x36169df49c71288a",""
"business","business","N/A","","","Gauteng","","South Africa","","","","","","https://maps.google.com/?hl=en_US&cid=0x0:0x35f8e6d82266ba85%7C/g/1tgcv47r%7Cen-ZA",""
"business","Recruiter","FACT","Highgrove Office Park, 50 Tegel Ave, Highveld, Centurion, 0183","Centurion","Gauteng","","South Africa"," 0861322872","admin@factsa.co.za","http://www.factsa.co.za/","","","https://maps.google.com/?hl=en_US&cid=0x0:0x5a9c2ae75f7cbb9c",""
"business","Insurance company","Private Wealth Solutions Group","Ground Unit, 2025 Gordon Hood Rd, Centurion Central, Centurion, 0046","Centurion","Gauteng","","South Africa"," 0872655484","admin@pwsgroup.co.za","http://www.pwsgroup.co.za/","","","https://maps.google.com/?hl=en_US&cid=0x0:0xae912919b14c4487",""
"business","Business management consultant","Retail Edge Analytix Consultancy","10 Manhattan Office Park, 16 Pieter St, Highveld Techno Park, Centurion, 0169","Centurion","Gauteng","","South Africa"," 0734542434","","","","","https://maps.google.com/?hl=en_US&cid=0x0:0xd1631df21ce51c7f",""
"business","Software company","Amoeba TSC","13 Mainroad, Centurion Office Park Centurion, 0157","Centurion","Gauteng","","South Africa"," 0824625532","","https://www.amoebats.com/","","","https://maps.google.com/?hl=en_US&cid=0x0:0xcc85436a74c46fce",""
"business","Bus stop","Centurion","Die Hoewes, Centurion, 0163","Centurion","Gauteng","","South Africa","","","http://www.gautrain.co.za/about/route/stations/centurion-station/","","","https://maps.google.com/?hl=en_US&cid=0x0:0xd24929311aaac1e",""
"business","Marketing agency","We Are Centurion","8 Blackberry St, Zwartkop, Centurion, 0157","Centurion","Gauteng","","South Africa"," 0619139071","","","","","https://maps.google.com/?hl=en_US&cid=0x0:0x14538ec294a3a6cd",""
"business","Training centre","WRSETA Head Office","Hennops House, 1303 Heuwel Rd , Lenchen Ave S, Centurion Central, Centurion, 0167","Centurion","Gauteng","","South Africa"," 0126229500","wrseta@whistleblowing.co.za","http://www.wrseta.org.za/","","","https://maps.google.com/?hl=en_US&cid=0x0:0xbd6af84d65b3ade1",""
"business","Software company","CTMM Solutions","270 Witch-Hazel Street, Eco Park, Highveld, Centurion","Centurion","Gauteng","","South Africa"," 0848846656","info@ctmm-solutions.com","http://ctmm-solutions.com/","","","https://maps.google.com/?hl=en_US&cid=0x0:0xc93d6ce13c03e2c4",""
"business","Business management consultant","Cornastone","Building 26, Oxford Office Park, 3 Bauhinia St, Highveld Techno Park, Centurion, 0167","Centurion","Gauteng","","South Africa"," 0112871500","","https://www.cornastone.co.za/","","","https://maps.google.com/?hl=en_US&cid=0x0:0xb6c149c397241a5c",""
"business","business","Aspen Guest House","90 Aspen Cres, Zwartkop, Centurion, 0051","Centurion","Gauteng","","South Africa"," 0126636160","","","","","https://maps.google.com/?hl=en_US&cid=0x0:0x8baac09668f510e6",""
"business","business","0051","Centurion","Centurion","Gauteng","","South Africa","","","","","","https://maps.google.com/?hl=en_US&cid=0x0:0xde875e5dbe50afea",""
"business","Business management consultant","Watma Group","29 Ridge Cl, Brakfontein 399-Jr, Centurion, 0157","Centurion","Gauteng","","South Africa"," 0817500967","","","","","https://maps.google.com/?hl=en_US&cid=0x0:0x3568e6aee79618f1",""
"business","business","Absolut Guest Boutique","85 Akkerboom St, Zwartkop, Centurion, 0051","Centurion","Gauteng","","South Africa"," 0126431352","","http://www.absolutguest.co.za/","","","https://maps.google.com/?hl=en_US&cid=0x0:0x8a65cd436288022f",""
"business","Business management consultant","Corporate-911 (pty) ltd","17 West Rd, Mnandi AH, Centurion, 0157","Centurion","Gauteng","","South Africa"," 0825757230","","","","","https://maps.google.com/?hl=en_US&cid=0x0:0x745a13fe00a4a0ec",""
"business","Business management consultant","Quality Business Consultants","265 West Ave, Die Hoewes, Centurion, 0157","Centurion","Gauteng","","South Africa"," 0126434400","","","","","https://maps.google.com/?hl=en_US&cid=0x0:0x3303cfe541c8f389",""
"business","Software company","LINQIT SOLUTIONS (PTY) LTD |","128 Cattle Egret Road Bondev Park, Eldoraigne, Centurion, 0157","Centurion","Gauteng","","South Africa"," 0120041753","","http://linqit.co.za/","","","https://maps.google.com/?hl=en_US&cid=0x0:0xf96b447df7b2adb6",""
"business","Business management consultant","Corporate Value Consultancy","69 Breyten Street, 29 Wierda VIllage, Rooihuiskraal, Centurion, 0157","Centurion","Gauteng","","South Africa"," 0827809150","info@cvconsultancy.org","https://www.corporatevalueconsultancy.com/","","","https://maps.google.com/?hl=en_US&cid=0x0:0x6788aeaf0f7c655",""
"business","business","N/A","","","Gauteng","","South Africa","","","","","","https://maps.google.com/?hl=en_US&cid=0x0:0x2a3d8e4c376147cd",""
"business","Heritage museum","Voortrekker Monument","Eeufees Rd, Groenkloof 358-Jr, Pretoria, 0027","Pretoria","Gauteng","","South Africa"," 0123266770","besprekings@kultuurtuiste.org.za","http://www.vtm.org.za/","","","https://maps.google.com/?hl=en_US&cid=0x0:0xcde62cd96cc03094",""
"business","Business management consultant","Maimele Group","11 Blackbeard St, The Reeds, Centurion, 0061","Centurion","Gauteng","","South Africa"," 0741925410","","","","","https://maps.google.com/?hl=en_US&cid=0x0:0x6780c080238a3890",""
"business","Business management consultant","Cost Excellence (PTY) LTD","Ext 52, 90 Old Wood St, Kosmosdal, Centurion, 0157","Centurion","Gauteng","","South Africa"," 0824421638","","","","","https://maps.google.com/?hl=en_US&cid=0x0:0x9d8917e04ca0c057",""
"business","Business park","Corporate Corner","Corporate Corner Blok, 11 Marco Polo Straat, 6 Grondvloer, Highveld, Centurion, 0157","Centurion","Gauteng","","South Africa","","","","","","https://maps.google.com/?hl=en_US&cid=0x0:0x1a83cb938be213f5",""
"business","Business management consultant","Forever Business Owner Centurion","Stoneridge, Monavoni, Centurion, 0157","Centurion","Gauteng","","South Africa"," 0817031042","","","","","https://maps.google.com/?hl=en_US&cid=0x0:0x260a8646ba88b143",""
"business","Consultant","Leano Marketing and Online Business Management","53 Strandloper Ave, Rooihuiskraal, Centurion, 0175","Centurion","Gauteng","","South Africa"," 0647799149","","","","","https://maps.google.com/?hl=en_US&cid=0x0:0xb548e1cbde43e0bf",""
"business","Business management consultant","Small Business On-Track","Old Johannesburg Rd, Clubview, Centurion, 0014","Centurion","Gauteng","","South Africa"," 0836090180","","","","","https://maps.google.com/?hl=en_US&cid=0x0:0x7b23f45fb69237d5",""
"business","","Kago Development Managers (Pty)Ltd","Unit B15 Rockfields Precinct, Rooihuiskraal Rd, Rooihuiskraal North, Centurion, 0195","Centurion","Gauteng","","South Africa"," 0120041248","","","","","https://maps.google.com/?hl=en_US&cid=0x0:0xda3860f2e95d3495",""
"business","Business management consultant","Local Business Leads","23 Lapwing St, Rooihuiskraal North, Centurion, 0157","Centurion","Gauteng","","South Africa"," 0741235333","","","","","https://maps.google.com/?hl=en_US&cid=0x0:0xa9653e6d4484af20",""
"business","Business management consultant","Secrets For Business Growth","23 Avocet Ave, Rooihuiskraal, Centurion, 0154","Centurion","Gauteng","","South Africa"," 0833904859","","http://secretsforbusinessgrowth.com/","","","https://maps.google.com/?hl=en_US&cid=0x0:0x741b6d830d90a763",""
"business","Computer support and services","A-Solutions Pty Ltd Centurion","51 Adriana Cres, Rooihuiskraal, Centurion, 0154","Centurion","Gauteng","","South Africa"," 0126617903","calldesk@asolution.co.za","http://www.asolution.co.za/","","","https://maps.google.com/?hl=en_US&cid=0x0:0x73f020067b92391a",""
"business","Payroll service","Menlyn Consulting","Suite 93, Private Bag X3, The Reeds, Centurion, 0061","Centurion","Gauteng","","South Africa"," 0827873322","","","","","https://maps.google.com/?hl=en_US&cid=0x0:0xd4b83b581321ddb9",""
"business","Computer support and services","Business Connexion (Pty) Ltd.","1021 Lenchen Ave N, Centurion Central, Centurion, 0157","Centurion","Gauteng","","South Africa","","","","","","https://maps.google.com/?hl=en_US&cid=0x0:0xaffda9310c01108e",""
"business","Software company","XContent Business Solutions","20 Charles De Gaulle Cres, Highveld, Centurion, 0169","Centurion","Gauteng","","South Africa"," 0110141778","query@xcontent.com","http://xcontent.com/","","","https://maps.google.com/?hl=en_US&cid=0x0:0xae121ea76fed4169",""
"business","Business management consultant","Asakhe Business Solutions","4 Alice St, The Reeds, Centurion, 0061","Centurion","Gauteng","","South Africa"," 0733928004","","","","","https://maps.google.com/?hl=en_US&cid=0x0:0x131275d2be52da0d",""
"business","Business management consultant","Just IS","12 Gallinule St, The Reeds, Centurion, 0157","Centurion","Gauteng","","South Africa"," 0871700896","info@justis.co.za","http://justis.co.za/","","","https://maps.google.com/?hl=en_US&cid=0x0:0x1a9cf8840e6e95b2",""
"business","Corporate office","The Point Business Park","23 Sterling Rd, Samrand Business Park, Centurion, 0157","Centurion","Gauteng","","South Africa","","","","","","https://maps.google.com/?hl=en_US&cid=0x0:0xc206b4bdf92e283f",""
"business","Internet service provider","Business Sites","66 Pelican Ave, Rooihuiskraal, Centurion, 0051","Centurion","Gauteng","","South Africa"," 0812887405","","","","","https://maps.google.com/?hl=en_US&cid=0x0:0x90c673c15f6d1ad0",""
"business","business","0061","Centurion","Centurion","Gauteng","","South Africa","","","","","","https://maps.google.com/?hl=en_US&cid=0x0:0x8b14087afba50104",""
"business","Business management consultant","Maome  Associates Inc.","12 Tree Pipet Street, Rooihuiskraal, Centurion, 0157","Centurion","Gauteng","","South Africa"," 0835486701","","","","","https://maps.google.com/?hl=en_US&cid=0x0:0x71f7e0a89a8d1a79",""
"business","Engineering consultant","Seboweng Engineering Solutions","7085 Ouhout Cl, Rooihuiskraal North, Centurion, 0157","Centurion","Gauteng","","South Africa"," 0126560573","info@seboweng.com","http://seboweng.com/","","","https://maps.google.com/?hl=en_US&cid=0x0:0xcae19408da06bf59",""
"business","Business management consultant","Corporate Value Consultancy","69 Breyten Street, 29 Wierda VIllage, Rooihuiskraal, Centurion, 0157","Centurion","Gauteng","","South Africa"," 0827809150","info@cvconsultancy.org","https://www.corporatevalueconsultancy.com/","","","https://maps.google.com/?hl=en_US&cid=0x0:0x6788aeaf0f7c655",""
"business","Bus stop","Crossway Office Park","Die Hoewes, Centurion, 0163","Centurion","Gauteng","","South Africa","","","","","","https://maps.google.com/?hl=en_US&cid=0x0:0x173f4e4e5462299",""
"business","Business park","Centurion Gate Business Park","146 Akkerboom St, Zwartkop, Centurion, 0051","Centurion","Gauteng","","South Africa","","sales1@wildmancent.co.za","https://centuriongate.co.za/","","","https://maps.google.com/?hl=en_US&cid=0x0:0x6294a9003b9f542f",""
"business","Corporate office","Centurion Business Forum","245 End St, Clubview, Centurion, 0014","Centurion","Gauteng","","South Africa"," 0126646559","","","","","https://maps.google.com/?hl=en_US&cid=0x0:0xc9d696bb782e5e3c",""
"business","Business park","Centurion Office Park","1257 Embankment Rd, Zwartkop, Centurion, 0051","Centurion","Gauteng","","South Africa","","tumelom@anvilproperty.co.za","https://www.anvilproperty.co.za/commercial-property/office-space/to-rent/centurion/centurion-office-park-centurion-19","","","https://maps.google.com/?hl=en_US&cid=0x0:0x715104378f87f028",""
"business","Consultant","Bathabile Moreki","Unit 39 Olieven Plaza Cnr R55  Jakalassi Road Olievenhoutboschm, Centurion, 0157","Centurion","Gauteng","","South Africa"," 0788562521","","","","","https://maps.google.com/?hl=en_US&cid=0x0:0xdfb3d89785e67b5e",""
"business","Accountant","Bahne Business Accountants (Pty) Ltd","5 Maryland Rd, Pierre van Ryneveld Park, Centurion, 0045","Centurion","Gauteng","","South Africa"," 0722238314","","http://www.bahneba.co.za/","","","https://maps.google.com/?hl=en_US&cid=0x0:0x5a6c9b8ef708b931",""
"business","Business management consultant","EARN Business Solutions","M26, EARN, Plot 116, Knoppieslaagte 385-Jr, Centurion, 0157","Centurion","Gauteng","","South Africa"," 0126693012","info@earninternational.net","https://www.earnbizsolutions.com/","","","https://maps.google.com/?hl=en_US&cid=0x0:0x78914d2fc4125fbf",""
"business","Business management consultant","Tong-Mongalo Corporate Services","Suite 1, Ground Floor, Office, 35B Peregrine St, Amberfield Glen, Centurion, 0154","Centurion","Gauteng","","South Africa"," 0768322549","info@tmcs.co.za","http://www.tmcs.co.za/","","","https://maps.google.com/?hl=en_US&cid=0x0:0x66f4e5b52e55e1b1",""
"business","Business management consultant","SOAR Centre","Plot 446, Kings Way, Lombardi Ave, Raslouw, Centurion, 0157","Centurion","Gauteng","","South Africa"," 0822607510","","http://www.soarcentre.co.za/","","","https://maps.google.com/?hl=en_US&cid=0x0:0x300e212f7f45bb69",""
"business","Business park","Centurion Office Park","1257 Embankment Rd, Zwartkop, Centurion, 0051","Centurion","Gauteng","","South Africa","","tumelom@anvilproperty.co.za","https://www.anvilproperty.co.za/commercial-property/office-space/to-rent/centurion/centurion-office-park-centurion-19","","","https://maps.google.com/?hl=en_US&cid=0x0:0x715104378f87f028",""
"business","Business park","Centurion Gate Business Park","146 Akkerboom St, Zwartkop, Centurion, 0051","Centurion","Gauteng","","South Africa","","yasmin@seesa.co.za","https://centuriongate.co.za/","","","https://maps.google.com/?hl=en_US&cid=0x0:0x6294a9003b9f542f",""
"business","Business management consultant","B T S","267 West Ave, Lyttelton AH, Centurion, 0157","Centurion","Gauteng","","South Africa"," 0126636909","info@bts.com","http://www.bts.com/","","","https://maps.google.com/?hl=en_US&cid=0x0:0xdcf8640e69d9974f",""
"business","Business management consultant","Corporate Value Consultancy","69 Breyten Street, 29 Wierda VIllage, Rooihuiskraal, Centurion, 0157","Centurion","Gauteng","","South Africa"," 0827809150","info@cvconsultancy.org","https://www.corporatevalueconsultancy.com/","","","https://maps.google.com/?hl=en_US&cid=0x0:0x6788aeaf0f7c655",""
"business","Computer support and services","Business Connexion (Pty) Ltd.","1021 Lenchen Ave N, Centurion Central, Centurion, 0157","Centurion","Gauteng","","South Africa","","","","","","https://maps.google.com/?hl=en_US&cid=0x0:0xaffda9310c01108e",""
"business","Business management consultant","EARN Business Solutions","M26, EARN, Plot 116, Knoppieslaagte 385-Jr, Centurion, 0157","Centurion","Gauteng","","South Africa"," 0126693012","info@earninternational.net","https://www.earnbizsolutions.com/","","","https://maps.google.com/?hl=en_US&cid=0x0:0x78914d2fc4125fbf",""
"business","Insurance company","Private Wealth Solutions Group","Ground Unit, 2025 Gordon Hood Rd, Centurion Central, Centurion, 0046","Centurion","Gauteng","","South Africa"," 0872655484","admin@pwsgroup.co.za","http://www.pwsgroup.co.za/","","","https://maps.google.com/?hl=en_US&cid=0x0:0xae912919b14c4487",""
"business","Computer support and services","A-Solutions Pty Ltd Centurion","51 Adriana Cres, Rooihuiskraal, Centurion, 0154","Centurion","Gauteng","","South Africa"," 0126617903","calldesk@asolution.co.za","http://www.asolution.co.za/","","","https://maps.google.com/?hl=en_US&cid=0x0:0x73f020067b92391a",""
"business","Software company","Fourier-E","Block 4 - Unit 18, Falcon Crest Office Park, 142 South St, Die Hoewes, Centurion, 0157","Centurion","Gauteng","","South Africa"," 0126673232","EmailGrowth@fourier.co.za","https://fourier-e.co.za/","","","https://maps.google.com/?hl=en_US&cid=0x0:0xd8a1d165c630972f",""
"business","Corporate office","Centurion Business Forum","245 End St, Clubview, Centurion, 0014","Centurion","Gauteng","","South Africa"," 0126646559","","","","","https://maps.google.com/?hl=en_US&cid=0x0:0xc9d696bb782e5e3c",""
"business","Geological service","VBKOM","95 Lyttelton Rd, Clubview, Centurion, 0014","Centurion","Gauteng","","South Africa"," 0126540004","info@vbkom.com","http://www.vbkom.com/","","","https://maps.google.com/?hl=en_US&cid=0x0:0xdbd865fba8b9ba5b",""
"business","Software company","Enhanced Business Solutions cc","554 Main Rd, Erasmia, Centurion, 0183","Centurion","Gauteng","","South Africa"," 0126540249","","http://www.eb-solutions.co.za/","","","https://maps.google.com/?hl=en_US&cid=0x0:0x9aeb83e066b89e45",""
"business","Software company","Centbiz - Multipurpose Computer Technology Company","X18, 6 Oudtshoorn St, Eldoraigne, Centurion, 0157","Centurion","Gauteng","","South Africa"," 0608344447","francois@centbiz.co.za","https://centbiz.co.za/","","","https://maps.google.com/?hl=en_US&cid=0x0:0xf9cbe4bebb67eeb9",""
"business","Accountant","Bahne Business Accountants (Pty) Ltd","5 Maryland Rd, Pierre van Ryneveld Park, Centurion, 0045","Centurion","Gauteng","","South Africa"," 0722238314","","http://www.bahneba.co.za/","","","https://maps.google.com/?hl=en_US&cid=0x0:0x5a6c9b8ef708b931",""
"business","Business management consultant","DISCON Specialists","Falcon Crest Office Park, Grasdak, 142 South St, Doringkloof, Centurion, 0157","Centurion","Gauteng","","South Africa"," 0126675975","info@discon.co.za","https://www.disconspecialists.com/","","","https://maps.google.com/?hl=en_US&cid=0x0:0x4f1d7bd5658e201d",""
"business","Recruiter","FACT","Highgrove Office Park, 50 Tegel Ave, Highveld, Centurion, 0183","Centurion","Gauteng","","South Africa"," 0861322872","admin@factsa.co.za","http://www.factsa.co.za/","","","https://maps.google.com/?hl=en_US&cid=0x0:0x5a9c2ae75f7cbb9c",""
"business","business","Centurion","","Centurion","Gauteng","","South Africa","","","","","","https://maps.google.com/?hl=en_US&cid=0x0:0x474f6dba7062227f",""
"business","Accountant","Register Your Business (Pty) Ltd","5 Saxby Ave, West, Centurion, 0157","Centurion","Gauteng","","South Africa"," 0126601822","info@registeryourbusiness.co.za","http://www.registeryourbusiness.co.za/","","","https://maps.google.com/?hl=en_US&cid=0x0:0x516d72e345e6d1a4",""
"business","Money transfer service","Hello Group, Centurion Gate Office Par, Centurion, Gauteng","124 Akkerboom St, Zwartkop, Centurion, 0051","Centurion","Gauteng","","South Africa"," 0128800439","info@hellogroup.co.za","http://hellogroup.co.za/","","","https://maps.google.com/?hl=en_US&cid=0x0:0x1fe7d4da6cebc0c0",""
"business","Business management consultant","Maluti-X","Spaces, Byls Bridge, and, Spaces, Jean Ave, Doringkloof, Centurion","Centurion","Gauteng","","South Africa"," 0718502137","info@maluti-x.com","http://maluti-x.com/","","","https://maps.google.com/?hl=en_US&cid=0x0:0x510f31e120ca13f5",""
"business","Business management consultant","LJL Business Solutions","17 Viking Rd, Valhalla, Centurion, 0185","Centurion","Gauteng","","South Africa"," 0871636353","info@ljlbusiness-solutions.com","https://ljlbusiness-solutions.com/","","","https://maps.google.com/?hl=en_US&cid=0x0:0x8239afce35fc2759",""
"business","Internet marketing service","ROCO Online Marketing","The Gables Centre, Ivan Ave, Hennopspark, Centurion, 0172","Centurion","Gauteng","","South Africa"," 0795195835","info@rocomarketing.co.za","https://www.rocomarketing.co.za/","","","https://maps.google.com/?hl=en_US&cid=0x0:0x61f6786ddb986915",""
"business","Truck dealer","SAC Commercial Parts Centurion | Head Office","Highway Business Park, 97 Park Ave, Rooihuiskraal, Centurion, 0157","Centurion","Gauteng","","South Africa"," 0870940603","parts.wel@sactrucks.co.za","https://www.sactrucks.co.za/","","","https://maps.google.com/?hl=en_US&cid=0x0:0xfc70196e15bd8ad1",""
"business","Transportation service","ST Business Solutions (Pty) Ltd","22 Baystone, Heuwelsig Estate, Centurion, 0157","Centurion","Gauteng","","South Africa"," 0836082828","","","","","https://maps.google.com/?hl=en_US&cid=0x0:0xc48c104d6904ffb3",""
"business","Accounting firm","Bevolve Business Evolution","80 Lyttelton Rd, Clubview, Centurion, 0157","Centurion","Gauteng","","South Africa"," 0120040578","sales@bevolve.co.za","http://www.bevolve.co.za/","","","https://maps.google.com/?hl=en_US&cid=0x0:0x6d143dba1fd8fe93",""
"business","Engineering consultant","SecMet (Pty) Ltd - Centurion Branch","55 Ireland Ave, Eldoraigne, Centurion, 0157","Centurion","Gauteng","","South Africa"," 0126444680","","http://secmet.co.za/","","","https://maps.google.com/?hl=en_US&cid=0x0:0x1f596ec324d45262",""
"business","Business management consultant","FluidRock Governance Group (Pty) Ltd","Unit 5, Berkley Office Park, 8 Bauhinia St, Highveld Techno Park, Centurion, 0169","Centurion","Gauteng","","South Africa"," 0861111010","hello@fluidrockgovernance.com","http://fluidrock.co.za/","","","https://maps.google.com/?hl=en_US&cid=0x0:0x9f7dc7e6e7b5fb1c",""
"business","Training centre","WWISE","254 Hall Street Westend Office Park, Building 2, Second floor, Die Hoewes, Centurion, 0163","Centurion","Gauteng","","South Africa"," 0861099473","admin@wwise.co.za","http://www.wwise.co.za/","","","https://maps.google.com/?hl=en_US&cid=0x0:0x85444fa8deec5539",""
"business","Accounting firm","Bevolve Business Evolution","80 Lyttelton Rd, Clubview, Centurion, 0157","Centurion","Gauteng","","South Africa"," 0120040578","sales@bevolve.co.za","http://www.bevolve.co.za/","","","https://maps.google.com/?hl=en_US&cid=0x0:0x6d143dba1fd8fe93",""
"business","Professional association","Moyo","Building D, 242 on Jean Office Park, 242 Jean Ave, Die Hoewes, Centurion, 0157","Centurion","Gauteng","","South Africa"," 0126641392","","https://www.moyoafrica.com/","","","https://maps.google.com/?hl=en_US&cid=0x0:0xd5ceb5f6447a5329",""
"business","Corporate office","Centurion Business Forum","245 End St, Clubview, Centurion, 0014","Centurion","Gauteng","","South Africa"," 0126646559","","","","","https://maps.google.com/?hl=en_US&cid=0x0:0xc9d696bb782e5e3c",""
"business","Lawyer","Coetzee Dickinson Incorporated","244 Jean Avenue, Norma Jean Office Park Unit 12, Die Hoewes, Centurion, 0157","Centurion","Gauteng","","South Africa"," 0126641699","","","","","https://maps.google.com/?hl=en_US&cid=0x0:0x66b99bb3a93b7e51",""
"business","Business management consultant","Sibusile Consulting (Pty) Ltd","Cnr Rabie str  Glover ave, Waterford Court Office Park, Lyttelton Manor, Centurion, 0157","Centurion","Gauteng","","South Africa"," 0780015465","","","","","https://maps.google.com/?hl=en_US&cid=0x0:0x636eead6099308a2",""
"business","Software company","CORPORATE ASTUTE GROUP (PTY) LTD","206 Von Willich Ave, Lyttelton AH, Centurion, 0157","Centurion","Gauteng","","South Africa"," 0795524659","","","","","https://maps.google.com/?hl=en_US&cid=0x0:0x2e2c86cab454ba43",""
"business","Consultant","Laros Consulting (Pty) Ltd","House - Unit D, Porta Group, 54 Lyttelton Rd, Clubview, Centurion, 0157","Centurion","Gauteng","","South Africa"," 0129421752","admin@larosconsulting.co.za","http://www.larosconsulting.co.za/","","","https://maps.google.com/?hl=en_US&cid=0x0:0x618662e67ca56774",""
"business","Legal services","NFC Attorneys","Block B11, Waterford Court, 234 Glover Ave, Die Hoewes, Centurion, 0163","Centurion","Gauteng","","South Africa"," 0126641617","info@nfcattorneys.co.za","http://nfcattorneys.co.za/","","","https://maps.google.com/?hl=en_US&cid=0x0:0x111bd93fac3e8230",""
"business","Accountant","Business Partners","Central Office Pk, 256 Jean Ave, Highlands, Centurion, 2198","Centurion","Gauteng","","South Africa"," 0126643397","","","","","https://maps.google.com/?hl=en_US&cid=0x0:0xeed0d0151fae052c",""
"business","Software company","Centbiz - Multipurpose Computer Technology Company","X18, 6 Oudtshoorn St, Eldoraigne, Centurion, 0157","Centurion","Gauteng","","South Africa"," 0608344447","francois@centbiz.co.za","https://centbiz.co.za/","","","https://maps.google.com/?hl=en_US&cid=0x0:0xf9cbe4bebb67eeb9",""
"business","Engineering consultant","Endecon Ubuntu (Pty) Ltd","257 Jean Ave, Die Hoewes, Centurion, 0157","Centurion","Gauteng","","South Africa"," 0126646770","ubuntu@endecon.co.za","http://endeconubuntu.co.za/","","","https://maps.google.com/?hl=en_US&cid=0x0:0xec8d20439b56564",""
"business","Computer support and services","Business Connexion (Pty) Ltd.","1021 Lenchen Ave N, Centurion Central, Centurion, 0157","Centurion","Gauteng","","South Africa","","","","","","https://maps.google.com/?hl=en_US&cid=0x0:0xaffda9310c01108e",""
"business","Consultant","FOCUS GROUP","138 Roedolf Ave, Clubview, Pretoria, 0158","Pretoria","Gauteng","","South Africa","","","http://focus-africa.org/","","","https://maps.google.com/?hl=en_US&cid=0x0:0x67ec09cdc06fb446",""
"business","Software company","ICE Holdings","Unit A, Porta Group House, 54 Lyttelton Rd, Clubview, Centurion, 0157","Centurion","Gauteng","","South Africa"," 0647562043","info@iceholdings.co.za","http://www.iceholdings.co.za/","","","https://maps.google.com/?hl=en_US&cid=0x0:0xbcf2e8cd09dd4fc4",""
"business","Business management consultant","Transiedoc","Suite No. 1C, Clubview Forum Building, 58 Columbia Rd, Clubview, Centurion, 0014","Centurion","Gauteng","","South Africa"," 0835604877","","","","","https://maps.google.com/?hl=en_US&cid=0x0:0x515d4378590af081",""
"business","Software company","Fourier-E","Block 4 - Unit 18, Falcon Crest Office Park, 142 South St, Die Hoewes, Centurion, 0157","Centurion","Gauteng","","South Africa"," 0126673232","EmailGrowth@fourier.co.za","https://fourier-e.co.za/","","","https://maps.google.com/?hl=en_US&cid=0x0:0xd8a1d165c630972f",""
"business","Employment agency","Exponant","Building 32, Oxford Office Park, 3 Bauhinia Street, Highveld, Centurion, 0157","Centurion","Gauteng","","South Africa"," 0126630100","info@exponant.com","http://www.exponant.com/","","","https://maps.google.com/?hl=en_US&cid=0x0:0x8f40d8ada0e51335",""
"business","Business management consultant","SNG ARGEN Actuarial Solutions - Centurion","Building B, Westend Office Park, 250 Hall St, Die Hoewes, Centurion, 0157","Centurion","Gauteng","","South Africa"," 0126430222","","http://www.sng-argen.com/","","","https://maps.google.com/?hl=en_US&cid=0x0:0xdc44c64a54d8fb78",""
"business","business","0140","Lyttelton AH, Centurion","Centurion","Gauteng","","South Africa","","","","","","https://maps.google.com/?hl=en_US&cid=0x0:0xbcbe67c6bf44c0f5",""
"business","Training centre","WWISE","254 Hall Street Westend Office Park, Building 2, Second floor, Die Hoewes, Centurion, 0163","Centurion","Gauteng","","South Africa"," 0861099473","admin@wwise.co.za","http://www.wwise.co.za/","","","https://maps.google.com/?hl=en_US&cid=0x0:0x85444fa8deec5539",""
"business","Business management consultant","EARN Business Solutions","M26, EARN, Plot 116, Knoppieslaagte 385-Jr, Centurion, 0157","Centurion","Gauteng","","South Africa"," 0126693012","info@earninternational.net","https://www.earnbizsolutions.com/","","","https://maps.google.com/?hl=en_US&cid=0x0:0x78914d2fc4125fbf",""
"business","Business management consultant","Corporate Value Consultancy","69 Breyten Street, 29 Wierda VIllage, Rooihuiskraal, Centurion, 0157","Centurion","Gauteng","","South Africa"," 0827809150","info@cvconsultancy.org","https://www.corporatevalueconsultancy.com/","","","https://maps.google.com/?hl=en_US&cid=0x0:0x6788aeaf0f7c655",""
"business","Software company","Is Where Business Is Made and Logistics name changed to Group 3I","6 Wildekastaiing Ave, Heuweloord, Centurion, 0173","Centurion","Gauteng","","South Africa"," 0623296257","","","","","https://maps.google.com/?hl=en_US&cid=0x0:0x6317597f94c48e9f",""
"business","business","N/A","","","Gauteng","","South Africa"," 0662999940","leana@geared2solve.co.za","https://geared2solve.co.za/","","","https://maps.google.com/?hl=en_US&cid=0x0:0xd302dd8e8b286bc7",""
"business","Business park","Centurion Gate Business Park","146 Akkerboom St, Zwartkop, Centurion, 0051","Centurion","Gauteng","","South Africa","","fishmonger.fishmonger9@gmail.com","https://centuriongate.co.za/","","","https://maps.google.com/?hl=en_US&cid=0x0:0x6294a9003b9f542f",""
"business","business","N/A","","","Gauteng","","South Africa"," 0794690302","","","","","https://maps.google.com/?hl=en_US&cid=0x0:0xc6ccff137726ecf6",""
"business","Consultant","Bathabile Moreki","Unit 39 Olieven Plaza Cnr R55  Jakalassi Road Olievenhoutboschm, Centurion, 0157","Centurion","Gauteng","","South Africa"," 0788562521","","","","","https://maps.google.com/?hl=en_US&cid=0x0:0xdfb3d89785e67b5e",""
"business","Business park","Centurion Office Park","1257 Embankment Rd, Zwartkop, Centurion, 0051","Centurion","Gauteng","","South Africa","","tumelom@anvilproperty.co.za","https://www.anvilproperty.co.za/commercial-property/office-space/to-rent/centurion/centurion-office-park-centurion-19","","","https://maps.google.com/?hl=en_US&cid=0x0:0x715104378f87f028",""
"business","Business management consultant","Tong-Mongalo Corporate Services","Suite 1, Ground Floor, Office, 35B Peregrine St, Amberfield Glen, Centurion, 0154","Centurion","Gauteng","","South Africa"," 0768322549","info@tmcs.co.za","http://www.tmcs.co.za/","","","https://maps.google.com/?hl=en_US&cid=0x0:0x66f4e5b52e55e1b1",""
"business","Engineering consultant","Experto BDM Services","52 Lancelot, 106, Reddersburg St, Rooihuiskraal North, Centurion, 0157","Centurion","Gauteng","","South Africa"," 0832658013","","http://www.expertoconsulting.co.za/","","","https://maps.google.com/?hl=en_US&cid=0x0:0x7441af2a985e7733",""
"business","Business management consultant","Tong-Mongalo Corporate Services","Suite 1, Ground Floor, Office, 35B Peregrine St, Amberfield Glen, Centurion, 0154","Centurion","Gauteng","","South Africa"," 0768322549","info@tmcs.co.za","http://www.tmcs.co.za/","","","https://maps.google.com/?hl=en_US&cid=0x0:0x66f4e5b52e55e1b1",""
"business","Business management consultant","Corporate Value Consultancy","69 Breyten Street, 29 Wierda VIllage, Rooihuiskraal, Centurion, 0157","Centurion","Gauteng","","South Africa"," 0827809150","info@cvconsultancy.org","https://www.corporatevalueconsultancy.com/","","","https://maps.google.com/?hl=en_US&cid=0x0:0x6788aeaf0f7c655",""
"business","business","N/A","","","Gauteng","","South Africa"," 0794690302","","","","","https://maps.google.com/?hl=en_US&cid=0x0:0xc6ccff137726ecf6",""
"business","","ETC Solutions","36 Assegaai Wood Rd, Rooihuiskraal, Centurion, 0157","Centurion","Gauteng","","South Africa"," 0110832000","","","","","https://maps.google.com/?hl=en_US&cid=0x0:0x52d76a9fc9b1ab0b",""
"business","Computer support and services","Business Connexion (Pty) Ltd.","1021 Lenchen Ave N, Centurion Central, Centurion, 0157","Centurion","Gauteng","","South Africa","","","","","","https://maps.google.com/?hl=en_US&cid=0x0:0xaffda9310c01108e",""
"business","Software company","Is Where Business Is Made and Logistics name changed to Group 3I","6 Wildekastaiing Ave, Heuweloord, Centurion, 0173","Centurion","Gauteng","","South Africa"," 0623296257","","","","","https://maps.google.com/?hl=en_US&cid=0x0:0x6317597f94c48e9f",""
"business","Accountant","AGA Financial Services","7289 Kaikawaka Cl, Amberfield Valley, Centurion, 0157","Centurion","Gauteng","","South Africa"," 0120065345","","","","","https://maps.google.com/?hl=en_US&cid=0x0:0x3f147dffa667ff15",""
"business","Accountant","Register Your Business (Pty) Ltd","5 Saxby Ave, West, Centurion, 0157","Centurion","Gauteng","","South Africa"," 0126601822","info@registeryourbusiness.co.za","http://www.registeryourbusiness.co.za/","","","https://maps.google.com/?hl=en_US&cid=0x0:0x516d72e345e6d1a4",""
"business","business","Brand Maven","Sparrowhawk St, Amberfield Crest, Centurion, 0157","Centurion","Gauteng","","South Africa","","","","","","https://maps.google.com/?hl=en_US&cid=0x0:0x5f7635577159ea8e",""
"business","Marketing agency","Kreatiev","50A Wahlberg Eagle St, Amberfield Crest, Centurion, 0149","Centurion","Gauteng","","South Africa"," 0823205449","","","","","https://maps.google.com/?hl=en_US&cid=0x0:0x41b67f2d72893f3f",""
"business","Business management consultant","148 NT PROJECTS","X21, 30 Aleppo Cres, Rooihuiskraal North, Centurion, 0157","Centurion","Gauteng","","South Africa"," 0865995601","","","","","https://maps.google.com/?hl=en_US&cid=0x0:0x458ab6a27b27a61e",""
"business","Computer support and services","ASG - IT Support Company - Centurion","29 Tshiomate Cl, Rooihuiskraal North, Centurion, 0154","Centurion","Gauteng","","South Africa"," 0119757521","sales@asg.co.za","https://www.asg.co.za/","","","https://maps.google.com/?hl=en_US&cid=0x0:0x7d166406b1beab04",""
"business","Computer support and services","A-Solutions Pty Ltd Centurion","51 Adriana Cres, Rooihuiskraal, Centurion, 0154","Centurion","Gauteng","","South Africa"," 0126617903","calldesk@asolution.co.za","http://www.asolution.co.za/","","","https://maps.google.com/?hl=en_US&cid=0x0:0x73f020067b92391a",""
"business","Law firm","Awie Moolman Attorneys.","17 Louisa Rd, Raslouw AH, Centurion, 0157","Centurion","Gauteng","","South Africa"," 0126568843","","","","","https://maps.google.com/?hl=en_US&cid=0x0:0xfe5181e1af369f2b",""
"business","Engineering consultant","Seboweng Engineering Solutions","7085 Ouhout Cl, Rooihuiskraal North, Centurion, 0157","Centurion","Gauteng","","South Africa"," 0126560573","info@seboweng.com","http://seboweng.com/","","","https://maps.google.com/?hl=en_US&cid=0x0:0xcae19408da06bf59",""
"business","Shopping mall","Byls Bridge Office Park","Cnr Olievenhoutbosch and, Jean Ave, Doringkloof, Centurion, 0062","Centurion","Gauteng","","South Africa"," 0126768500","info@m-t.co.za","https://m-t.co.za/houses/byls-bridge-office-park/","","","https://maps.google.com/?hl=en_US&cid=0x0:0xd8c46e19dec3c4de",""
"business","Consultant","Leano Marketing and Online Business Management","53 Strandloper Ave, Rooihuiskraal, Centurion, 0175","Centurion","Gauteng","","South Africa"," 0647799149","","","","","https://maps.google.com/?hl=en_US&cid=0x0:0xb548e1cbde43e0bf",""
"business","business","0149","Centurion","Centurion","Gauteng","","South Africa","","","","","","https://maps.google.com/?hl=en_US&cid=0x0:0xf96450e0ee664089",""
"business","Sign shop","Redbean Projects  Signage - Sign Company - Gauteng","14 Hobhouse St, Centurion, 0149","Centurion","Gauteng","","South Africa"," 0126569802","info@redbeanprojects.co.za","https://redbeanprojects.co.za/","","","https://maps.google.com/?hl=en_US&cid=0x0:0x8a1cb407a35f6650",""
"business","Software company","Enhanced Business Solutions cc","554 Main Rd, Erasmia, Centurion, 0183","Centurion","Gauteng","","South Africa"," 0126540249","","http://www.eb-solutions.co.za/","","","https://maps.google.com/?hl=en_US&cid=0x0:0x9aeb83e066b89e45",""
"business","Accounting firm","Bevolve Business Evolution","80 Lyttelton Rd, Clubview, Centurion, 0157","Centurion","Gauteng","","South Africa"," 0120040578","sales@bevolve.co.za","http://www.bevolve.co.za/","","","https://maps.google.com/?hl=en_US&cid=0x0:0x6d143dba1fd8fe93",""
"business","Business park","Gateway Industrial Park","41 Adriana Cres, Rooihuiskraal, Centurion, 0154","Centurion","Gauteng","","South Africa","","","","","","https://maps.google.com/?hl=en_US&cid=0x0:0x567a620595d5e294",""
"business","Business to business service","EARN - Enterprising Africa Regional Network","M26, EARN, Plot 116, Knoppieslaagte 385-Jr, Centurion, 0157","Centurion","Gauteng","","South Africa"," 0126693012","info@earninternational.net","https://www.earninternational.net/","","","https://maps.google.com/?hl=en_US&cid=0x0:0x6f51e457e2905218",""
"business","Business management consultant","Maluti-X","Spaces, Byls Bridge, and, Spaces, Jean Ave, Doringkloof, Centurion","Centurion","Gauteng","","South Africa"," 0718502137","info@maluti-x.com","http://maluti-x.com/","","","https://maps.google.com/?hl=en_US&cid=0x0:0x510f31e120ca13f5",""
"business","Business management consultant","LJL Business Solutions","17 Viking Rd, Valhalla, Centurion, 0185","Centurion","Gauteng","","South Africa"," 0871636353","info@ljlbusiness-solutions.com","https://ljlbusiness-solutions.com/","","","https://maps.google.com/?hl=en_US&cid=0x0:0x8239afce35fc2759",""
"business","Business management consultant","B T S","267 West Ave, Lyttelton AH, Centurion, 0157","Centurion","Gauteng","","South Africa"," 0126636909","info@bts.com","http://www.bts.com/","","","https://maps.google.com/?hl=en_US&cid=0x0:0xdcf8640e69d9974f",""
"business","Geological service","VBKOM","95 Lyttelton Rd, Clubview, Centurion, 0014","Centurion","Gauteng","","South Africa"," 0126540004","info@vbkom.com","http://www.vbkom.com/","","","https://maps.google.com/?hl=en_US&cid=0x0:0xdbd865fba8b9ba5b",""
"business","Training centre","WWISE","254 Hall Street Westend Office Park, Building 2, Second floor, Die Hoewes, Centurion, 0163","Centurion","Gauteng","","South Africa"," 0861099473","admin@wwise.co.za","http://www.wwise.co.za/","","","https://maps.google.com/?hl=en_US&cid=0x0:0x85444fa8deec5539",""
"business","Business management consultant","EARN Business Solutions","M26, EARN, Plot 116, Knoppieslaagte 385-Jr, Centurion, 0157","Centurion","Gauteng","","South Africa"," 0126693012","info@earninternational.net","https://www.earnbizsolutions.com/","","","https://maps.google.com/?hl=en_US&cid=0x0:0x78914d2fc4125fbf",""
"business","Business to business service","Limeroc Business Park","Limeroc Business Park, Knoppieslaagte 385-Jr, Centurion, 0157","Centurion","Gauteng","","South Africa"," 0744400777","info@limeroc.co.za","http://www.limeroc.co.za/","","","https://maps.google.com/?hl=en_US&cid=0x0:0x383f74d5d2c706a1",""
"business","Business park","Centurion Gate Business Park","146 Akkerboom St, Zwartkop, Centurion, 0051","Centurion","Gauteng","","South Africa","","yasmin@seesa.co.za","https://centuriongate.co.za/","","","https://maps.google.com/?hl=en_US&cid=0x0:0x6294a9003b9f542f",""
"business","Recruiter","FACT","Highgrove Office Park, 50 Tegel Ave, Highveld, Centurion, 0183","Centurion","Gauteng","","South Africa"," 0861322872","admin@factsa.co.za","http://www.factsa.co.za/","","","https://maps.google.com/?hl=en_US&cid=0x0:0x5a9c2ae75f7cbb9c",""
"business","Business park","Centurion Office Park","1257 Embankment Rd, Zwartkop, Centurion, 0051","Centurion","Gauteng","","South Africa","","tumelom@anvilproperty.co.za","https://www.anvilproperty.co.za/commercial-property/office-space/to-rent/centurion/centurion-office-park-centurion-19","","","https://maps.google.com/?hl=en_US&cid=0x0:0x715104378f87f028",""
"business","Computer support and services","A-Solutions Pty Ltd Centurion","51 Adriana Cres, Rooihuiskraal, Centurion, 0154","Centurion","Gauteng","","South Africa"," 0126617903","calldesk@asolution.co.za","http://www.asolution.co.za/","","","https://maps.google.com/?hl=en_US&cid=0x0:0x73f020067b92391a",""
"business","Computer support and services","Incasu (Pty) Ltd","Block A, Bondev Office Park, Corner of Wierda Drive and, Willem Botha Dr, Road, Centurion, 0157","Centurion","Gauteng","","South Africa"," 0126580018","info@incasu.co.za","https://incasu.co.za/","","","https://maps.google.com/?hl=en_US&cid=0x0:0xdc7c368b1f7d45b",""
"business","Computer support and services","AO Technology Group (Pty) Ltd","Building 2 and 3, Ground Floor, Centurion Gate Office Park, 1951 Akkerboom St, Zwartkop, Centurion, 0157","Centurion","Gauteng","","South Africa"," 0120351530","info@aogroup.co.za","https://www.weareao.group/","","","https://maps.google.com/?hl=en_US&cid=0x0:0x6b7d83ba86b9ee3e",""
"business","Business management consultant","FABCOS","Southdowns Ridge Office Park, John Vorster Dr, Irene, Centurion, 0157","Centurion","Gauteng","","South Africa"," 0870950272","","","","","https://maps.google.com/?hl=en_US&cid=0x0:0x8e17e16dc8655e3b",""
"business","Business management consultant","B T S","267 West Ave, Lyttelton AH, Centurion, 0157","Centurion","Gauteng","","South Africa"," 0126636909","info@bts.com","http://www.bts.com/","","","https://maps.google.com/?hl=en_US&cid=0x0:0xdcf8640e69d9974f",""
"business","Business park","Corporate Corner","Corporate Corner Blok, 11 Marco Polo Straat, 6 Grondvloer, Highveld, Centurion, 0157","Centurion","Gauteng","","South Africa","","","","","","https://maps.google.com/?hl=en_US&cid=0x0:0x1a83cb938be213f5",""
"business","Software company","XContent Business Solutions","20 Charles De Gaulle Cres, Highveld, Centurion, 0169","Centurion","Gauteng","","South Africa"," 0110141778","query@xcontent.com","http://xcontent.com/","","","https://maps.google.com/?hl=en_US&cid=0x0:0xae121ea76fed4169",""
"business","Engineering consultant","SecMet (Pty) Ltd - Centurion Branch","55 Ireland Ave, Eldoraigne, Centurion, 0157","Centurion","Gauteng","","South Africa"," 0126444680","","http://secmet.co.za/","","","https://maps.google.com/?hl=en_US&cid=0x0:0x1f596ec324d45262",""
"business","Corporate office","N1 Industrial Park","79 Landmarks Ave, Samrand Business Park, Centurion, 0187","Centurion","Gauteng","","South Africa","","","","","","https://maps.google.com/?hl=en_US&cid=0x0:0x511fa299e8e0004f",""
"business","Software company","Conor Solutions (Pty) Ltd","21 Karee Street, Southdowns Office Park, Unit 4, 1st Fl, Block C, South Downs, Centurion, 0062","Centurion","Gauteng","","South Africa"," 0121117776","","http://www.conor.co.za/","","","https://maps.google.com/?hl=en_US&cid=0x0:0x3cac01439cc23bb2",""
"business","Corporate office","Centurion Business Forum","245 End St, Clubview, Centurion, 0014","Centurion","Gauteng","","South Africa"," 0126646559","","","","","https://maps.google.com/?hl=en_US&cid=0x0:0xc9d696bb782e5e3c",""
"business","Engineer","EHL Engineering Group","Corporate Park, 72 Regency Dr, Route 21 Business Park, Centurion, 0157","Centurion","Gauteng","","South Africa"," 0113707400","info@ehl.co.za","http://www.ehl.co.za/","","","https://maps.google.com/?hl=en_US&cid=0x0:0x81fbe8d3d1feeada",""
"business","business","0157","Centurion","Centurion","Gauteng","","South Africa","","","","","","https://maps.google.com/?hl=en_US&cid=0x0:0x58c7109c0c7fab69",""
"business","Software company","Centbiz - Multipurpose Computer Technology Company","X18, 6 Oudtshoorn St, Eldoraigne, Centurion, 0157","Centurion","Gauteng","","South Africa"," 0608344447","francois@centbiz.co.za","https://centbiz.co.za/","","","https://maps.google.com/?hl=en_US&cid=0x0:0xf9cbe4bebb67eeb9",""
"business","Business management consultant","Sibusile Consulting (Pty) Ltd","Cnr Rabie str  Glover ave, Waterford Court Office Park, Lyttelton Manor, Centurion, 0157","Centurion","Gauteng","","South Africa"," 0780015465","","","","","https://maps.google.com/?hl=en_US&cid=0x0:0x636eead6099308a2",""
"business","Accountant","Bahne Business Accountants (Pty) Ltd","5 Maryland Rd, Pierre van Ryneveld Park, Centurion, 0045","Centurion","Gauteng","","South Africa"," 0722238314","","http://www.bahneba.co.za/","","","https://maps.google.com/?hl=en_US&cid=0x0:0x5a6c9b8ef708b931",""
"business","Business management consultant","Business Development Factory","3 Grassmoor, Spotlewerik Street, Heuwilsig Estate, Celtisdal, Centurion, Pretoria, 0157","Pretoria","Gauteng","","South Africa"," 0743290435","","","","","https://maps.google.com/?hl=en_US&cid=0x0:0x2d724468cde1a13",""
"business","Software company","CORPORATE ASTUTE GROUP (PTY) LTD","206 Von Willich Ave, Lyttelton AH, Centurion, 0157","Centurion","Gauteng","","South Africa"," 0795524659","","","","","https://maps.google.com/?hl=en_US&cid=0x0:0x2e2c86cab454ba43",""
"business","Training centre","WWISE","254 Hall Street Westend Office Park, Building 2, Second floor, Die Hoewes, Centurion, 0163","Centurion","Gauteng","","South Africa"," 0861099473","admin@wwise.co.za","http://www.wwise.co.za/","","","https://maps.google.com/?hl=en_US&cid=0x0:0x85444fa8deec5539",""
"business","Internet marketing service","Pocket Business","Southdowns Ridge Office Park Cnr John Vorster, Nellmapius Dr, , Centurion, 0157","Centurion","Gauteng","","South Africa"," 0600483757","talk2us@mail.pocket-business.app","https://www.pocket-business.app/","","","https://maps.google.com/?hl=en_US&cid=0x0:0xb6867578a2afa188",""
"business","Software company","Enhanced Business Solutions cc","554 Main Rd, Erasmia, Centurion, 0183","Centurion","Gauteng","","South Africa"," 0126540249","","http://www.eb-solutions.co.za/","","","https://maps.google.com/?hl=en_US&cid=0x0:0x9aeb83e066b89e45",""
"business","Advertising agency","OnlineBusinessPlans","30 Lanzerac, 140 Basden Ave, Centurion, 0157","Centurion","Gauteng","","South Africa"," 0814770053","","","","","https://maps.google.com/?hl=en_US&cid=0x0:0xbbcf4cf929bb74fc",""
"business","Engineering consultant","PWY Consulting","155 River Rd, Lyttelton Manor, Centurion, 0157","Centurion","Gauteng","","South Africa"," 0126652386","info@pwy.co.za","http://pwy.co.za/","","","https://maps.google.com/?hl=en_US&cid=0x0:0x8fe044095648a880",""
"business","Office equipment supplier","Daisy Business Solutions Centurion Branch | COPIERS - PABX - CCTV","Building B, 1st floor, 274 Stokkiesdraai St, Erasmusrand, Pretoria, 0169","Pretoria","Gauteng","","South Africa"," 0126633864","info@daisy-gp.co.za","http://www.daisysolutions.co.za/","","","https://maps.google.com/?hl=en_US&cid=0x0:0xcc967a450c0eb10c",""
"business","Software company","Is Where Business Is Made and Logistics name changed to Group 3I","6 Wildekastaiing Ave, Heuweloord, Centurion, 0173","Centurion","Gauteng","","South Africa"," 0623296257","","","","","https://maps.google.com/?hl=en_US&cid=0x0:0x6317597f94c48e9f",""
"business","Business management consultant","Supply Chain Partner - South Africa","and, Southdowns Ridge Office Park Cnr John Vorster, Nellmapius Dr, Centurion, 0157","Centurion","Gauteng","","South Africa"," 08611787759","info@supplychainpartner.com","http://www.supplychainpartner.com/","","","https://maps.google.com/?hl=en_US&cid=0x0:0x298b62453eeb116e",""
"business","Business park","Highway Businesspark","South Avenue, 35 Park Ave, Rooihuiskraal, Centurion, 0154","Centurion","Gauteng","","South Africa"," 0872366204","","","","","https://maps.google.com/?hl=en_US&cid=0x0:0x471205580bda4203",""
"business","Business management consultant","EARN Business Solutions","M26, EARN, Plot 116, Knoppieslaagte 385-Jr, Centurion, 0157","Centurion","Gauteng","","South Africa"," 0126693012","info@earninternational.net","https://www.earnbizsolutions.com/","","","https://maps.google.com/?hl=en_US&cid=0x0:0x78914d2fc4125fbf",""
"business","Business management consultant","Business Development Factory","3 Grassmoor, Spotlewerik Street, Heuwilsig Estate, Celtisdal, Centurion, Pretoria, 0157","Pretoria","Gauteng","","South Africa"," 0743290435","","","","","https://maps.google.com/?hl=en_US&cid=0x0:0x2d724468cde1a13",""
"business","Engineering consultant","Seboweng Engineering Solutions","7085 Ouhout Cl, Rooihuiskraal North, Centurion, 0157","Centurion","Gauteng","","South Africa"," 0126560573","info@seboweng.com","http://seboweng.com/","","","https://maps.google.com/?hl=en_US&cid=0x0:0xcae19408da06bf59",""
"business","Townhouse complex","MOTHOBOTHOBO","Rain Stick, Thatchfield, Centurion, 0001","Centurion","Gauteng","","South Africa"," 0713316157","","","","","https://maps.google.com/?hl=en_US&cid=0x0:0x738fee86998eff9c",""
"business","Business park","Centurion Office Park","1257 Embankment Rd, Zwartkop, Centurion, 0051","Centurion","Gauteng","","South Africa","","tumelom@anvilproperty.co.za","https://www.anvilproperty.co.za/commercial-property/office-space/to-rent/centurion/centurion-office-park-centurion-19","","","https://maps.google.com/?hl=en_US&cid=0x0:0x715104378f87f028",""
"business","Internet service provider","Business Sites","66 Pelican Ave, Rooihuiskraal, Centurion, 0051","Centurion","Gauteng","","South Africa"," 0812887405","","","","","https://maps.google.com/?hl=en_US&cid=0x0:0x90c673c15f6d1ad0",""
"business","Software company","SCOT-MEC SA","The Reeds, Centurion, 0157","Centurion","Gauteng","","South Africa"," 0126617265","info@scotmec.com","http://scotmec.com/","","","https://maps.google.com/?hl=en_US&cid=0x0:0x1adb25129e607ab1",""
"business","Business management consultant","Forever Business Owner Centurion","Stoneridge, Monavoni, Centurion, 0157","Centurion","Gauteng","","South Africa"," 0817031042","","","","","https://maps.google.com/?hl=en_US&cid=0x0:0x260a8646ba88b143",""
"business","Business management consultant","TESIMOND Business Solutions","425 Granite Cres, Monavoni, Centurion, 0157","Centurion","Gauteng","","South Africa"," 0837780538","","","","","https://maps.google.com/?hl=en_US&cid=0x0:0x7e5754448e171381",""
"business","Computer support and services","ASG - IT Support Company - Centurion","29 Tshiomate Cl, Rooihuiskraal North, Centurion, 0154","Centurion","Gauteng","","South Africa"," 0119757521","sales@asg.co.za","https://www.asg.co.za/","","","https://maps.google.com/?hl=en_US&cid=0x0:0x7d166406b1beab04",""
"business","business","N/A","","","Gauteng","","South Africa"," 0814425469","","http://thinkpackagingcosmeticssa.co.za/","","","https://maps.google.com/?hl=en_US&cid=0x0:0xe88c86b49722240e",""
"business","Shopping mall","Byls Bridge Office Park","Cnr Olievenhoutbosch and, Jean Ave, Doringkloof, Centurion, 0062","Centurion","Gauteng","","South Africa"," 0126768500","info@m-t.co.za","https://m-t.co.za/houses/byls-bridge-office-park/","","","https://maps.google.com/?hl=en_US&cid=0x0:0xd8c46e19dec3c4de",""
"business","Software company","Mashudu and Co (Pty) Ltd","471 Bushwillow Ave, Thatchfield, Centurion, 0158","Centurion","Gauteng","","South Africa"," 0723151123","other-ct-mobile@2x.webp","http://www.mashuduandco.co.za/","","","https://maps.google.com/?hl=en_US&cid=0x0:0x849baaff7197eb0d",""
"business","Business park","Spaces - Centurion, Spaces, Byls Bridge","Byls Bridge Office Park Building, 14 Block B, Gauteng, Centurion, 0157","Centurion","Gauteng","","South Africa"," 0120036600","","https://www.spacesworks.com/centurion/byls-bridge?utm_source>>u003dyext_places_gmb>>u0026utm_medium>>u003dplaces>>u0026utm_campaign>>u003dyext_traffic>>u0026utm_content>>u003d5042","","","https://maps.google.com/?hl=en_US&cid=0x0:0x20b779fd08bc1efe",""
"business","business","0158","Thatchfield, Centurion","Centurion","Gauteng","","South Africa","","","","","","https://maps.google.com/?hl=en_US&cid=0x0:0x4acc7b8ab52d9991",""
"business","Business management consultant","Just IS","12 Gallinule St, The Reeds, Centurion, 0157","Centurion","Gauteng","","South Africa"," 0871700896","info@justis.co.za","http://justis.co.za/","","","https://maps.google.com/?hl=en_US&cid=0x0:0x1a9cf8840e6e95b2",""
"business","Law firm","JV and Company Incorporated","7 Strydom St, The Reeds, Centurion, 0157","Centurion","Gauteng","","South Africa"," 0120040568","joshua@jvcinc.co.za","http://www.jvcinc.co.za/","","","https://maps.google.com/?hl=en_US&cid=0x0:0x2738109d62a26b7b",""
"business","Business management consultant","Corporate Value Consultancy","69 Breyten Street, 29 Wierda VIllage, Rooihuiskraal, Centurion, 0157","Centurion","Gauteng","","South Africa"," 0827809150","info@cvconsultancy.org","https://www.corporatevalueconsultancy.com/","","","https://maps.google.com/?hl=en_US&cid=0x0:0x6788aeaf0f7c655",""
"business","Business park","Centurion Gate Business Park","146 Akkerboom St, Zwartkop, Centurion, 0051","Centurion","Gauteng","","South Africa","","info@tasteoftennessee.co.za","https://centuriongate.co.za/","","","https://maps.google.com/?hl=en_US&cid=0x0:0x6294a9003b9f542f",""
"business","Software company","Enhanced Business Solutions cc","554 Main Rd, Erasmia, Centurion, 0183","Centurion","Gauteng","","South Africa"," 0126540249","","http://www.eb-solutions.co.za/","","","https://maps.google.com/?hl=en_US&cid=0x0:0x9aeb83e066b89e45",""
"business","Engineering consultant","Experto BDM Services","52 Lancelot, 106, Reddersburg St, Rooihuiskraal North, Centurion, 0157","Centurion","Gauteng","","South Africa"," 0832658013","","http://www.expertoconsulting.co.za/","","","https://maps.google.com/?hl=en_US&cid=0x0:0x7441af2a985e7733",""
"business","Business management consultant","B T S","267 West Ave, Lyttelton AH, Centurion, 0157","Centurion","Gauteng","","South Africa"," 0126636909","info@bts.com","http://www.bts.com/","","","https://maps.google.com/?hl=en_US&cid=0x0:0xdcf8640e69d9974f",""
"business","Corporate office","Corporate Park 66","66 Von Willich Ave, Die Hoewes, Centurion, 0163","Centurion","Gauteng","","South Africa","","","","","","https://maps.google.com/?hl=en_US&cid=0x0:0xc358624a53cd08dc",""
"business","Accountant","Register Your Business (Pty) Ltd","5 Saxby Ave, West, Centurion, 0157","Centurion","Gauteng","","South Africa"," 0126601822","info@registeryourbusiness.co.za","http://www.registeryourbusiness.co.za/","","","https://maps.google.com/?hl=en_US&cid=0x0:0x516d72e345e6d1a4",""
"business","Accounting firm","Lebuy Corporate Services","105 Plaza Mayor, 125 Reddersberg Street, Rooihuiskraal North, Centurion, 0157","Centurion","Gauteng","","South Africa"," 0837573360","","","","","https://maps.google.com/?hl=en_US&cid=0x0:0x65d466dffa2ad50d",""
"business","Training centre","WWISE","254 Hall Street Westend Office Park, Building 2, Second floor, Die Hoewes, Centurion, 0163","Centurion","Gauteng","","South Africa"," 0861099473","admin@wwise.co.za","http://www.wwise.co.za/","","","https://maps.google.com/?hl=en_US&cid=0x0:0x85444fa8deec5539",""
"business","Financial planner","Futurum Office Park","251 Lenchen Ave, Die Hoewes, Centurion, 0163","Centurion","Gauteng","","South Africa","","","","","","https://maps.google.com/?hl=en_US&cid=0x0:0x2d4e83be30028",""
"business","Bus stop","Crossway Office Park","Die Hoewes, Centurion, 0163","Centurion","Gauteng","","South Africa","","","","","","https://maps.google.com/?hl=en_US&cid=0x0:0x173f4e4e5462299",""
"business","Engineering consultant","SDM","242 Jean Ave, Die Hoewes, Centurion, 0157","Centurion","Gauteng","","South Africa"," 0120031560","info@sdmconsulting.co.za","http://sdmconsulting.co.za/","","","https://maps.google.com/?hl=en_US&cid=0x0:0xa8903f7714b3e084",""
"business","Medical equipment supplier","ProfNet Medical","240 Lenchen Ave, Die Hoewes, Centurion, 0163","Centurion","Gauteng","","South Africa"," 0126830340","","http://www.profnetmedical.co.za/","","","https://maps.google.com/?hl=en_US&cid=0x0:0xfda30a0296a6246e",""
"business","Business management consultant","Infinity19 Analytics","255 Jean Ave, Die Hoewes, Centurion, 0157","Centurion","Gauteng","","South Africa"," 0810694052","info@indiantypefoundry.com","http://www.infinity19analytics.co.za/","","","https://maps.google.com/?hl=en_US&cid=0x0:0xf949e662049ed328",""
"business","Professional association","Moyo","Building D, 242 on Jean Office Park, 242 Jean Ave, Die Hoewes, Centurion, 0157","Centurion","Gauteng","","South Africa"," 0126641392","","https://www.moyoafrica.com/","","","https://maps.google.com/?hl=en_US&cid=0x0:0xd5ceb5f6447a5329",""
"business","Business park","Centurion Office Park","1257 Embankment Rd, Zwartkop, Centurion, 0051","Centurion","Gauteng","","South Africa","","tumelom@anvilproperty.co.za","https://www.anvilproperty.co.za/commercial-property/office-space/to-rent/centurion/centurion-office-park-centurion-19","","","https://maps.google.com/?hl=en_US&cid=0x0:0x715104378f87f028",""
"business","Business management consultant","CapCircle Management Consultants","Falcon Crest Office Park, 142 South St, Die Hoewes, Centurion, 0163","Centurion","Gauteng","","South Africa"," 0127516268","info@capcircle.co.za","http://capcircle.co.za/","","","https://maps.google.com/?hl=en_US&cid=0x0:0x7a7ad559d016627b",""
"business","Software company","Fourier-E","Block 4 - Unit 18, Falcon Crest Office Park, 142 South St, Die Hoewes, Centurion, 0157","Centurion","Gauteng","","South Africa"," 0126673232","EmailGrowth@fourier.co.za","https://fourier-e.co.za/","","","https://maps.google.com/?hl=en_US&cid=0x0:0xd8a1d165c630972f",""
"business","Engineering consultant","FENNEC Industrial Engineers","142 South Street, Falcon Crest Office Park, >>","Centurion","Gauteng","","South Africa"," 0832764213","","","","","https://maps.google.com/?hl=en_US&cid=0x0:0xabc6ccc2868c0aa",""
"business","Business management consultant","DISCON Specialists","Falcon Crest Office Park, Grasdak, 142 South St, Doringkloof, Centurion, 0157","Centurion","Gauteng","","South Africa"," 0126675975","info@discon.co.za","https://www.disconspecialists.com/","","","https://maps.google.com/?hl=en_US&cid=0x0:0x4f1d7bd5658e201d",""
"business","Business management consultant","Maluti-X","Spaces, Byls Bridge, and, Spaces, Jean Ave, Doringkloof, Centurion","Centurion","Gauteng","","South Africa"," 0718502137","info@maluti-x.com","http://maluti-x.com/","","","https://maps.google.com/?hl=en_US&cid=0x0:0x510f31e120ca13f5",""
"business","Corporate office","Corporate Park 66","66 Von Willich Ave, Die Hoewes, Centurion, 0163","Centurion","Gauteng","","South Africa","","","","","","https://maps.google.com/?hl=en_US&cid=0x0:0xc358624a53cd08dc",""
"business","Software company","MXP","267 West Ave, Die Hoewes, Centurion, 0163","Centurion","Gauteng","","South Africa","","webmaster@mxps.co.za","http://mxps.co.za/","","","https://maps.google.com/?hl=en_US&cid=0x0:0x4abebe397bec992c",""
"business","Civil engineering company","Nu-Flex Enterprise","212b Lougardia Building Hendrik Verwoerd , Embankment Rd, Centurion, 0157","Centurion","Gauteng","","South Africa"," 0878026085","","","","","https://maps.google.com/?hl=en_US&cid=0x0:0x58337c0525492dcd",""
"business","Geological service","VBKOM","95 Lyttelton Rd, Clubview, Centurion, 0014","Centurion","Gauteng","","South Africa"," 0126540004","info@vbkom.com","http://www.vbkom.com/","","","https://maps.google.com/?hl=en_US&cid=0x0:0xdbd865fba8b9ba5b",""
"business","Engineering consultant","Endecon Ubuntu (Pty) Ltd","257 Jean Ave, Die Hoewes, Centurion, 0157","Centurion","Gauteng","","South Africa"," 0126646770","ubuntu@endecon.co.za","http://endeconubuntu.co.za/","","","https://maps.google.com/?hl=en_US&cid=0x0:0xec8d20439b56564",""
"business","Marketing agency","NEOC Digital","Block O, Crystal Office Park, 249 Basden Ave, Die Hoewes, Centurion, 0163","Centurion","Gauteng","","South Africa"," 0105006532","","http://www.neocdigital.com/","","","https://maps.google.com/?hl=en_US&cid=0x0:0xfe8eb976e484a215",""
"business","business","0163","Die Hoewes, Centurion","Centurion","Gauteng","","South Africa","","","","","","https://maps.google.com/?hl=en_US&cid=0x0:0xd38464bce2694b04",""
"business","Business park","Corporate Corner","Corporate Corner Blok, 11 Marco Polo Straat, 6 Grondvloer, Highveld, Centurion, 0157","Centurion","Gauteng","","South Africa","","","","","","https://maps.google.com/?hl=en_US&cid=0x0:0x1a83cb938be213f5",""
"business","Business management consultant","Corporate Value Consultancy","69 Breyten Street, 29 Wierda VIllage, Rooihuiskraal, Centurion, 0157","Centurion","Gauteng","","South Africa"," 0827809150","info@cvconsultancy.org","https://www.corporatevalueconsultancy.com/","","","https://maps.google.com/?hl=en_US&cid=0x0:0x6788aeaf0f7c655",""
"business","Training centre","WWISE","254 Hall Street Westend Office Park, Building 2, Second floor, Die Hoewes, Centurion, 0163","Centurion","Gauteng","","South Africa"," 0861099473","admin@wwise.co.za","http://www.wwise.co.za/","","","https://maps.google.com/?hl=en_US&cid=0x0:0x85444fa8deec5539",""
"business","Business management consultant","ProjectLink Holdings (Pty) Ltd","243 Willem Botha Dr, Wierdapark, Centurion, 0149","Centurion","Gauteng","","South Africa"," 0126600010","","http://www.projectlink.co.za/","","","https://maps.google.com/?hl=en_US&cid=0x0:0x5cf7a1890873450e",""
"business","Corporate office","Centurion Junction","253 Von Willich Ave, Die Hoewes, Centurion, 0163","Centurion","Gauteng","","South Africa"," 0115109999","info@abland.co.za","http://www.abland.co.za/","","","https://maps.google.com/?hl=en_US&cid=0x0:0xd6af383457cf58a6",""
"business","Business management consultant","LJL Business Solutions","17 Viking Rd, Valhalla, Centurion, 0185","Centurion","Gauteng","","South Africa"," 0871636353","info@ljlbusiness-solutions.com","https://ljlbusiness-solutions.com/","","","https://maps.google.com/?hl=en_US&cid=0x0:0x8239afce35fc2759",""
"business","Educational institution","ENJO Business Management Consultants (Pty) Ltd","257 Jean Ave, Die Hoewes, Centurion, 0163","Centurion","Gauteng","","South Africa"," 0126671985","","","","","https://maps.google.com/?hl=en_US&cid=0x0:0x14b2fb5b4650dc8d",""
"business","Business management consultant","SOAR Centre","Plot 446, Kings Way, Lombardi Ave, Raslouw, Centurion, 0157","Centurion","Gauteng","","South Africa"," 0822607510","","http://www.soarcentre.co.za/","","","https://maps.google.com/?hl=en_US&cid=0x0:0x300e212f7f45bb69",""
"business","Consultant","Laros Consulting (Pty) Ltd","House - Unit D, Porta Group, 54 Lyttelton Rd, Clubview, Centurion, 0157","Centurion","Gauteng","","South Africa"," 0129421752","admin@larosconsulting.co.za","http://www.larosconsulting.co.za/","","","https://maps.google.com/?hl=en_US&cid=0x0:0x618662e67ca56774",""
"business","Business park","Westend Office Park","250 Hall St, Die Hoewes, Centurion, 0046","Centurion","Gauteng","","South Africa"," 0126833408","info@striveprop.co.za","https://striveprop.co.za/offices/westend-office-park/","","","https://maps.google.com/?hl=en_US&cid=0x0:0x36169df49c71288a",""
"business","Accountant","Register Your Business (Pty) Ltd","5 Saxby Ave, West, Centurion, 0157","Centurion","Gauteng","","South Africa"," 0126601822","info@registeryourbusiness.co.za","http://www.registeryourbusiness.co.za/","","","https://maps.google.com/?hl=en_US&cid=0x0:0x516d72e345e6d1a4",""
"business","Business park","Centurion Gate Business Park","146 Akkerboom St, Zwartkop, Centurion, 0051","Centurion","Gauteng","","South Africa","","fishmonger.fishmonger9@gmail.com","https://centuriongate.co.za/","","","https://maps.google.com/?hl=en_US&cid=0x0:0x6294a9003b9f542f",""
"business","Software company","XContent Business Solutions","20 Charles De Gaulle Cres, Highveld, Centurion, 0169","Centurion","Gauteng","","South Africa"," 0110141778","query@xcontent.com","http://xcontent.com/","","","https://maps.google.com/?hl=en_US&cid=0x0:0xae121ea76fed4169",""
"business","Computer support and services","A-Solutions Pty Ltd Centurion","51 Adriana Cres, Rooihuiskraal, Centurion, 0154","Centurion","Gauteng","","South Africa"," 0126617903","calldesk@asolution.co.za","http://www.asolution.co.za/","","","https://maps.google.com/?hl=en_US&cid=0x0:0x73f020067b92391a",""
"business","Computer support and services","Business Connexion (Pty) Ltd.","1021 Lenchen Ave N, Centurion Central, Centurion, 0157","Centurion","Gauteng","","South Africa","","","","","","https://maps.google.com/?hl=en_US&cid=0x0:0xaffda9310c01108e",""
"business","Software company","Centbiz - Multipurpose Computer Technology Company","X18, 6 Oudtshoorn St, Eldoraigne, Centurion, 0157","Centurion","Gauteng","","South Africa"," 0608344447","francois@centbiz.co.za","https://centbiz.co.za/","","","https://maps.google.com/?hl=en_US&cid=0x0:0xf9cbe4bebb67eeb9",""
"business","Software company","Is Where Business Is Made and Logistics name changed to Group 3I","6 Wildekastaiing Ave, Heuweloord, Centurion, 0173","Centurion","Gauteng","","South Africa"," 0623296257","","","","","https://maps.google.com/?hl=en_US&cid=0x0:0x6317597f94c48e9f",""
"business","Computer support and services","ASG - IT Support Company - Centurion","29 Tshiomate Cl, Rooihuiskraal North, Centurion, 0154","Centurion","Gauteng","","South Africa"," 0119757521","sales@asg.co.za","https://www.asg.co.za/","","","https://maps.google.com/?hl=en_US&cid=0x0:0x7d166406b1beab04",""
"business","Recruiter","FACT","Highgrove Office Park, 50 Tegel Ave, Highveld, Centurion, 0183","Centurion","Gauteng","","South Africa"," 0861322872","admin@factsa.co.za","http://www.factsa.co.za/","","","https://maps.google.com/?hl=en_US&cid=0x0:0x5a9c2ae75f7cbb9c",""
"business","","Optilog Support Services Cc","5 Eldo Estates, Beatrix Ave, Raslouw, Centurion, 0157","Centurion","Gauteng","","South Africa"," 0730604180","","http://www.optilog.co.za/","","","https://maps.google.com/?hl=en_US&cid=0x0:0x29e6b4e6bdee711a",""
"business","","ETC Solutions","36 Assegaai Wood Rd, Rooihuiskraal, Centurion, 0157","Centurion","Gauteng","","South Africa"," 0110832000","","","","","https://maps.google.com/?hl=en_US&cid=0x0:0x52d76a9fc9b1ab0b",""
"business","Business park","Centurion Office Park","1257 Embankment Rd, Zwartkop, Centurion, 0051","Centurion","Gauteng","","South Africa","","tumelom@anvilproperty.co.za","https://www.anvilproperty.co.za/commercial-property/office-space/to-rent/centurion/centurion-office-park-centurion-19","","","https://maps.google.com/?hl=en_US&cid=0x0:0x715104378f87f028",""
"business","Employment agency","Exponant","Building 32, Oxford Office Park, 3 Bauhinia Street, Highveld, Centurion, 0157","Centurion","Gauteng","","South Africa"," 0126630100","info@exponant.com","http://www.exponant.com/","","","https://maps.google.com/?hl=en_US&cid=0x0:0x8f40d8ada0e51335",""
"business","Computer support and services","Conekt Business Group","314 Penguin Cres, Wierdapark, Centurion, 0157","Centurion","Gauteng","","South Africa"," 0860266358","","","","","https://maps.google.com/?hl=en_US&cid=0x0:0x58f5e822a572a427",""
"business","Business park","Corporate Corner","Corporate Corner Blok, 11 Marco Polo Straat, 6 Grondvloer, Highveld, Centurion, 0157","Centurion","Gauteng","","South Africa","","","","","","https://maps.google.com/?hl=en_US&cid=0x0:0x1a83cb938be213f5",""
"business","Business management consultant","Agility Centurion","272 West Ave, Die Hoewes, Centurion, 0157","Centurion","Gauteng","","South Africa","","","","","","https://maps.google.com/?hl=en_US&cid=0x0:0xb170e5a306a63c5a",""
"business","Solar energy company","GreenHouse Solar Energy Company Centurion Pretoria South Africa","188 Edward Ave, Zwartkop, Centurion, 0051","Centurion","Gauteng","","South Africa"," 0123453329","Info@greenhouse.co.za","https://greenhouse.co.za/","","","https://maps.google.com/?hl=en_US&cid=0x0:0x56137b9334ee6d73",""
"business","Business management consultant","Business Development Factory","3 Grassmoor, Spotlewerik Street, Heuwilsig Estate, Celtisdal, Centurion, Pretoria, 0157","Pretoria","Gauteng","","South Africa"," 0743290435","","","","","https://maps.google.com/?hl=en_US&cid=0x0:0x2d724468cde1a13",""
"business","business","0166","Eldo Park, Centurion","Centurion","Gauteng","","South Africa","","","","","","https://maps.google.com/?hl=en_US&cid=0x0:0xe0e768fb0966a050",""
"business","Business networking company","Giscoe Centurion","141 Witch-Hazel Ave, Highveld, Centurion, 0163","Centurion","Gauteng","","South Africa"," 0104100100","","http://www.giscoe.com/","","","https://maps.google.com/?hl=en_US&cid=0x0:0x2d5f5b0b886ffaa7",""
"business","Business management consultant","Corporate Value Consultancy","69 Breyten Street, 29 Wierda VIllage, Rooihuiskraal, Centurion, 0157","Centurion","Gauteng","","South Africa"," 0827809150","info@cvconsultancy.org","https://www.corporatevalueconsultancy.com/","","","https://maps.google.com/?hl=en_US&cid=0x0:0x6788aeaf0f7c655",""
"business","Bus stop","Crossway Office Park","Die Hoewes, Centurion, 0163","Centurion","Gauteng","","South Africa","","","","","","https://maps.google.com/?hl=en_US&cid=0x0:0x173f4e4e5462299",""
"business","Business management consultant","LJL Business Solutions","17 Viking Rd, Valhalla, Centurion, 0185","Centurion","Gauteng","","South Africa"," 0871636353","info@ljlbusiness-solutions.com","https://ljlbusiness-solutions.com/","","","https://maps.google.com/?hl=en_US&cid=0x0:0x8239afce35fc2759",""
"business","Software company","LINQIT SOLUTIONS (PTY) LTD |","128 Cattle Egret Road Bondev Park, Eldoraigne, Centurion, 0157","Centurion","Gauteng","","South Africa"," 0120041753","","http://linqit.co.za/","","","https://maps.google.com/?hl=en_US&cid=0x0:0xf96b447df7b2adb6",""
"business","Office equipment supplier","Daisy Business Solutions Centurion Branch | COPIERS - PABX - CCTV","Building B, 1st floor, 274 Stokkiesdraai St, Erasmusrand, Pretoria, 0169","Pretoria","Gauteng","","South Africa"," 0126633864","info@daisy-gp.co.za","http://www.daisysolutions.co.za/","","","https://maps.google.com/?hl=en_US&cid=0x0:0xcc967a450c0eb10c",""
"business","Business park","Highway Businesspark","South Avenue, 35 Park Ave, Rooihuiskraal, Centurion, 0154","Centurion","Gauteng","","South Africa"," 0872366204","","","","","https://maps.google.com/?hl=en_US&cid=0x0:0x471205580bda4203",""
"business","business","Gauteng","","","Gauteng","","South Africa","","","","","","https://maps.google.com/?hl=en_US&cid=0x0:0x6d9ee7c7cb5438e2",""
"business","Business management consultant","EARN Business Solutions","M26, EARN, Plot 116, Knoppieslaagte 385-Jr, Centurion, 0157","Centurion","Gauteng","","South Africa"," 0126693012","info@earninternational.net","https://www.earnbizsolutions.com/","","","https://maps.google.com/?hl=en_US&cid=0x0:0x78914d2fc4125fbf",""
"business","Software company","ICE Holdings","Unit A, Porta Group House, 54 Lyttelton Rd, Clubview, Centurion, 0157","Centurion","Gauteng","","South Africa"," 0647562043","","http://www.iceholdings.co.za/","","","https://maps.google.com/?hl=en_US&cid=0x0:0xbcf2e8cd09dd4fc4",""
"business","Engineering consultant","BCX - Industrial Solutions","48 Oak Ave, Highveld Techno Park, Centurion, 0169","Centurion","Gauteng","","South Africa"," 0128808463","","http://www.bcx.co.za/","","","https://maps.google.com/?hl=en_US&cid=0x0:0x8c09f0e8e9f6944c",""
"business","Automation company","Infinite Process Solutions (PTY) Ltd","Building 29, Ground Floor, 3 Bauhinia St, Highveld Techno Park, Centurion, 0167","Centurion","Gauteng","","South Africa"," 0612260479","info@infinite-process.com","https://www.infinite-process.com/","","","https://maps.google.com/?hl=en_US&cid=0x0:0xa2bde0d032802162",""
"business","Software company","Syntell (Pty) Ltd Centurion","12 Pieter St, Highveld Techno Park, Centurion, 0169","Centurion","Gauteng","","South Africa"," 0115822500","","http://www.syntell.co.za/","","","https://maps.google.com/?hl=en_US&cid=0x0:0x2f09b6a49b48a03e",""
"business","Business park","National Business Solutions Centre","Oak Ave, Highveld Techno Park, Centurion, 0169","Centurion","Gauteng","","South Africa","","","","","","https://maps.google.com/?hl=en_US&cid=0x0:0xdd1d9dd2de8e00ab",""
"business","","SturdyIT Solutions (Pty) Ltd","Unit 5 Central Park, 13 Esdoring Nook, Highveld Techno Park, Centurion, 0149","Centurion","Gauteng","","South Africa"," 0126560592","","","","","https://maps.google.com/?hl=en_US&cid=0x0:0x172bccfa8b418d99",""
"business","Software company","IoT.nxt","Building C, 3rd Floor, Irene Link Precinct, 5 Impala Ave, Doringkloof, Centurion, 0169","Centurion","Gauteng","","South Africa"," 0128800114","","https://www.iotnxt.com/","","","https://maps.google.com/?hl=en_US&cid=0x0:0x82c9c9de1f933e07",""
"business","Civil engineering company","DSP Consulting (Pty) Ltd","Cambridge Business Park 5 Bauhinia street Unit 21 Ground Floor, Highveld Techno Park, Centurion, 0169","Centurion","Gauteng","","South Africa"," 0121003047","info@dspconsulting.co.za","http://www.dspconsulting.co.za/","","","https://maps.google.com/?hl=en_US&cid=0x0:0x17443b3782409190",""
"business","Software company","XContent Business Solutions","20 Charles De Gaulle Cres, Highveld, Centurion, 0169","Centurion","Gauteng","","South Africa"," 0110141778","query@xcontent.com","http://xcontent.com/","","","https://maps.google.com/?hl=en_US&cid=0x0:0xae121ea76fed4169",""
"business","Business to business service","Xpitec","Building 7, Central Park Office Park, 13 Esdoring Nook, Highveld Techno Park, Centurion, 0157","Centurion","Gauteng","","South Africa"," 0126651121","info@xpitec.co.za","https://xpitec.co.za/","","","https://maps.google.com/?hl=en_US&cid=0x0:0xc1152a22411a5d94",""
"business","Software company","Industri4 (Pty) Ltd","2 Grevillea St, Highveld Techno Park, Centurion, 0169","Centurion","Gauteng","","South Africa"," 0126654056","","","","","https://maps.google.com/?hl=en_US&cid=0x0:0x2b0ec7eceb166abf",""
"business","Software company","InfoVerge Solutions (Pty) Ltd","8 Bauhinia Street Berkley Office Park Unit 5, First Floor, Highveld Techno Park, Centurion, 0169","Centurion","Gauteng","","South Africa"," 0127712142","info@infoverge.co.za","http://www.infoverge.co.za/","","","https://maps.google.com/?hl=en_US&cid=0x0:0xfe31d32e5008b6c1",""
"business","Corporate office","GIS South Africa","Eco Fusion 6, 1004 Witch-Hazel Ave, Eco-Park Estate, Centurion, 0144","Centurion","Gauteng","","South Africa"," 0790117471","info@zimeletechnologies.com","http://www.zimeletechnologies.com/","","","https://maps.google.com/?hl=en_US&cid=0x0:0x2bc4cfc7c245c3b1",""
"business","Business park","Oak Avenue Office Park","48 Oak Ave, Highveld Techno Park, Centurion, 0157","Centurion","Gauteng","","South Africa","","","","","","https://maps.google.com/?hl=en_US&cid=0x0:0xa4c0dfab15fd6bec",""
"business","Engineering consultant","Nghilazi Group","Manhattan Office Park, 16 Pieter St, Highveld, Centurion, 0157","Centurion","Gauteng","","South Africa"," 0120042169","Jbaloyi@nghilaziengineers.co.za","https://www.nghilaziengineers.co.za/","","","https://maps.google.com/?hl=en_US&cid=0x0:0x3b2d885216eec7c3",""
"business","Software company","Monkey and River","200 Witch-Hazel Avenue, Eco Park Rd, Centurion, 0157","Centurion","Gauteng","","South Africa"," 0120125828","20sales@monkeyandriver.com","http://www.monkeyandriver.com/","","","https://maps.google.com/?hl=en_US&cid=0x0:0x3960af6fa242adb0",""
"business","Establishment","Mpileng Group","Unit D, Cambridge Office Park, 5 Bauhinia Street, Highveld Techno Park, Centurion, 0157","Centurion","Gauteng","","South Africa"," 0120040090","","https://www.mpileng.co.za/","","","https://maps.google.com/?hl=en_US&cid=0x0:0xb78cef02bb0ca6dc",""
"business","","Dynamiq Business Technologies Pty Ltd","Unit 7, Ground Floor Left, Manhattan Office Park, Highveld Techno Park, Centurion, 0169","Centurion","Gauteng","","South Africa"," 0125740177","info@dynamiq-tech.co.za","https://www.dynamiq-tech.co.za/","","","https://maps.google.com/?hl=en_US&cid=0x0:0x68af4e5f118c027",""
"business","Parking lot","Telkom Park - The Hub","61 Oak Ave, Highveld, Centurion, 0157","Centurion","Gauteng","","South Africa"," 0126806139","","http://www.telkom.co.za/","","","https://maps.google.com/?hl=en_US&cid=0x0:0xd872bf7f37d4397b",""
"business","business","0169","Highveld Techno Park, Centurion","Centurion","Gauteng","","South Africa","","","","","","https://maps.google.com/?hl=en_US&cid=0x0:0xb03482a86aa476d8",""
"business","Shopping mall","Byls Bridge Office Park","Cnr Olievenhoutbosch and, Jean Ave, Doringkloof, Centurion, 0062","Centurion","Gauteng","","South Africa"," 0126768500","info@m-t.co.za","https://m-t.co.za/houses/byls-bridge-office-park/","","","https://maps.google.com/?hl=en_US&cid=0x0:0xd8c46e19dec3c4de",""
"business","Business park","Centurion Gate Business Park","146 Akkerboom St, Zwartkop, Centurion, 0051","Centurion","Gauteng","","South Africa","","yasmin@seesa.co.za","https://centuriongate.co.za/","","","https://maps.google.com/?hl=en_US&cid=0x0:0x6294a9003b9f542f",""
"business","Business park","Highway Businesspark","South Avenue, 35 Park Ave, Rooihuiskraal, Centurion, 0154","Centurion","Gauteng","","South Africa"," 0872366204","","","","","https://maps.google.com/?hl=en_US&cid=0x0:0x471205580bda4203",""
"business","Software company","Is Where Business Is Made and Logistics name changed to Group 3I","6 Wildekastaiing Ave, Heuweloord, Centurion, 0173","Centurion","Gauteng","","South Africa"," 0623296257","","","","","https://maps.google.com/?hl=en_US&cid=0x0:0x6317597f94c48e9f",""
"business","Business to business service","Limeroc Business Park","Limeroc Business Park, Knoppieslaagte 385-Jr, Centurion, 0157","Centurion","Gauteng","","South Africa"," 0744400777","info@limeroc.co.za","http://www.limeroc.co.za/","","","https://maps.google.com/?hl=en_US&cid=0x0:0x383f74d5d2c706a1",""
"business","Corporate office","Cambridge Business Park","5 Bauhinia St, Highveld Techno Park, Centurion, 0157","Centurion","Gauteng","","South Africa"," 0861555555","charl@thesuccessacademy.co.za","http://www.thesuccessacademy.co.za/","","","https://maps.google.com/?hl=en_US&cid=0x0:0x8e76610992836e26",""
"business","Firearms academy","Ergotech Ergonomics Consultants","103 Combretum Cres, Highveld Techno Park, Centurion, 0169","Centurion","Gauteng","","South Africa"," 0126659400","","","","","https://maps.google.com/?hl=en_US&cid=0x0:0xffc88257abba0f51",""
"business","Business management consultant","Corporate Value Consultancy","69 Breyten Street, 29 Wierda VIllage, Rooihuiskraal, Centurion, 0157","Centurion","Gauteng","","South Africa"," 0827809150","info@cvconsultancy.org","https://www.corporatevalueconsultancy.com/","","","https://maps.google.com/?hl=en_US&cid=0x0:0x6788aeaf0f7c655",""
"business","Training centre","WWISE","254 Hall Street Westend Office Park, Building 2, Second floor, Die Hoewes, Centurion, 0163","Centurion","Gauteng","","South Africa"," 0861099473","admin@wwise.co.za","http://www.wwise.co.za/","","","https://maps.google.com/?hl=en_US&cid=0x0:0x85444fa8deec5539",""
"business","Software company","Stanford Business Park","12 Bauhinia St, Highveld Techno Park, Centurion, 0157","Centurion","Gauteng","","South Africa"," 0861555555","charl@thesuccessacademy.co.za","http://www.thesuccessacademy.co.za/","","","https://maps.google.com/?hl=en_US&cid=0x0:0x346618e76db6dd6e",""
"business","Software company","LINQIT SOLUTIONS (PTY) LTD |","128 Cattle Egret Road Bondev Park, Eldoraigne, Centurion, 0157","Centurion","Gauteng","","South Africa"," 0120041753","","http://linqit.co.za/","","","https://maps.google.com/?hl=en_US&cid=0x0:0xf96b447df7b2adb6",""
"business","Engineering consultant","SecMet (Pty) Ltd - Centurion Branch","55 Ireland Ave, Eldoraigne, Centurion, 0157","Centurion","Gauteng","","South Africa"," 0126444680","","http://secmet.co.za/","","","https://maps.google.com/?hl=en_US&cid=0x0:0x1f596ec324d45262",""
"business","Education center","AMPHI Human Capital Development","194 Owl Ave, Wierdapark, Centurion, 0157","Centurion","Gauteng","","South Africa"," 0126541820","info@amphisa.co.za","http://amphisa.co.za/","","","https://maps.google.com/?hl=en_US&cid=0x0:0xc97ecfb9129ee095",""
"business","Business management consultant","Acorn Consulting (PTY) LTD","245 Theuns Van Niekerk St, Wierdapark, Centurion, 0157","Centurion","Gauteng","","South Africa"," 0798772213","michiel@acornconsulting.co.za","http://acornconsulting.co.za/","","","https://maps.google.com/?hl=en_US&cid=0x0:0x7067d02dbd8ffa5d",""
"business","Accounting firm","AB Accounting  Business Advisory","39 Estcourt Ave, Wierdapark, Centurion, 0157","Centurion","Gauteng","","South Africa"," 0824493710","","https://www.facebook.com/abaccountingservices/","","","https://maps.google.com/?hl=en_US&cid=0x0:0xa37993ceab81587f",""
"business","Metallurgy company","MegChem - Centurion","55 Ireland Ave, Eldoraigne, Centurion, 0157","Centurion","Gauteng","","South Africa"," 0126444680","info@megchem.com","http://megchem.com/","","","https://maps.google.com/?hl=en_US&cid=0x0:0xed2a323fb14fa2d6",""
"business","Business management consultant","LJL Business Solutions","17 Viking Rd, Valhalla, Centurion, 0185","Centurion","Gauteng","","South Africa"," 0871636353","info@ljlbusiness-solutions.com","https://ljlbusiness-solutions.com/","","","https://maps.google.com/?hl=en_US&cid=0x0:0x8239afce35fc2759",""
"business","Business management consultant","Small Business On-Track","Old Johannesburg Rd, Clubview, Centurion, 0014","Centurion","Gauteng","","South Africa"," 0836090180","","","","","https://maps.google.com/?hl=en_US&cid=0x0:0x7b23f45fb69237d5",""
"business","Shopping mall","Byls Bridge Office Park","Cnr Olievenhoutbosch and, Jean Ave, Doringkloof, Centurion, 0062","Centurion","Gauteng","","South Africa"," 0126768500","info@m-t.co.za","https://m-t.co.za/houses/byls-bridge-office-park/","","","https://maps.google.com/?hl=en_US&cid=0x0:0xd8c46e19dec3c4de",""
"business","Consultant","Laros Consulting (Pty) Ltd","House - Unit D, Porta Group, 54 Lyttelton Rd, Clubview, Centurion, 0157","Centurion","Gauteng","","South Africa"," 0129421752","admin@larosconsulting.co.za","http://www.larosconsulting.co.za/","","","https://maps.google.com/?hl=en_US&cid=0x0:0x618662e67ca56774",""
"business","Software company","Labfin (Pty) Ltd","X1, 1032 Marinus Rd, Eldoraigne, Centurion, 0157","Centurion","Gauteng","","South Africa"," 0126600551","","","","","https://maps.google.com/?hl=en_US&cid=0x0:0x68727819edd99ac4",""
"business","Business management consultant","ProjectLink Holdings (Pty) Ltd","243 Willem Botha Dr, Wierdapark, Centurion, 0149","Centurion","Gauteng","","South Africa"," 0126600010","","http://www.projectlink.co.za/","","","https://maps.google.com/?hl=en_US&cid=0x0:0x5cf7a1890873450e",""
"business","Corporate office","Centurion Business Forum","245 End St, Clubview, Centurion, 0014","Centurion","Gauteng","","South Africa"," 0126646559","","","","","https://maps.google.com/?hl=en_US&cid=0x0:0xc9d696bb782e5e3c",""
"business","Information services","Business Directory","5 Tamara St, Centurion, 0157","Centurion","Gauteng","","South Africa"," 0128802928","","","","","https://maps.google.com/?hl=en_US&cid=0x0:0x99685d71a48df6a",""
"business","","SOQ Solutions (Pty) Ltd","3 Lancia St, Wierdapark, Centurion, 0157","Centurion","Gauteng","","South Africa"," 0836379177","","","","","https://maps.google.com/?hl=en_US&cid=0x0:0xcbc35b43be540e46",""
"business","Engineering consultant","Experto BDM Services","52 Lancelot, 106, Reddersburg St, Rooihuiskraal North, Centurion, 0157","Centurion","Gauteng","","South Africa"," 0832658013","","http://www.expertoconsulting.co.za/","","","https://maps.google.com/?hl=en_US&cid=0x0:0x7441af2a985e7733",""
"business","Internet marketing service","ROCO Online Marketing","The Gables Centre, Ivan Ave, Hennopspark, Centurion, 0172","Centurion","Gauteng","","South Africa"," 0795195835","info@rocomarketing.co.za","https://www.rocomarketing.co.za/","","","https://maps.google.com/?hl=en_US&cid=0x0:0x61f6786ddb986915",""
"business","business","N/A","","","Gauteng","","South Africa"," 0823604076","","","","","https://maps.google.com/?hl=en_US&cid=0x0:0x5c64ab4048abba7e",""
"business","Financial planner","Futurum Office Park","251 Lenchen Ave, Die Hoewes, Centurion, 0163","Centurion","Gauteng","","South Africa","","","","","","https://maps.google.com/?hl=en_US&cid=0x0:0x2d4e83be30028",""
"business","Business management consultant","Corporate Value Consultancy","69 Breyten Street, 29 Wierda VIllage, Rooihuiskraal, Centurion, 0157","Centurion","Gauteng","","South Africa"," 0827809150","info@cvconsultancy.org","https://www.corporatevalueconsultancy.com/","","","https://maps.google.com/?hl=en_US&cid=0x0:0x6788aeaf0f7c655",""
"business","Business management consultant","SOAR Centre","Plot 446, Kings Way, Lombardi Ave, Raslouw, Centurion, 0157","Centurion","Gauteng","","South Africa"," 0822607510","","http://www.soarcentre.co.za/","","","https://maps.google.com/?hl=en_US&cid=0x0:0x300e212f7f45bb69",""
"business","Business to business service","EARN - Enterprising Africa Regional Network","M26, EARN, Plot 116, Knoppieslaagte 385-Jr, Centurion, 0157","Centurion","Gauteng","","South Africa"," 0126693012","info@earninternational.net","https://www.earninternational.net/","","","https://maps.google.com/?hl=en_US&cid=0x0:0x6f51e457e2905218",""
"business","","Create Infinity","1004 Teak Cl, Highveld, Centurion, 0157","Centurion","Gauteng","","South Africa"," 0823204067","info@createinfinity.co.za","https://createinfinity.co.za/","","","https://maps.google.com/?hl=en_US&cid=0x0:0x145a488883e2fe86",""
"business","Office space rental agency","Centurion Mall Offices","Heuwel Rd, Centurion Central, Centurion, 0157","Centurion","Gauteng","","South Africa","","","","","","https://maps.google.com/?hl=en_US&cid=0x0:0x4f22e363880124ec",""
"business","Business park","Spaces - Centurion, Spaces, Byls Bridge","Byls Bridge Office Park Building, 14 Block B, Gauteng, Centurion, 0157","Centurion","Gauteng","","South Africa"," 0120036600","","https://www.spacesworks.com/centurion/byls-bridge?utm_source>>u003dyext_places_gmb>>u0026utm_medium>>u003dplaces>>u0026utm_campaign>>u003dyext_traffic>>u0026utm_content>>u003d5042","","","https://maps.google.com/?hl=en_US&cid=0x0:0x20b779fd08bc1efe",""
"business","Corporate office","Regus - Centurion, Centurion Mall","Lower Ground Office LG134, Centurion Mall, Heuwel Rd, Centurion Central, Centurion, 0157","Centurion","Gauteng","","South Africa"," 0126838700","","https://www.regus.com/en-gb/south-africa/centurion/centurion-mall-5938?utm_source>>u003dyext_places_gmb>>u0026utm_medium>>u003dplaces>>u0026utm_campaign>>u003dyext_traffic>>u0026utm_content>>u003d5938","","","https://maps.google.com/?hl=en_US&cid=0x0:0xad68d53396d1eb0e",""
"business","Business management consultant","Forever Business Owner Centurion","Stoneridge, Monavoni, Centurion, 0157","Centurion","Gauteng","","South Africa"," 0817031042","","","","","https://maps.google.com/?hl=en_US&cid=0x0:0x260a8646ba88b143",""
"business","Business management consultant","Maluti-X","Spaces, Byls Bridge, and, Spaces, Jean Ave, Doringkloof, Centurion","Centurion","Gauteng","","South Africa"," 0718502137","info@maluti-x.com","http://maluti-x.com/","","","https://maps.google.com/?hl=en_US&cid=0x0:0x510f31e120ca13f5",""
"business","Training centre","WWISE","254 Hall Street Westend Office Park, Building 2, Second floor, Die Hoewes, Centurion, 0163","Centurion","Gauteng","","South Africa"," 0861099473","admin@wwise.co.za","http://www.wwise.co.za/","","","https://maps.google.com/?hl=en_US&cid=0x0:0x85444fa8deec5539",""
"business","Pharmaceutical company","Wrapsa (Pty) Ltd","13 Bell Cres, Hennopspark, Centurion, 0172","Centurion","Gauteng","","South Africa"," 0126530347","ajax-loader@2x.gif","http://www.wrapsa.co.za/","","","https://maps.google.com/?hl=en_US&cid=0x0:0xb0b20a2de701f2f7",""
"business","Business park","Gateway Industrial Park","41 Adriana Cres, Rooihuiskraal, Centurion, 0154","Centurion","Gauteng","","South Africa","","","","","","https://maps.google.com/?hl=en_US&cid=0x0:0x567a620595d5e294",""
"business","Software company","Centbiz - Multipurpose Computer Technology Company","X18, 6 Oudtshoorn St, Eldoraigne, Centurion, 0157","Centurion","Gauteng","","South Africa"," 0608344447","francois@centbiz.co.za","https://centbiz.co.za/","","","https://maps.google.com/?hl=en_US&cid=0x0:0xf9cbe4bebb67eeb9",""
"business","Honey farm","Bee Ware | Beekeeping supplies","Coachman's Park, 26 Jakaranda St, Hennopspark, Centurion, 0172","Centurion","Gauteng","","South Africa"," 0127714288","","","","","https://maps.google.com/?hl=en_US&cid=0x0:0x9e4dfb112dbda0dc",""
"business","Food machinery supplier","3Pin - Gauteng","2 Hilda Ave, Hennopspark, Centurion, 0172","Centurion","Gauteng","","South Africa"," 0126532545","info@3pin.co.za","http://www.3pin.co.za/","","","https://maps.google.com/?hl=en_US&cid=0x0:0xd5cc5934aabe0751",""
"business","","B.B.G. ENGINEERING c.c.","55 Adriana Cres, Rooihuiskraal, Centurion, 0157","Centurion","Gauteng","","South Africa"," 0126530023","8c4075d5481d476e945486754f783364@sentry.io","http://www.bbg.engineering/","","","https://maps.google.com/?hl=en_US&cid=0x0:0x21798bd616a4d673",""
"business","Telecommunications service provider","First Distribution - Centurion","48 Oak Avenue Unit 14 Highveld Techno Park, Highveld, Centurion, 0157","Centurion","Gauteng","","South Africa"," 0126530953","","https://www.firstdistribution.com/","","","https://maps.google.com/?hl=en_US&cid=0x0:0x1017352c6c2a2c4f",""
"business","","Create Infinity","1004 Teak Cl, Highveld, Centurion, 0157","Centurion","Gauteng","","South Africa"," 0823204067","info@createinfinity.co.za","https://createinfinity.co.za/","","","https://maps.google.com/?hl=en_US&cid=0x0:0x145a488883e2fe86",""
"business","Security service","CIVA (Pty) Ltd.","57 Migmatite Dr, Zwartkop, Centurion, 0157","Centurion","Gauteng","","South Africa"," 0126431924","info@civasa.co.za","https://www.civa.co.za/","","","https://maps.google.com/?hl=en_US&cid=0x0:0xa44517ece141c331",""
"business","Corporate office","Centurion Business Forum","245 End St, Clubview, Centurion, 0014","Centurion","Gauteng","","South Africa"," 0126646559","","","","","https://maps.google.com/?hl=en_US&cid=0x0:0xc9d696bb782e5e3c",""
"business","Automation company","Nnovative Automation (PTY) LTD","Industrial Park, 93 Adriana Cres, Rooihuiskraal, Centurion, 0172","Centurion","Gauteng","","South Africa"," 0120010091","henk@nnasa.co.za","http://www.nnovative.co.za/","","","https://maps.google.com/?hl=en_US&cid=0x0:0x3bbea0d3d64341c5",""
"business","Computer support and services","ASG - IT Support Company - Centurion","29 Tshiomate Cl, Rooihuiskraal North, Centurion, 0154","Centurion","Gauteng","","South Africa"," 0119757521","sales@asg.co.za","https://www.asg.co.za/","","","https://maps.google.com/?hl=en_US&cid=0x0:0x7d166406b1beab04",""
"business","Business park","Centurion Office Park","1257 Embankment Rd, Zwartkop, Centurion, 0051","Centurion","Gauteng","","South Africa","","tumelom@anvilproperty.co.za","https://www.anvilproperty.co.za/commercial-property/office-space/to-rent/centurion/centurion-office-park-centurion-19","","","https://maps.google.com/?hl=en_US&cid=0x0:0x715104378f87f028",""
"business","Condominium complex","Hennops Industrial Park","167 Edison Cres, Hennopspark, Centurion, 0172","Centurion","Gauteng","","South Africa","","","","","","https://maps.google.com/?hl=en_US&cid=0x0:0x1823f2b3ee082bdc",""
"business","Geological service","VBKOM","95 Lyttelton Rd, Clubview, Centurion, 0014","Centurion","Gauteng","","South Africa"," 0126540004","info@vbkom.com","http://www.vbkom.com/","","","https://maps.google.com/?hl=en_US&cid=0x0:0xdbd865fba8b9ba5b",""
"business","Business management consultant","Small Business On-Track","Old Johannesburg Rd, Clubview, Centurion, 0014","Centurion","Gauteng","","South Africa"," 0836090180","","","","","https://maps.google.com/?hl=en_US&cid=0x0:0x7b23f45fb69237d5",""
"business","Distillery","Distillique","Unit 12 Coachmans, 26 Jakaranda St, Hennopspark, Centurion, 0157","Centurion","Gauteng","","South Africa"," 0126536871","sales@distillique.co.za","https://distillique.co.za/","","","https://maps.google.com/?hl=en_US&cid=0x0:0x8d3a9171734534b7",""
"business","Software company","Bezula Business Solutions","Unit 7 Jurg Ave, Hennopspark, Centurion, 0172","Centurion","Gauteng","","South Africa","","","","","","https://maps.google.com/?hl=en_US&cid=0x0:0x1228b3fc7238af68",""
"business","business","0172","Hennopspark, Centurion","Centurion","Gauteng","","South Africa","","","","","","https://maps.google.com/?hl=en_US&cid=0x0:0xe70cf4acaa77c9db",""
"business","Software company","LINQIT SOLUTIONS (PTY) LTD |","128 Cattle Egret Road Bondev Park, Eldoraigne, Centurion, 0157","Centurion","Gauteng","","South Africa"," 0120041753","","http://linqit.co.za/","","","https://maps.google.com/?hl=en_US&cid=0x0:0xf96b447df7b2adb6",""
"business","Office equipment supplier","Daisy Business Solutions Centurion Branch | COPIERS - PABX - CCTV","Building B, 1st floor, 274 Stokkiesdraai St, Erasmusrand, Pretoria, 0169","Pretoria","Gauteng","","South Africa"," 0126633864","info@daisy-gp.co.za","http://www.daisysolutions.co.za/","","","https://maps.google.com/?hl=en_US&cid=0x0:0xcc967a450c0eb10c",""
"business","Business park","Centurion Gate Business Park","146 Akkerboom St, Zwartkop, Centurion, 0051","Centurion","Gauteng","","South Africa","","info@aestheticartistry.co.za","https://centuriongate.co.za/","","","https://maps.google.com/?hl=en_US&cid=0x0:0x6294a9003b9f542f",""
"business","Business management consultant","EARN Business Solutions","M26, EARN, Plot 116, Knoppieslaagte 385-Jr, Centurion, 0157","Centurion","Gauteng","","South Africa"," 0126693012","info@earninternational.net","https://www.earnbizsolutions.com/","","","https://maps.google.com/?hl=en_US&cid=0x0:0x78914d2fc4125fbf",""
"business","business","N/A","","","Gauteng","","South Africa"," 0794690302","","","","","https://maps.google.com/?hl=en_US&cid=0x0:0xc6ccff137726ecf6",""
"business","Accountant","Bahne Business Accountants (Pty) Ltd","5 Maryland Rd, Pierre van Ryneveld Park, Centurion, 0045","Centurion","Gauteng","","South Africa"," 0722238314","","http://www.bahneba.co.za/","","","https://maps.google.com/?hl=en_US&cid=0x0:0x5a6c9b8ef708b931",""
"business","Business park","Highway Businesspark","South Avenue, 35 Park Ave, Rooihuiskraal, Centurion, 0154","Centurion","Gauteng","","South Africa"," 0872366204","","","","","https://maps.google.com/?hl=en_US&cid=0x0:0x471205580bda4203",""
"business","Business management consultant","Forever Business Owner Centurion","Stoneridge, Monavoni, Centurion, 0157","Centurion","Gauteng","","South Africa"," 0817031042","","","","","https://maps.google.com/?hl=en_US&cid=0x0:0x260a8646ba88b143",""
"business","Business management consultant","Corporate Value Consultancy","69 Breyten Street, 29 Wierda VIllage, Rooihuiskraal, Centurion, 0157","Centurion","Gauteng","","South Africa"," 0827809150","info@cvconsultancy.org","https://www.corporatevalueconsultancy.com/","","","https://maps.google.com/?hl=en_US&cid=0x0:0x6788aeaf0f7c655",""
"business","Software company","Enhanced Business Solutions cc","554 Main Rd, Erasmia, Centurion, 0183","Centurion","Gauteng","","South Africa"," 0126540249","","http://www.eb-solutions.co.za/","","","https://maps.google.com/?hl=en_US&cid=0x0:0x9aeb83e066b89e45",""
"business","Consultant","OLIEVE BUSINESS CONSULTING","EXT 37, 541 DIMPHO STREET, Olievenhoutbosch, Centurion, 0187","Centurion","Gauteng","","South Africa","","","","","","https://maps.google.com/?hl=en_US&cid=0x0:0x578b686bbce64952",""
"business","Accounting firm","EcoDux","3244 Green Thorn St, Olievenhoutbos 20, Centurion, 0001","Centurion","Gauteng","","South Africa"," 0634364220","info@ecodux.co.za","http://www.ecodux.co.za/","","","https://maps.google.com/?hl=en_US&cid=0x0:0xaa41355bbc85a0df",""
"business","Accounting firm","VILAMA Business and Tax Consulting","Ext 74, 4388 Carylke Kosmosdal, Centurion, 0157","Centurion","Gauteng","","South Africa"," 0115121585","","","","","https://maps.google.com/?hl=en_US&cid=0x0:0x851a34d14cb92c3a",""
"business","Corporate office","Samrand Business Park","48 Sterling Rd, Samrand Business Park, Centurion, 0187","Centurion","Gauteng","","South Africa","","","","","","https://maps.google.com/?hl=en_US&cid=0x0:0x7d726ee43037dc47",""
"business","Construction company","Revamp Arena (Business Consulting Services)","Blue Daisy Thatchfield Ridge Estate, 6640 Drakensberg Rd, Thatchfield, Centurion, 0157","Centurion","Gauteng","","South Africa"," 0835541770","","http://www.revamparena.co.za/","","","https://maps.google.com/?hl=en_US&cid=0x0:0xc071ac7438cbc3de",""
"business","business","N/A","","","Gauteng","","South Africa"," 0832286106","","http://www.quickcompanies.co.za/","","","https://maps.google.com/?hl=en_US&cid=0x0:0x95ca3f156cd020b2",""
"business","Corporate office","Mookodi Enterprise","Mookodi Pl, Kosmosdal, Centurion, 0157","Centurion","Gauteng","","South Africa"," 0115120345","info@mookodienterprise.co.za","http://mookodienterprise.co.za/","","","https://maps.google.com/?hl=en_US&cid=0x0:0x5547ec7ef19c2d58",""
"business","Computer support and services","Kawaii Business Solutions Pty Ltd","Ext 21, Unit 24 Khuliso St, Olievenhoutbosch, Centurion, 0175","Centurion","Gauteng","","South Africa"," 0725509177","","","","","https://maps.google.com/?hl=en_US&cid=0x0:0xef43c301242891ff",""
"business","Consultant","Bathabile Moreki","Unit 39 Olieven Plaza Cnr R55  Jakalassi Road Olievenhoutboschm, Centurion, 0157","Centurion","Gauteng","","South Africa"," 0788562521","","","","","https://maps.google.com/?hl=en_US&cid=0x0:0xdfb3d89785e67b5e",""
"business","Shipping company","iMvula HEALTHCARE LOGISTICS","5 Travertine Ave, Samrand Business Park, Centurion, 0175","Centurion","Gauteng","","South Africa"," 0127645800","tenders@imvula.net","http://www.imvula.net/","","","https://maps.google.com/?hl=en_US&cid=0x0:0x39ca5fa35b528f2",""
"business","Internet cafe","OLIEVE INTERNET CAFE  IT SOLUTION","Ext 37, 541 Dimpho St, Olievenhoutbosch, Centurion, 0175","Centurion","Gauteng","","South Africa"," 0813084143","","","","","https://maps.google.com/?hl=en_US&cid=0x0:0x8453bb073e67ac78",""
"business","business","N/A","","","Gauteng","","South Africa"," 0747074818","sales@impendulobc.co.za","http://www.impendulobc.co.za/","","","https://maps.google.com/?hl=en_US&cid=0x0:0xf98b8513b3f131ef",""
"business","Business management consultant","Corporate Value Consultancy","69 Breyten Street, 29 Wierda VIllage, Rooihuiskraal, Centurion, 0157","Centurion","Gauteng","","South Africa"," 0827809150","info@cvconsultancy.org","https://www.corporatevalueconsultancy.com/","","","https://maps.google.com/?hl=en_US&cid=0x0:0x6788aeaf0f7c655",""
"business","Software company","Is Where Business Is Made and Logistics name changed to Group 3I","6 Wildekastaiing Ave, Heuweloord, Centurion, 0173","Centurion","Gauteng","","South Africa"," 0623296257","","","","","https://maps.google.com/?hl=en_US&cid=0x0:0x6317597f94c48e9f",""
"business","Business park","Corporate Corner","Corporate Corner Blok, 11 Marco Polo Straat, 6 Grondvloer, Highveld, Centurion, 0157","Centurion","Gauteng","","South Africa","","","","","","https://maps.google.com/?hl=en_US&cid=0x0:0x1a83cb938be213f5",""
"business","Business management consultant","Nothile Consulting, Township Economic Transformation in Franchise Eco-System Model","Unit 39 Olievenhoutbosch Cnr Jakalassi  R55 Road Olievenhoutbosch, Centurion, 0157","Centurion","Gauteng","","South Africa"," 0767288110","","","","","https://maps.google.com/?hl=en_US&cid=0x0:0x4307cf1250947d29",""
"business","Software company","Excortex","Samrand Rd, Gauteng, Centurion, 0187","Centurion","Gauteng","","South Africa"," 0113187195","","","","","https://maps.google.com/?hl=en_US&cid=0x0:0x102ba7f73304b461",""
"business","Software company","Agile Innovations","Keymax Park, 9, 103 Sterling Rd, Samrand Business Park","Centurion","Gauteng","","South Africa"," 0871511351","","","","","https://maps.google.com/?hl=en_US&cid=0x0:0x8c8e253d5a2fcd4e",""
"business","Business management consultant","Cost Excellence (PTY) LTD","Ext 52, 90 Old Wood St, Kosmosdal, Centurion, 0157","Centurion","Gauteng","","South Africa"," 0824421638","","","","","https://maps.google.com/?hl=en_US&cid=0x0:0x9d8917e04ca0c057",""
"business","business","0175","Centurion","Centurion","Gauteng","","South Africa","","","","","","https://maps.google.com/?hl=en_US&cid=0x0:0x640485aec9865da2",""
"business","Accountant","Register Your Business (Pty) Ltd","5 Saxby Ave, West, Centurion, 0157","Centurion","Gauteng","","South Africa"," 0126601822","info@registeryourbusiness.co.za","http://www.registeryourbusiness.co.za/","","","https://maps.google.com/?hl=en_US&cid=0x0:0x516d72e345e6d1a4",""
"business","Business to business service","Limeroc Business Park","Limeroc Business Park, Knoppieslaagte 385-Jr, Centurion, 0157","Centurion","Gauteng","","South Africa"," 0744400777","info@limeroc.co.za","http://www.limeroc.co.za/","","","https://maps.google.com/?hl=en_US&cid=0x0:0x383f74d5d2c706a1",""
"business","Business management consultant","LJL Business Solutions","17 Viking Rd, Valhalla, Centurion, 0185","Centurion","Gauteng","","South Africa"," 0871636353","info@ljlbusiness-solutions.com","https://ljlbusiness-solutions.com/","","","https://maps.google.com/?hl=en_US&cid=0x0:0x8239afce35fc2759",""
"business","Business park","Centurion Office Park","1257 Embankment Rd, Zwartkop, Centurion, 0051","Centurion","Gauteng","","South Africa","","tumelom@anvilproperty.co.za","https://www.anvilproperty.co.za/commercial-property/office-space/to-rent/centurion/centurion-office-park-centurion-19","","","https://maps.google.com/?hl=en_US&cid=0x0:0x715104378f87f028",""
"business","Software company","LINQIT SOLUTIONS (PTY) LTD |","128 Cattle Egret Road Bondev Park, Eldoraigne, Centurion, 0157","Centurion","Gauteng","","South Africa"," 0120041753","","http://linqit.co.za/","","","https://maps.google.com/?hl=en_US&cid=0x0:0xf96b447df7b2adb6",""
"business","Software company","Enhanced Business Solutions cc","554 Main Rd, Erasmia, Centurion, 0183","Centurion","Gauteng","","South Africa"," 0126540249","","http://www.eb-solutions.co.za/","","","https://maps.google.com/?hl=en_US&cid=0x0:0x9aeb83e066b89e45",""
"business","Corporate office","BUSINESS CONDUCTOR","Oxford Office Park, Building 18, 3 Bauhinia St, Highveld Techno Park, Centurion","Centurion","Gauteng","","South Africa"," 0827704123","","","","","https://maps.google.com/?hl=en_US&cid=0x0:0x826103817b123bb2",""
"business","Business park","Centurion Gate Business Park","146 Akkerboom St, Zwartkop, Centurion, 0051","Centurion","Gauteng","","South Africa","","info@tasteoftennessee.co.za","https://centuriongate.co.za/","","","https://maps.google.com/?hl=en_US&cid=0x0:0x6294a9003b9f542f",""
"business","Office equipment supplier","Daisy Business Solutions Centurion Branch | COPIERS - PABX - CCTV","Building B, 1st floor, 274 Stokkiesdraai St, Erasmusrand, Pretoria, 0169","Pretoria","Gauteng","","South Africa"," 0126633864","info@daisy-gp.co.za","http://www.daisysolutions.co.za/","","","https://maps.google.com/?hl=en_US&cid=0x0:0xcc967a450c0eb10c",""
"business","Computer support and services","Business Connexion (Pty) Ltd.","1021 Lenchen Ave N, Centurion Central, Centurion, 0157","Centurion","Gauteng","","South Africa","","","","","","https://maps.google.com/?hl=en_US&cid=0x0:0xaffda9310c01108e",""
"business","Accountant","Register Your Business (Pty) Ltd","5 Saxby Ave, West, Centurion, 0157","Centurion","Gauteng","","South Africa"," 0126601822","info@registeryourbusiness.co.za","http://www.registeryourbusiness.co.za/","","","https://maps.google.com/?hl=en_US&cid=0x0:0x516d72e345e6d1a4",""
"business","Business park","Centurion Office Park","1257 Embankment Rd, Zwartkop, Centurion, 0051","Centurion","Gauteng","","South Africa","","tumelom@anvilproperty.co.za","https://www.anvilproperty.co.za/commercial-property/office-space/to-rent/centurion/centurion-office-park-centurion-19","","","https://maps.google.com/?hl=en_US&cid=0x0:0x715104378f87f028",""
"business","Business management consultant","Corporate Value Consultancy","69 Breyten Street, 29 Wierda VIllage, Rooihuiskraal, Centurion, 0157","Centurion","Gauteng","","South Africa"," 0827809150","info@cvconsultancy.org","https://www.corporatevalueconsultancy.com/","","","https://maps.google.com/?hl=en_US&cid=0x0:0x6788aeaf0f7c655",""
"business","Bus stop","Crossway Office Park","Die Hoewes, Centurion, 0163","Centurion","Gauteng","","South Africa","","","","","","https://maps.google.com/?hl=en_US&cid=0x0:0x173f4e4e5462299",""
"business","Business management consultant","LJL Business Solutions","17 Viking Rd, Valhalla, Centurion, 0185","Centurion","Gauteng","","South Africa"," 0871636353","info@ljlbusiness-solutions.com","https://ljlbusiness-solutions.com/","","","https://maps.google.com/?hl=en_US&cid=0x0:0x8239afce35fc2759",""
"business","Office equipment supplier","Daisy Business Solutions Centurion Branch | COPIERS - PABX - CCTV","Building B, 1st floor, 274 Stokkiesdraai St, Erasmusrand, Pretoria, 0169","Pretoria","Gauteng","","South Africa"," 0126633864","info@daisy-gp.co.za","http://www.daisysolutions.co.za/","","","https://maps.google.com/?hl=en_US&cid=0x0:0xcc967a450c0eb10c",""
"business","Business park","Corporate Corner","Corporate Corner Blok, 11 Marco Polo Straat, 6 Grondvloer, Highveld, Centurion, 0157","Centurion","Gauteng","","South Africa","","","","","","https://maps.google.com/?hl=en_US&cid=0x0:0x1a83cb938be213f5",""
"business","Business management consultant","DISCON Specialists","Falcon Crest Office Park, Grasdak, 142 South St, Doringkloof, Centurion, 0157","Centurion","Gauteng","","South Africa"," 0126675975","info@discon.co.za","https://www.disconspecialists.com/","","","https://maps.google.com/?hl=en_US&cid=0x0:0x4f1d7bd5658e201d",""
"business","Business park","Highway Businesspark","South Avenue, 35 Park Ave, Rooihuiskraal, Centurion, 0154","Centurion","Gauteng","","South Africa"," 0872366204","","","","","https://maps.google.com/?hl=en_US&cid=0x0:0x471205580bda4203",""
"business","Engineering consultant","Experto BDM Services","52 Lancelot, 106, Reddersburg St, Rooihuiskraal North, Centurion, 0157","Centurion","Gauteng","","South Africa"," 0832658013","","http://www.expertoconsulting.co.za/","","","https://maps.google.com/?hl=en_US&cid=0x0:0x7441af2a985e7733",""
"business","Software company","XContent Business Solutions","20 Charles De Gaulle Cres, Highveld, Centurion, 0169","Centurion","Gauteng","","South Africa"," 0110141778","query@xcontent.com","http://xcontent.com/","","","https://maps.google.com/?hl=en_US&cid=0x0:0xae121ea76fed4169",""
"business","Software company","Is Where Business Is Made and Logistics name changed to Group 3I","6 Wildekastaiing Ave, Heuweloord, Centurion, 0173","Centurion","Gauteng","","South Africa"," 0623296257","","","","","https://maps.google.com/?hl=en_US&cid=0x0:0x6317597f94c48e9f",""
"business","Business management consultant","EARN Business Solutions","M26, EARN, Plot 116, Knoppieslaagte 385-Jr, Centurion, 0157","Centurion","Gauteng","","South Africa"," 0126693012","info@earninternational.net","https://www.earnbizsolutions.com/","","","https://maps.google.com/?hl=en_US&cid=0x0:0x78914d2fc4125fbf",""
"business","Software company","Enhanced Business Solutions cc","554 Main Rd, Erasmia, Centurion, 0183","Centurion","Gauteng","","South Africa"," 0126540249","","http://www.eb-solutions.co.za/","","","https://maps.google.com/?hl=en_US&cid=0x0:0x9aeb83e066b89e45",""
"business","Business management consultant","Agility Centurion","272 West Ave, Die Hoewes, Centurion, 0157","Centurion","Gauteng","","South Africa","","","","","","https://maps.google.com/?hl=en_US&cid=0x0:0xb170e5a306a63c5a",""
"business","Business management consultant","B T S","267 West Ave, Lyttelton AH, Centurion, 0157","Centurion","Gauteng","","South Africa"," 0126636909","info@bts.com","http://www.bts.com/","","","https://maps.google.com/?hl=en_US&cid=0x0:0xdcf8640e69d9974f",""
"business","Engineering consultant","BCX - Industrial Solutions","48 Oak Ave, Highveld Techno Park, Centurion, 0169","Centurion","Gauteng","","South Africa"," 0128808463","","http://www.bcx.co.za/","","","https://maps.google.com/?hl=en_US&cid=0x0:0x8c09f0e8e9f6944c",""
"business","business","Gauteng","","","Gauteng","","South Africa","","","","","","https://maps.google.com/?hl=en_US&cid=0x0:0x6d9ee7c7cb5438e2",""
"business","Business management consultant","Maluti-X","Spaces, Byls Bridge, and, Spaces, Jean Ave, Doringkloof, Centurion","Centurion","Gauteng","","South Africa"," 0718502137","info@maluti-x.com","http://maluti-x.com/","","","https://maps.google.com/?hl=en_US&cid=0x0:0x510f31e120ca13f5",""
"business","Business management consultant","SOAR Centre","Plot 446, Kings Way, Lombardi Ave, Raslouw, Centurion, 0157","Centurion","Gauteng","","South Africa"," 0822607510","","http://www.soarcentre.co.za/","","","https://maps.google.com/?hl=en_US&cid=0x0:0x300e212f7f45bb69",""
"business","Business park","Spaces - Centurion, Spaces, Byls Bridge","Byls Bridge Office Park Building, 14 Block B, Gauteng, Centurion, 0157","Centurion","Gauteng","","South Africa"," 0120036600","","https://www.spacesworks.com/centurion/byls-bridge?utm_source>>u003dyext_places_gmb>>u0026utm_medium>>u003dplaces>>u0026utm_campaign>>u003dyext_traffic>>u0026utm_content>>u003d5042","","","https://maps.google.com/?hl=en_US&cid=0x0:0x20b779fd08bc1efe",""
"business","Corporate office","Centurion Business Forum","245 End St, Clubview, Centurion, 0014","Centurion","Gauteng","","South Africa"," 0126646559","","","","","https://maps.google.com/?hl=en_US&cid=0x0:0xc9d696bb782e5e3c",""
"business","Accounting firm","Bevolve Business Evolution","80 Lyttelton Rd, Clubview, Centurion, 0157","Centurion","Gauteng","","South Africa"," 0120040578","sales@bevolve.co.za","http://www.bevolve.co.za/","","","https://maps.google.com/?hl=en_US&cid=0x0:0x6d143dba1fd8fe93",""
"business","business","Centurion","","Centurion","Gauteng","","South Africa","","","","","","https://maps.google.com/?hl=en_US&cid=0x0:0x474f6dba7062227f",""
"business","Software company","Centbiz - Multipurpose Computer Technology Company","X18, 6 Oudtshoorn St, Eldoraigne, Centurion, 0157","Centurion","Gauteng","","South Africa"," 0608344447","francois@centbiz.co.za","https://centbiz.co.za/","","","https://maps.google.com/?hl=en_US&cid=0x0:0xf9cbe4bebb67eeb9",""
"business","Training centre","WWISE","254 Hall Street Westend Office Park, Building 2, Second floor, Die Hoewes, Centurion, 0163","Centurion","Gauteng","","South Africa"," 0861099473","admin@wwise.co.za","http://www.wwise.co.za/","","","https://maps.google.com/?hl=en_US&cid=0x0:0x85444fa8deec5539",""
"business","Property management company","GMI Property Group","63 Sovereign Dr, Route 21 Business Park, Centurion, 0178","Centurion","Gauteng","","South Africa"," 0123452997","","http://gmigroup.co.za/","","","https://maps.google.com/?hl=en_US&cid=0x0:0x87202b394e6ad249",""
"business","Insurance agency","Middel  Partners","First Floor, 25 Sovereign Dr, Route 21 Business Park, Centurion, 0178","Centurion","Gauteng","","South Africa"," 0123451877","info@middel.co.za","http://www.middel.co.za/","","","https://maps.google.com/?hl=en_US&cid=0x0:0x5dfb520beed9dbaa",""
"business","business","Route 21 Business Park","Centurion, 0178","Centurion","Gauteng","","South Africa","","","","","","https://maps.google.com/?hl=en_US&cid=0x0:0x164a9f8a696b5813",""
"business","Recruiter","Touchstone Enterprise Services Pty Ltd","82 Sovereign Dr, Route 21 Business Park, Centurion, 0178","Centurion","Gauteng","","South Africa"," 0827800059","","","","","https://maps.google.com/?hl=en_US&cid=0x0:0xc7344c2a36d5afde",""
"business","Business management consultant","ActionCOACH","55 Bradstone Rd, Cornwall Hill Country Estate, Centurion, 0178","Centurion","Gauteng","","South Africa"," 0126651015","southafrica@actioncoach.com","https://www.actioncoach.co.za/","","","https://maps.google.com/?hl=en_US&cid=0x0:0x30d1f2e5e54640d4",""
"business","Corporate office","Etion Create","Irene, 76 Regency Dr, Route 21 Business Park, Centurion, 0157","Centurion","Gauteng","","South Africa"," 0126789740","sales@etioncreate.co.za","https://www.etioncreate.co.za/","","","https://maps.google.com/?hl=en_US&cid=0x0:0xd1984cd38f18fc3d",""
"business","Training centre","CXO| Dynamic Business Solutions Pty (Ltd)","Route 21 Corporate Park Milestones Place - C: Block, 19 Sovereign Dr, Irene, Centurion, 0157","Centurion","Gauteng","","South Africa"," 0796622455","","","","","https://maps.google.com/?hl=en_US&cid=0x0:0xe1f13c35a2aa1e0d",""
"business","Engineering consultant","4most Systems (Pty) Ltd","121 Sovereign Dr, Route 21 Business Park, Centurion, 0178","Centurion","Gauteng","","South Africa"," 0123452505","info@4most.co.za","http://www.4most.co.za/","","","https://maps.google.com/?hl=en_US&cid=0x0:0x582e3314ec20b85a",""
"business","Corporate office","Southern Africa-Indian Ocean Division Head Office","Route 21 Business Park, Centurion, 0178","Centurion","Gauteng","","South Africa"," 0123457000","","http://www.sidadventist.org/","","","https://maps.google.com/?hl=en_US&cid=0x0:0xc3c4f4955a242226",""
"business","Automation company","Scibotron Corporation (Pty) Ltd.","14 Regency Dr, Route 21 Business Park, Centurion, 0157","Centurion","Gauteng","","South Africa"," 0120300340","","http://www.scibotron.co.za/","","","https://maps.google.com/?hl=en_US&cid=0x0:0x2d34540d41846638",""
"business","business","N/A","","","Gauteng","","South Africa"," 0662999940","leana@geared2solve.co.za","https://geared2solve.co.za/","","","https://maps.google.com/?hl=en_US&cid=0x0:0xd302dd8e8b286bc7",""
"business","Corporate office","ADI Pty Ltd","Route 21 Corporate Park,, Nelmapius Dr, Centurion, 0178","Centurion","Gauteng","","South Africa"," 0120071230","","","","","https://maps.google.com/?hl=en_US&cid=0x0:0x24160428916447c6",""
"business","Engineering consultant","Gibson Technologies","71 Regency Dr, Route 21 Business Park, Centurion, 0178","Centurion","Gauteng","","South Africa"," 0662994659","sales@gibsontech.co.za","https://gibsontech.co.za/","","","https://maps.google.com/?hl=en_US&cid=0x0:0x561ee7f79ff39f0f",""
"business","Engineering consultant","citofield","Corporate Park, DGE Offices 90 Sovereign Drive Route 21, Irene","Centurion","Gauteng","","South Africa"," 0719103636","","","","","https://maps.google.com/?hl=en_US&cid=0x0:0x73768aebce04569e",""
"business","Import export company","Global Sourcing","Corporate Park, Sovereign Dr, Route 21, Centurion, 0157","Centurion","Gauteng","","South Africa","","","","","","https://maps.google.com/?hl=en_US&cid=0x0:0x6f99d29dc9cd83a1",""
"business","Business park","Irene Corporate Corner","Irene Corporate Corner, Van Ryneveld Ave, Centurion, 0157","Centurion","Gauteng","","South Africa"," 0123455555","","","","","https://maps.google.com/?hl=en_US&cid=0x0:0x97bde993c0cd0e36",""
"business","Construction company","TTS Consulting  Design","20 Regency Dr, Route 21 Business Park, Centurion, 0178","Centurion","Gauteng","","South Africa"," 0861001277","info@ttscd.co.za","http://www.ttscd.co.za/","","","https://maps.google.com/?hl=en_US&cid=0x0:0x63a48b531c9a8d27",""
"business","business","0178","Centurion","Centurion","Gauteng","","South Africa","","","","","","https://maps.google.com/?hl=en_US&cid=0x0:0xfdab7e059ede9735",""
"business","Business management consultant","ActionCOACH Pieter Scholtz","55 Bradstone Road, Cornwall Hill Estate, Irene, Centurion, 0157","Centurion","Gauteng","","South Africa"," 0120022722","pieterscholtz@actioncoach.com","http://pieter-scholtz.com/","","","https://maps.google.com/?hl=en_US&cid=0x0:0x96e5fd6f63fd5cf9",""
"business","Business management consultant","Cheryl Muller Business and Executive Coach","147 Broadbury Circle, Cornwall Hill Estate, Irene, Centurion, 0178","Centurion","Gauteng","","South Africa"," 0769790604","","https://cherylmuller.actioncoach.com/","","","https://maps.google.com/?hl=en_US&cid=0x0:0x8c068597eadb72af",""
"business","Business management consultant","ZARON Business Solutions","Olievenhoutbosch, Centurion, 0187","Centurion","Gauteng","","South Africa"," 0127435449","","","","","https://maps.google.com/?hl=en_US&cid=0x0:0xf25660556a50acf7",""
"business","Consultant","OLIEVE BUSINESS CONSULTING","EXT 37, 541 DIMPHO STREET, Olievenhoutbosch, Centurion, 0187","Centurion","Gauteng","","South Africa","","","","","","https://maps.google.com/?hl=en_US&cid=0x0:0x578b686bbce64952",""
"business","Accountant","Kukinta - Accounting | Business Solutions  Services","1 Modisane St, Olievenhoutbosch, Centurion, 0187","Centurion","Gauteng","","South Africa","","","","","","https://maps.google.com/?hl=en_US&cid=0x0:0xeb3e0ce30fdd55d9",""
"business","Consultant","Bathabile Moreki","Unit 39 Olieven Plaza Cnr R55  Jakalassi Road Olievenhoutboschm, Centurion, 0157","Centurion","Gauteng","","South Africa"," 0788562521","","","","","https://maps.google.com/?hl=en_US&cid=0x0:0xdfb3d89785e67b5e",""
"business","Construction company","Revamp Arena (Business Consulting Services)","Blue Daisy Thatchfield Ridge Estate, 6640 Drakensberg Rd, Thatchfield, Centurion, 0157","Centurion","Gauteng","","South Africa"," 0835541770","","http://www.revamparena.co.za/","","","https://maps.google.com/?hl=en_US&cid=0x0:0xc071ac7438cbc3de",""
"business","Accounting firm","Masingita accounting","Buckthorn street Summerfield estate, Centurion, 0187","Centurion","Gauteng","","South Africa"," 0637886307","","","","","https://maps.google.com/?hl=en_US&cid=0x0:0x46887a21410d0ebf",""
"business","Corporate office","Mookodi Enterprise","Mookodi Pl, Kosmosdal, Centurion, 0157","Centurion","Gauteng","","South Africa"," 0115120345","info@mookodienterprise.co.za","http://mookodienterprise.co.za/","","","https://maps.google.com/?hl=en_US&cid=0x0:0x5547ec7ef19c2d58",""
"business","Corporate office","Samrand Business Park","48 Sterling Rd, Samrand Business Park, Centurion, 0187","Centurion","Gauteng","","South Africa","","","","","","https://maps.google.com/?hl=en_US&cid=0x0:0x7d726ee43037dc47",""
"business","Shipping company","iMvula HEALTHCARE LOGISTICS","5 Travertine Ave, Samrand Business Park, Centurion, 0175","Centurion","Gauteng","","South Africa"," 0127645800","tenders@imvula.net","http://www.imvula.net/","","","https://maps.google.com/?hl=en_US&cid=0x0:0x39ca5fa35b528f2",""
"business","Accounting firm","VILAMA Business and Tax Consulting","Ext 74, 4388 Carylke Kosmosdal, Centurion, 0157","Centurion","Gauteng","","South Africa"," 0115121585","","","","","https://maps.google.com/?hl=en_US&cid=0x0:0x851a34d14cb92c3a",""
"business","Housing development","Olievenhoutbosch, Extension 27","Plot 7 Rickalletta street, knoppieslaagte, Centurion, 0187","Centurion","Gauteng","","South Africa","","","","","","https://maps.google.com/?hl=en_US&cid=0x0:0x5a0fc71a0d951aa5",""
"business","Business management consultant","Nothile Consulting, Township Economic Transformation in Franchise Eco-System Model","Unit 39 Olievenhoutbosch Cnr Jakalassi  R55 Road Olievenhoutbosch, Centurion, 0157","Centurion","Gauteng","","South Africa"," 0767288110","","","","","https://maps.google.com/?hl=en_US&cid=0x0:0x4307cf1250947d29",""
"business","Engineering consultant","BIPS Consulting","6 Lavender Lane Summerfield Estate, Kosmosdal, Centurion, 0187","Centurion","Gauteng","","South Africa"," 0682816382","info@bipsconsulting.co.za","https://bipsconsulting.co.za/","","","https://maps.google.com/?hl=en_US&cid=0x0:0xfda7196980631fa1",""
"business","Road construction company","Infraset","West, Samrand Ave, Coqui Francolin Rd, Olievenhoutbosch, Centurion, 0187","Centurion","Gauteng","","South Africa"," 0126520000","","http://www.infraset.co.za/","","","https://maps.google.com/?hl=en_US&cid=0x0:0x2a9c286675d54815",""
"business","business","N/A","","","Gauteng","","South Africa"," 0832286106","","http://www.quickcompanies.co.za/","","","https://maps.google.com/?hl=en_US&cid=0x0:0x95ca3f156cd020b2",""
"business","Internet cafe","OLIEVE INTERNET CAFE  IT SOLUTION","Ext 37, 541 Dimpho St, Olievenhoutbosch, Centurion, 0175","Centurion","Gauteng","","South Africa"," 0813084143","","","","","https://maps.google.com/?hl=en_US&cid=0x0:0x8453bb073e67ac78",""
"business","Accounting firm","EcoDux","3244 Green Thorn St, Olievenhoutbos 20, Centurion, 0001","Centurion","Gauteng","","South Africa"," 0634364220","info@ecodux.co.za","http://www.ecodux.co.za/","","","https://maps.google.com/?hl=en_US&cid=0x0:0xaa41355bbc85a0df",""
"business","Business management consultant","TSRM Africa","Forest Hill City, The OfficeZone, Monavoni, 6692 Forest Beech St, Centurion, 0157","Centurion","Gauteng","","South Africa"," 0827564208","20re-soft@start.com","http://www.tsrmafrica.co.za/","","","https://maps.google.com/?hl=en_US&cid=0x0:0x44563fc2a2e46a5d",""
"business","business","0187","Centurion","Centurion","Gauteng","","South Africa","","","","","","https://maps.google.com/?hl=en_US&cid=0x0:0xcfe12c294638c415",""
"business","Business management consultant","Business Development Factory","3 Grassmoor, Spotlewerik Street, Heuwilsig Estate, Celtisdal, Centurion, Pretoria, 0157","Pretoria","Gauteng","","South Africa"," 0743290435","","","","","https://maps.google.com/?hl=en_US&cid=0x0:0x2d724468cde1a13",""
"business","Business management consultant","Forever Business Owner Centurion","Stoneridge, Monavoni, Centurion, 0157","Centurion","Gauteng","","South Africa"," 0817031042","","","","","https://maps.google.com/?hl=en_US&cid=0x0:0x260a8646ba88b143",""
"business","Business management consultant","Corporate Value Consultancy","69 Breyten Street, 29 Wierda VIllage, Rooihuiskraal, Centurion, 0157","Centurion","Gauteng","","South Africa"," 0827809150","info@cvconsultancy.org","https://www.corporatevalueconsultancy.com/","","","https://maps.google.com/?hl=en_US&cid=0x0:0x6788aeaf0f7c655",""
"business","Transportation service","ST Business Solutions (Pty) Ltd","22 Baystone, Heuwelsig Estate, Centurion, 0157","Centurion","Gauteng","","South Africa"," 0836082828","","","","","https://maps.google.com/?hl=en_US&cid=0x0:0xc48c104d6904ffb3",""
"business","Business management consultant","LJL Business Solutions","17 Viking Rd, Valhalla, Centurion, 0185","Centurion","Gauteng","","South Africa"," 0871636353","info@ljlbusiness-solutions.com","https://ljlbusiness-solutions.com/","","","https://maps.google.com/?hl=en_US&cid=0x0:0x8239afce35fc2759",""
"business","Business management consultant","B T S","267 West Ave, Lyttelton AH, Centurion, 0157","Centurion","Gauteng","","South Africa"," 0126636909","info@bts.com","http://www.bts.com/","","","https://maps.google.com/?hl=en_US&cid=0x0:0xdcf8640e69d9974f",""
"business","Accounting firm","AB Accounting  Business Advisory","39 Estcourt Ave, Wierdapark, Centurion, 0157","Centurion","Gauteng","","South Africa"," 0824493710","","https://www.facebook.com/abaccountingservices/","","","https://maps.google.com/?hl=en_US&cid=0x0:0xa37993ceab81587f",""
"business","business","N/A","","","Gauteng","","South Africa"," 0836277761","","http://www.globalbits.net/","","","https://maps.google.com/?hl=en_US&cid=0x0:0xe0d75bb0a60661cb",""
"business","Accountant","Register Your Business (Pty) Ltd","5 Saxby Ave, West, Centurion, 0157","Centurion","Gauteng","","South Africa"," 0126601822","info@registeryourbusiness.co.za","http://www.registeryourbusiness.co.za/","","","https://maps.google.com/?hl=en_US&cid=0x0:0x516d72e345e6d1a4",""
"business","Training centre","WWISE","254 Hall Street Westend Office Park, Building 2, Second floor, Die Hoewes, Centurion, 0163","Centurion","Gauteng","","South Africa"," 0861099473","admin@wwise.co.za","http://www.wwise.co.za/","","","https://maps.google.com/?hl=en_US&cid=0x0:0x85444fa8deec5539",""
"business","Chamber of Commerce","Diamond Chamber Cullinan","73 Oak Ave, Cullinan","Cullinan","Gauteng","","South Africa"," 0123052501","","","","","https://maps.google.com/?hl=en_US&cid=0x0:0x52e7be9431ffb66a",""
"business","business","Cullinan Diamond Lodge","2 Hotel St, Cullinan, 1000","Cullinan","Gauteng","","South Africa"," 0127342255","info@cullinandiamondlodge.co.za","http://www.cullinandiamondlodge.co.za/","","","https://maps.google.com/?hl=en_US&cid=0x0:0xa165d5c80e4a54fd",""
"business","Tourist attraction","Cullinan Diamond Mine Entrance","Olienhout Rd, Cullinan, 1000","","Gauteng","","South Africa"," 0123052435","investorrelations@petradiamonds.com","https://www.petradiamonds.com/","","","https://maps.google.com/?hl=en_US&cid=0x0:0xecfaa086a07000eb",""
"business","business","N/A","","","Gauteng","","South Africa","","","","","","https://maps.google.com/?hl=en_US&cid=0x0:0xc427b91d71de5112%7C/g/1pzy5gkp3%7Cen-ZA",""
"business","business","Cullinan Premier Hotel","1 Hotel St, Cullinan, 1000","Cullinan","Gauteng","","South Africa"," 0127341810","info@cullinanpremierhotel.co.za","http://www.cullinanpremierhotel.co.za/","","","https://maps.google.com/?hl=en_US&cid=0x0:0xc427b91d71de5112",""
"business","business","N/A","","","Gauteng","","South Africa","","","","","","https://maps.google.com/?hl=en_US&cid=0x0:0x9c19e29d23f43d1f%7C/g/1tgbs861%7Cen-ZA",""
"business","business","Liebencharm Guest House Cullinan","Plot 368 Kleinfontein, Gedeelte 81, District Cullinan, 0001","District Cullinan","Gauteng","","South Africa"," 0834175873","elsabe.liebencharm@gmail.com","http://www.liebencharm.co.za/","","","https://maps.google.com/?hl=en_US&cid=0x0:0x9c19e29d23f43d1f",""
"business","Business administration service","Dinokeng Chamber Of Commerce","86b Oak Ave, Cullinan, 1000","Cullinan","Gauteng","","South Africa"," 0656510444","","","","","https://maps.google.com/?hl=en_US&cid=0x0:0xc687dc35ce3ef147",""
"business","business","The Old Cabin BB Cullinan","51 5th St, Cullinan, 1000","Cullinan","Gauteng","","South Africa"," 0715236605","","","","","https://maps.google.com/?hl=en_US&cid=0x0:0x6fab0d43f67aa1fc",""
"business","business","117 on Oak","117 Oak Ave, Cullinan, 1000","Cullinan","Gauteng","","South Africa","","","","","","https://maps.google.com/?hl=en_US&cid=0x0:0x437477b2a08d7951",""
"business","Supermarket","Premier Dairy","105 Oak Ave, Cullinan, 1000","Cullinan","Gauteng","","South Africa"," 0127341123","","","","","https://maps.google.com/?hl=en_US&cid=0x0:0x79455f18af493488",""
"business","business","The Cullinan Inn","119 Oak Ave, Cullinan, 1000","Cullinan","Gauteng","","South Africa"," 0795121152","","","","","https://maps.google.com/?hl=en_US&cid=0x0:0x7786f877c85c847a",""
"business","business","Cullinan Lakeview Cottage","Baobab Ave, Cullinan, 1000","Cullinan","Gauteng","","South Africa"," 0829305180","","","","","https://maps.google.com/?hl=en_US&cid=0x0:0x326273104cac840c",""
"business","business","JanHarmsgat Guest House in Cullinan","8 Hospital Rd, Cullinan, 1000","Cullinan","Gauteng","","South Africa"," 0743225225","","","","","https://maps.google.com/?hl=en_US&cid=0x0:0x6685ca726975dab2",""
"business","Hardware store","Build it Cullinan","57 Colin Rd, Cullinan, 1000","Cullinan","Gauteng","","South Africa"," 0120100880","manager@cullinanbuildit.co.za","https://www.buildit.co.za/stores/view/build-it-cullinan-gauteng","","","https://maps.google.com/?hl=en_US&cid=0x0:0x18f6bbaaae9f554a",""
"business","Lawyer","Van der Merwe  Van der Merwe Attorneys","18 Ross Rd, Cullinan, 1000","Cullinan","Gauteng","","South Africa"," 0127341092","","","","","https://maps.google.com/?hl=en_US&cid=0x0:0x943c251b23b3e679",""
"business","Horseback riding service","Adventure Zone Cullinan","103 Oak Ave, Cullinan, 1000","Cullinan","Gauteng","","South Africa"," 0127340507","info@adventurezone.co.za","http://www.adventurezone.co.za/","","","https://maps.google.com/?hl=en_US&cid=0x0:0x1248d604c81a8a05",""
"business","business","N/A","","","Gauteng","","South Africa"," 0615292039","","","","","https://maps.google.com/?hl=en_US&cid=0x0:0x2417f02f3bcd0dde",""
"business","Liquor store","SPAR Cullinan","Shop 30, Diamond Mart, Oak Ave, Cullinan, 1000","Cullinan","Gauteng","","South Africa"," 0127342424","","https://www.spar.co.za/Home/Store-View/SPAR-Mandini-Renckens-KwaZulu-Natal","","","https://maps.google.com/?hl=en_US&cid=0x0:0x45f358c10a7b1238",""
"business","business","Cullinan","1000","Cullinan","Gauteng","","South Africa","","","","","","https://maps.google.com/?hl=en_US&cid=0x0:0x53d56f1ff8584484",""
"business","Restaurant","Cullinan Premier Restaurant","Cullinan, 1000","Cullinan","Gauteng","","South Africa"," 0659263520","","","","","https://maps.google.com/?hl=en_US&cid=0x0:0x840fae548243bdb5",""
"business","business","Gauteng","","","Gauteng","","South Africa","","","","","","https://maps.google.com/?hl=en_US&cid=0x0:0x6d9ee7c7cb5438e2",""
"business","Steel construction company","MLM-Ben's","Cnr R513 and, Jackson Rd, Cullinan, 1000","","Gauteng","","South Africa"," 0127320416","","","","","https://maps.google.com/?hl=en_US&cid=0x0:0x9fe6364738ae2701",""
"business","business","N/A","","","Gauteng","","South Africa"," 0723266662","","https://www.vusikokela.co.za/","","","https://maps.google.com/?hl=en_US&cid=0x0:0xba5e40a29bfc264b",""
"business","Airport","Lanseria International Airport","Airport Rd, Lanseria, 1748","Lanseria","Gauteng","","South Africa"," 0113670300","pr@lanseria.co.za","http://www.lanseria.co.za/","","","https://maps.google.com/?hl=en_US&cid=0x0:0x4d2ca13863e40ab6",""
"business","Mining company","T G P Mining (Pty) Ltd","Olienhout Rd, Cullinan, 1000","Cullinan","Gauteng","","South Africa"," 0123052453","","http://www.tgp.co.za/","","","https://maps.google.com/?hl=en_US&cid=0x0:0x98b457084f15267",""
"business","Chamber of Commerce","Diamond Chamber Cullinan","73 Oak Ave, Cullinan","Cullinan","Gauteng","","South Africa"," 0123052501","","","","","https://maps.google.com/?hl=en_US&cid=0x0:0x52e7be9431ffb66a",""
"business","Business administration service","Dinokeng Chamber Of Commerce","86b Oak Ave, Cullinan, 1000","Cullinan","Gauteng","","South Africa"," 0656510444","","","","","https://maps.google.com/?hl=en_US&cid=0x0:0xc687dc35ce3ef147",""
"business","business","N/A","","","Gauteng","","South Africa","","","","","","https://maps.google.com/?hl=en_US&cid=0x0:0x9c19e29d23f43d1f%7C/g/1tgbs861%7Cen-ZA",""
"business","business","Liebencharm Guest House Cullinan","Plot 368 Kleinfontein, Gedeelte 81, District Cullinan, 0001","District Cullinan","Gauteng","","South Africa"," 0834175873","elsabe.liebencharm@gmail.com","http://www.liebencharm.co.za/","","","https://maps.google.com/?hl=en_US&cid=0x0:0x9c19e29d23f43d1f",""
"business","Tourist attraction","Cullinan Diamond Mine Entrance","Olienhout Rd, Cullinan, 1000","","Gauteng","","South Africa"," 0123052435","investorrelations@petradiamonds.com","https://www.petradiamonds.com/","","","https://maps.google.com/?hl=en_US&cid=0x0:0xecfaa086a07000eb",""
"business","General store","Premier Mine","Cullinan","Cullinan","Gauteng","","South Africa","","","","","","https://maps.google.com/?hl=en_US&cid=0x0:0x4af3b76b15ae9e4",""
"business","business","Cullinan Diamond Lodge","2 Hotel St, Cullinan, 1000","Cullinan","Gauteng","","South Africa"," 0127342255","info@cullinandiamondlodge.co.za","http://www.cullinandiamondlodge.co.za/","","","https://maps.google.com/?hl=en_US&cid=0x0:0xa165d5c80e4a54fd",""
"business","Guest house","Simps Fuels","Plot S20, Bynespoort, Cullinan, 0001","Cullinan","Gauteng","","South Africa"," 0826298249","","","","","https://maps.google.com/?hl=en_US&cid=0x0:0x1a303824911de1b0",""
"business","City government office","Magistrate Court Cullinan","2 School Wy, Cullinan, 1000","Cullinan","Gauteng","","South Africa"," 0127341024","","https://www.justice.gov.za/contact/lowercourts_full.html","","","https://maps.google.com/?hl=en_US&cid=0x0:0x59a99dfba49de7af",""
"business","Hardware store","Build it Cullinan","57 Colin Rd, Cullinan, 1000","Cullinan","Gauteng","","South Africa"," 0120100880","manager@cullinanbuildit.co.za","https://www.buildit.co.za/stores/view/build-it-cullinan-gauteng","","","https://maps.google.com/?hl=en_US&cid=0x0:0x18f6bbaaae9f554a",""
"business","Guest house","Cullinan Diamond Flats","Cnr, Library Ave, Cullinan, 1000","Cullinan","Gauteng","","South Africa","","","","","","https://maps.google.com/?hl=en_US&cid=0x0:0x61bb182b5bbcc011",""
"business","Health consultant","PHEZULU Solutions","17A Range Rd, Cullinan, 1000","Cullinan","Gauteng","","South Africa","","karien@phezulusolutions.com","http://www.phezulusolutions.co.za/","","","https://maps.google.com/?hl=en_US&cid=0x0:0x6e26578e48166188",""
"business","business","N/A","","","Gauteng","","South Africa"," 0842004504","","","","","https://maps.google.com/?hl=en_US&cid=0x0:0xb06934931e0e76d9",""
"business","Apartment complex","Cullinan Single Quaters","55 Marula Rd, Cullinan, 1000","Cullinan","Gauteng","","South Africa","","","","","","https://maps.google.com/?hl=en_US&cid=0x0:0x798f31ece4d8eb69",""
"business","","Cullinan Office Park","35 Cullinan Cl, Morningside, Sandton, 2057","Sandton","Gauteng","","South Africa","","","","","","https://maps.google.com/?hl=en_US&cid=0x0:0xb1ef7bc76709412f",""
"business","business","N/A","","","Gauteng","","South Africa","","","","","","https://maps.google.com/?hl=en_US&cid=0x0:0xc427b91d71de5112%7C/g/1pzy5gkp3%7Cen-ZA",""
"business","business","Cullinan Premier Hotel","1 Hotel St, Cullinan, 1000","Cullinan","Gauteng","","South Africa"," 0127341810","info@cullinanpremierhotel.co.za","http://www.cullinanpremierhotel.co.za/","","","https://maps.google.com/?hl=en_US&cid=0x0:0xc427b91d71de5112",""
"business","business","The Cullinan Inn","119 Oak Ave, Cullinan, 1000","Cullinan","Gauteng","","South Africa"," 0795121152","","","","","https://maps.google.com/?hl=en_US&cid=0x0:0x7786f877c85c847a",""
"business","business","117 on Oak","117 Oak Ave, Cullinan, 1000","Cullinan","Gauteng","","South Africa","","","","","","https://maps.google.com/?hl=en_US&cid=0x0:0x437477b2a08d7951",""
"business","Sewage treatment plant","Magalies Water - Cullinan Water Treatment Plant","Cullinan","Cullinan","Gauteng","","South Africa","","","http://www.magalieswater.co.za/","","","https://maps.google.com/?hl=en_US&cid=0x0:0xf874c1b0c8d1c022",""
"business","business","Cullinan Lakeview Cottage","Baobab Ave, Cullinan, 1000","Cullinan","Gauteng","","South Africa"," 0829305180","","","","","https://maps.google.com/?hl=en_US&cid=0x0:0x326273104cac840c",""
"business","Event management company","Eyrie Air (Pty)Ltd","Plot 06 PTN 273 JR Zokol, Cullinan, 1000","Cullinan","Gauteng","","South Africa"," 0837560901","","","","","https://maps.google.com/?hl=en_US&cid=0x0:0x4c797ca753a77ded",""
"business","business","Gauteng","","","Gauteng","","South Africa","","","","","","https://maps.google.com/?hl=en_US&cid=0x0:0x6d9ee7c7cb5438e2",""
"business","Auto body shop","Bucco Canopies (Gauteng)","28 Coronation St, Cullinan, 1000","Cullinan","Gauteng","","South Africa"," 0659251144","","","","","https://maps.google.com/?hl=en_US&cid=0x0:0x24cdca02da5eccb7",""
"business","Lawyer","Van der Merwe  Van der Merwe Attorneys","18 Ross Rd, Cullinan, 1000","Cullinan","Gauteng","","South Africa"," 0127341092","","","","","https://maps.google.com/?hl=en_US&cid=0x0:0x943c251b23b3e679",""
"business","business","N/A","","","Gauteng","","South Africa"," 0615292039","","","","","https://maps.google.com/?hl=en_US&cid=0x0:0x2417f02f3bcd0dde",""
"business","Business management consultant","The Sales Enablement Company","28 Sturdee Ave, Rosebank, Johannesburg, 2196","Johannesburg","Gauteng","","South Africa"," 0103351182","success@theenablement.com","http://www.theenablement.com/","","","https://maps.google.com/?hl=en_US&cid=0x0:0x50020f3be991042a",""
"business","Airport","Lanseria International Airport","Airport Rd, Lanseria, 1748","Lanseria","Gauteng","","South Africa"," 0113670300","pr@lanseria.co.za","http://www.lanseria.co.za/","","","https://maps.google.com/?hl=en_US&cid=0x0:0x4d2ca13863e40ab6",""
"business","Liquor store","SPAR Cullinan","Shop 30, Diamond Mart, Oak Ave, Cullinan, 1000","Cullinan","Gauteng","","South Africa"," 0127342424","","https://www.spar.co.za/Home/Store-View/SPAR-Mandini-Renckens-KwaZulu-Natal","","","https://maps.google.com/?hl=en_US&cid=0x0:0x45f358c10a7b1238",""
"business","Chamber of Commerce","Diamond Chamber Cullinan","73 Oak Ave, Cullinan","Cullinan","Gauteng","","South Africa"," 0123052501","","","","","https://maps.google.com/?hl=en_US&cid=0x0:0x52e7be9431ffb66a",""
"business","City government office","Tshwane Building Plans Cullinan Offices","Cullinan","Cullinan","Gauteng","","South Africa","","","","","","https://maps.google.com/?hl=en_US&cid=0x0:0x71fc624eb8094382",""
"business","Tourist attraction","Cullinan Diamond Mine Entrance","Olienhout Rd, Cullinan, 1000","","Gauteng","","South Africa"," 0123052435","investorrelations@petradiamonds.com","https://www.petradiamonds.com/","","","https://maps.google.com/?hl=en_US&cid=0x0:0xecfaa086a07000eb",""
"business","business","Cullinan Diamond Lodge","2 Hotel St, Cullinan, 1000","Cullinan","Gauteng","","South Africa"," 0127342255","info@cullinandiamondlodge.co.za","http://www.cullinandiamondlodge.co.za/","","","https://maps.google.com/?hl=en_US&cid=0x0:0xa165d5c80e4a54fd",""
"business","business","The Old Cabin BB Cullinan","51 5th St, Cullinan, 1000","Cullinan","Gauteng","","South Africa"," 0715236605","","","","","https://maps.google.com/?hl=en_US&cid=0x0:0x6fab0d43f67aa1fc",""
"business","business","The Cullinan Inn","119 Oak Ave, Cullinan, 1000","Cullinan","Gauteng","","South Africa"," 0795121152","","","","","https://maps.google.com/?hl=en_US&cid=0x0:0x7786f877c85c847a",""
"business","business","Cheval Tachete","85 R513, 1000","","Gauteng","","South Africa"," 0823026564","","","","","https://maps.google.com/?hl=en_US&cid=0x0:0x7623937703c24008",""
"business","business","117 on Oak","117 Oak Ave, Cullinan, 1000","Cullinan","Gauteng","","South Africa","","","","","","https://maps.google.com/?hl=en_US&cid=0x0:0x437477b2a08d7951",""
"business","business","JanHarmsgat Guest House in Cullinan","8 Hospital Rd, Cullinan, 1000","Cullinan","Gauteng","","South Africa"," 0743225225","","","","","https://maps.google.com/?hl=en_US&cid=0x0:0x6685ca726975dab2",""
"business","business","Yesterdays Dream Guesthouse","95 Zonderwater Rd, Cullinan, 1000","Cullinan","Gauteng","","South Africa"," 0825720845","","","","","https://maps.google.com/?hl=en_US&cid=0x0:0x513e57195313ee57",""
"business","business","Dolphin Whisper Guest House","81 Library Ave, Cullinan, 1000","Cullinan","Gauteng","","South Africa"," 0127342463","lihanna@dolphinwhisper.co.za","http://dolphinwhisper.co.za/","","","https://maps.google.com/?hl=en_US&cid=0x0:0x1bada391863872a2",""
"business","General store","Premier Mine","Cullinan","Cullinan","Gauteng","","South Africa","","","","","","https://maps.google.com/?hl=en_US&cid=0x0:0x4af3b76b15ae9e4",""
"business","Steel construction company","MLM-Ben's","Cnr R513 and, Jackson Rd, Cullinan, 1000","","Gauteng","","South Africa"," 0127320416","","","","","https://maps.google.com/?hl=en_US&cid=0x0:0x9fe6364738ae2701",""
"business","Health consultant","PHEZULU Solutions","17A Range Rd, Cullinan, 1000","Cullinan","Gauteng","","South Africa","","karien@phezulusolutions.com","http://www.phezulusolutions.co.za/","","","https://maps.google.com/?hl=en_US&cid=0x0:0x6e26578e48166188",""
"business","Animal feed store","KWD Feeds Cullinan","Jackson Str, Cullinan, 1000","Cullinan","Gauteng","","South Africa"," 0744237137","","","","","https://maps.google.com/?hl=en_US&cid=0x0:0x5f08357dcc2f534",""
"business","Business administration service","Dinokeng Chamber Of Commerce","86b Oak Ave, Cullinan, 1000","Cullinan","Gauteng","","South Africa"," 0656510444","","","","","https://maps.google.com/?hl=en_US&cid=0x0:0xc687dc35ce3ef147",""
"business","Apartment complex","Cullinan Single Quaters","55 Marula Rd, Cullinan, 1000","Cullinan","Gauteng","","South Africa","","","","","","https://maps.google.com/?hl=en_US&cid=0x0:0x798f31ece4d8eb69",""
"business","Lighting manufacturer","Second Life Lights","29 Park Rd, Cullinan, Pretoria, 1000","Pretoria","Gauteng","","South Africa"," 0790891677","diverse.cr3ations@gmail.com","https://diversecr3ations.wixsite.com/second-life-lights","","","https://maps.google.com/?hl=en_US&cid=0x0:0x1ffd2a67581d7e3f",""
"business","Computer support and services","TechnoFudge IT Solutions","08 Tambotie Street, Zonderwater Rd, Cullinan, 1002","Cullinan","Gauteng","","South Africa"," 0845192494","filler@godaddy.com","https://technofudgeitsolutions.co.za/","","","https://maps.google.com/?hl=en_US&cid=0x0:0xf2429f884c075c64",""
"business","Electronics store","Land Scan Trading","Shopping Centre, Shop No. 4, 4-Way, R513 Street, Cullinan, 1000","Cullinan","Gauteng","","South Africa"," 0717890004","","","","","https://maps.google.com/?hl=en_US&cid=0x0:0x3f7ed30395a4eea",""
"business","Roofing contractor","cullinan general engineering","Ko-Op Sentrum, Unit3B, R515, Cullinan, 1000","Cullinan","Gauteng","","South Africa"," 0780848592","","","","","https://maps.google.com/?hl=en_US&cid=0x0:0x97cbd472bae2cb21",""
"business","City government office","Magistrate Court Cullinan","2 School Wy, Cullinan, 1000","Cullinan","Gauteng","","South Africa"," 0127341024","","https://www.justice.gov.za/contact/lowercourts_full.html","","","https://maps.google.com/?hl=en_US&cid=0x0:0x59a99dfba49de7af",""
"business","Guest house","Destiny Lodge","Plot, 24 Lewzene Rd, Cullinan, 1000","Cullinan","Gauteng","","South Africa"," 0127369051","info@destinylodgecullinan.com","http://www.destinylodgecullinan.com/","","","https://maps.google.com/?hl=en_US&cid=0x0:0x734359f5891c4f0a",""
"business","Civil engineering company","Cullinan Projects (Pty) Ltd","Collin Road, Cullinan, 1000","Cullinan","Gauteng","","South Africa"," 0715111163","","","","","https://maps.google.com/?hl=en_US&cid=0x0:0x46af2b4e76618633",""
"business","business","N/A","","","Gauteng","","South Africa"," 0842004504","","","","","https://maps.google.com/?hl=en_US&cid=0x0:0xb06934931e0e76d9",""
"business","Electrical engineer","SSS ELECTRICAL (Pty) Ltd","10 Jakaranda Ave, Cullinan, 1000","Cullinan","Gauteng","","South Africa"," 0723629333","info@ssselectrical.co.za","http://www.ssselectrical.co.za/","","","https://maps.google.com/?hl=en_US&cid=0x0:0x2e120bcba3f72bea",""
"business","business","Cullinan","1000","Cullinan","Gauteng","","South Africa","","","","","","https://maps.google.com/?hl=en_US&cid=0x0:0x53d56f1ff8584484",""
"business","Auto body shop","Bucco Canopies (Gauteng)","28 Coronation St, Cullinan, 1000","Cullinan","Gauteng","","South Africa"," 0659251144","","","","","https://maps.google.com/?hl=en_US&cid=0x0:0x24cdca02da5eccb7",""
"business","Mining company","A4G Holdings","22 R513, Cullinan, 1000","Cullinan","Gauteng","","South Africa"," 0636936601","","http://www.a-4-g.com/","","","https://maps.google.com/?hl=en_US&cid=0x0:0x1c102f0ac00b7e6a",""
"business","Chamber of Commerce","Diamond Chamber Cullinan","73 Oak Ave, Cullinan","Cullinan","Gauteng","","South Africa"," 0123052501","","","","","https://maps.google.com/?hl=en_US&cid=0x0:0x52e7be9431ffb66a",""
"business","Business administration service","Dinokeng Chamber Of Commerce","86b Oak Ave, Cullinan, 1000","Cullinan","Gauteng","","South Africa"," 0656510444","","","","","https://maps.google.com/?hl=en_US&cid=0x0:0xc687dc35ce3ef147",""
"business","Accounting firm","Initiative Management Services - Tax Practitioner","18 cnr R513 , Catherine Rd, Cullinan, 1000","","Gauteng","","South Africa"," 0828706494","","","","","https://maps.google.com/?hl=en_US&cid=0x0:0x929daa8a5fe57149",""
"business","Tourist attraction","Cullinan Diamond Mine Entrance","Olienhout Rd, Cullinan, 1000","","Gauteng","","South Africa"," 0123052435","investorrelations@petradiamonds.com","https://www.petradiamonds.com/","","","https://maps.google.com/?hl=en_US&cid=0x0:0xecfaa086a07000eb",""
"business","Sewage treatment plant","Magalies Water - Cullinan Water Treatment Plant","Cullinan","Cullinan","Gauteng","","South Africa","","","http://www.magalieswater.co.za/","","","https://maps.google.com/?hl=en_US&cid=0x0:0xf874c1b0c8d1c022",""
"business","business","N/A","","","Gauteng","","South Africa","","","","","","https://maps.google.com/?hl=en_US&cid=0x0:0x9c19e29d23f43d1f%7C/g/1tgbs861%7Cen-ZA",""
"business","Health consultant","PHEZULU Solutions","17A Range Rd, Cullinan, 1000","Cullinan","Gauteng","","South Africa","","karien@phezulusolutions.com","http://www.phezulusolutions.co.za/","","","https://maps.google.com/?hl=en_US&cid=0x0:0x6e26578e48166188",""
"business","business","Liebencharm Guest House Cullinan","Plot 368 Kleinfontein, Gedeelte 81, District Cullinan, 0001","District Cullinan","Gauteng","","South Africa"," 0834175873","elsabe.liebencharm@gmail.com","http://www.liebencharm.co.za/","","","https://maps.google.com/?hl=en_US&cid=0x0:0x9c19e29d23f43d1f",""
"business","General store","Premier Mine","Cullinan","Cullinan","Gauteng","","South Africa","","","","","","https://maps.google.com/?hl=en_US&cid=0x0:0x4af3b76b15ae9e4",""
"business","business","N/A","","","Gauteng","","South Africa"," 0842004504","","","","","https://maps.google.com/?hl=en_US&cid=0x0:0xb06934931e0e76d9",""
"business","Apartment complex","Cullinan Single Quaters","55 Marula Rd, Cullinan, 1000","Cullinan","Gauteng","","South Africa","","","","","","https://maps.google.com/?hl=en_US&cid=0x0:0x798f31ece4d8eb69",""
"business","business","Cullinan Diamond Lodge","2 Hotel St, Cullinan, 1000","Cullinan","Gauteng","","South Africa"," 0127342255","info@cullinandiamondlodge.co.za","http://www.cullinandiamondlodge.co.za/","","","https://maps.google.com/?hl=en_US&cid=0x0:0xa165d5c80e4a54fd",""
"business","business","N/A","","","Gauteng","","South Africa","","","","","","https://maps.google.com/?hl=en_US&cid=0x0:0xc427b91d71de5112%7C/g/1pzy5gkp3%7Cen-ZA",""
"business","business","Cullinan Premier Hotel","1 Hotel St, Cullinan, 1000","Cullinan","Gauteng","","South Africa"," 0127341810","info@cullinanpremierhotel.co.za","http://www.cullinanpremierhotel.co.za/","","","https://maps.google.com/?hl=en_US&cid=0x0:0xc427b91d71de5112",""
"business","Guest house","Simps Fuels","Plot S20, Bynespoort, Cullinan, 0001","Cullinan","Gauteng","","South Africa"," 0826298249","","","","","https://maps.google.com/?hl=en_US&cid=0x0:0x1a303824911de1b0",""
"business","Liquor store","SPAR Cullinan","Shop 30, Diamond Mart, Oak Ave, Cullinan, 1000","Cullinan","Gauteng","","South Africa"," 0127342424","","https://www.spar.co.za/Home/Store-View/SPAR-Mandini-Renckens-KwaZulu-Natal","","","https://maps.google.com/?hl=en_US&cid=0x0:0x45f358c10a7b1238",""
"business","Guest house","JanHarmsgat se Agterplaas in Cullinan","88 Oak Ave, Cullinan, 1000","Cullinan","Gauteng","","South Africa"," 0822552465","","http://www.janharmsgat.co.za/","","","https://maps.google.com/?hl=en_US&cid=0x0:0x95400906b402605d",""
"business","business","N/A","","","Gauteng","","South Africa"," 0615292039","","","","","https://maps.google.com/?hl=en_US&cid=0x0:0x2417f02f3bcd0dde",""
"business","Condominium complex","Cullinan Marikana","Cullinan, Marikana, 1000","Marikana","Gauteng","","South Africa"," 0768720931","","","","","https://maps.google.com/?hl=en_US&cid=0x0:0x928db2d2000a1b4c",""
"business","Marketing agency","Marketing Kamoka","109 Oak Ave, Cullinan, 1000","Cullinan","Gauteng","","South Africa"," 0680192524","","","","","https://maps.google.com/?hl=en_US&cid=0x0:0xee3faf90cc46a19e",""
"business","Event management company","Eyrie Air (Pty)Ltd","Plot 06 PTN 273 JR Zokol, Cullinan, 1000","Cullinan","Gauteng","","South Africa"," 0837560901","","","","","https://maps.google.com/?hl=en_US&cid=0x0:0x4c797ca753a77ded",""
"business","business","Gauteng","","","Gauteng","","South Africa","","","","","","https://maps.google.com/?hl=en_US&cid=0x0:0x6d9ee7c7cb5438e2",""
"business","business","JanHarmsgat Guest House in Cullinan","8 Hospital Rd, Cullinan, 1000","Cullinan","Gauteng","","South Africa"," 0743225225","","","","","https://maps.google.com/?hl=en_US&cid=0x0:0x6685ca726975dab2",""
"business","City government office","Tshwane Building Plans Cullinan Offices","Cullinan","Cullinan","Gauteng","","South Africa","","","","","","https://maps.google.com/?hl=en_US&cid=0x0:0x71fc624eb8094382",""
"business","Steel construction company","MLM-Ben's","Cnr R513 and, Jackson Rd, Cullinan, 1000","","Gauteng","","South Africa"," 0127320416","","","","","https://maps.google.com/?hl=en_US&cid=0x0:0x9fe6364738ae2701",""
"business","Carpenter","Emmalia Enterprise PTY (LTD)","Cullinan, 1003","Cullinan","Gauteng","","South Africa"," 0843468913","","","","","https://maps.google.com/?hl=en_US&cid=0x0:0x9940fe7360180dd4",""
"business","Mining company","A4G Holdings","22 R513, Cullinan, 1000","Cullinan","Gauteng","","South Africa"," 0636936601","","http://www.a-4-g.com/","","","https://maps.google.com/?hl=en_US&cid=0x0:0x1c102f0ac00b7e6a",""
"business","Computer support and services","TechnoFudge IT Solutions","08 Tambotie Street, Zonderwater Rd, Cullinan, 1002","Cullinan","Gauteng","","South Africa"," 0845192494","filler@godaddy.com","https://technofudgeitsolutions.co.za/","","","https://maps.google.com/?hl=en_US&cid=0x0:0xf2429f884c075c64",""
"business","Airport","Lanseria International Airport","Airport Rd, Lanseria, 1748","Lanseria","Gauteng","","South Africa"," 0113670300","pr@lanseria.co.za","http://www.lanseria.co.za/","","","https://maps.google.com/?hl=en_US&cid=0x0:0x4d2ca13863e40ab6",""
"business","Event management company","Eyrie Air (Pty)Ltd","Plot 06 PTN 273 JR Zokol, Cullinan, 1000","Cullinan","Gauteng","","South Africa"," 0837560901","","","","","https://maps.google.com/?hl=en_US&cid=0x0:0x4c797ca753a77ded",""
"business","Accounting firm","Initiative Management Services - Tax Practitioner","18 cnr R513 , Catherine Rd, Cullinan, 1000","","Gauteng","","South Africa"," 0828706494","","","","","https://maps.google.com/?hl=en_US&cid=0x0:0x929daa8a5fe57149",""
"business","Business administration service","Dinokeng Chamber Of Commerce","86b Oak Ave, Cullinan, 1000","Cullinan","Gauteng","","South Africa"," 0656510444","","","","","https://maps.google.com/?hl=en_US&cid=0x0:0xc687dc35ce3ef147",""
"business","Guest house","Simps Fuels","Plot S20, Bynespoort, Cullinan, 0001","Cullinan","Gauteng","","South Africa"," 0826298249","","","","","https://maps.google.com/?hl=en_US&cid=0x0:0x1a303824911de1b0",""
"business","business","N/A","","","Gauteng","","South Africa"," 0734881471","","","","","https://maps.google.com/?hl=en_US&cid=0x0:0xbb44a4cf08c90d74",""
"business","business","N/A","","","Gauteng","","South Africa"," 0615292039","","","","","https://maps.google.com/?hl=en_US&cid=0x0:0x2417f02f3bcd0dde",""
"business","Tourist attraction","Cullinan Diamond Mine Entrance","Olienhout Rd, Cullinan, 1000","","Gauteng","","South Africa"," 0123052435","investorrelations@petradiamonds.com","https://www.petradiamonds.com/","","","https://maps.google.com/?hl=en_US&cid=0x0:0xecfaa086a07000eb",""
"business","Health consultant","PHEZULU Solutions","17A Range Rd, Cullinan, 1000","Cullinan","Gauteng","","South Africa","","karien@phezulusolutions.com","http://www.phezulusolutions.co.za/","","","https://maps.google.com/?hl=en_US&cid=0x0:0x6e26578e48166188",""
"business","Lawyer","Van der Merwe  Van der Merwe Attorneys","18 Ross Rd, Cullinan, 1000","Cullinan","Gauteng","","South Africa"," 0127341092","","","","","https://maps.google.com/?hl=en_US&cid=0x0:0x943c251b23b3e679",""
"business","Lighting manufacturer","IconicTube","Plot 64, Portion63 Oog van Boekenhoutskloof. Tweefontein Farm, NR288JR, Cullinan, 1000","Cullinan","Gauteng","","South Africa","","","","","","https://maps.google.com/?hl=en_US&cid=0x0:0x18d0fc296e8b7b73",""
"business","business","N/A","","","Gauteng","","South Africa"," 0834576340","","","","","https://maps.google.com/?hl=en_US&cid=0x0:0x93aa370283dbd3eb",""
"business","City government office","Magistrate Court Cullinan","2 School Wy, Cullinan, 1000","Cullinan","Gauteng","","South Africa"," 0127341024","","https://www.justice.gov.za/contact/lowercourts_full.html","","","https://maps.google.com/?hl=en_US&cid=0x0:0x59a99dfba49de7af",""
"business","business","N/A","","","Gauteng","","South Africa"," 0766839866","","","","","https://maps.google.com/?hl=en_US&cid=0x0:0xd4698c41d653b642",""
"business","Sewage treatment plant","Magalies Water - Cullinan Water Treatment Plant","Cullinan","Cullinan","Gauteng","","South Africa","","","http://www.magalieswater.co.za/","","","https://maps.google.com/?hl=en_US&cid=0x0:0xf874c1b0c8d1c022",""
"business","Electronics store","Ether 45","1519 Star Street, Cullinan, 1003","Cullinan","Gauteng","","South Africa"," 0636623850","","","","","https://maps.google.com/?hl=en_US&cid=0x0:0xc8a814534f1ebb87",""
"business","business","N/A","","","Gauteng","","South Africa"," 0790217220","","","","","https://maps.google.com/?hl=en_US&cid=0x0:0xe6dcf3afa3280270",""
"business","business","N/A","","","Gauteng","","South Africa"," 0842004504","","","","","https://maps.google.com/?hl=en_US&cid=0x0:0xb06934931e0e76d9",""
"business","Graphic designer","Elle Promotions","21 Protea Ave, Cullinan, 1000","Cullinan","Gauteng","","South Africa"," 0127340003","","","","","https://maps.google.com/?hl=en_US&cid=0x0:0x5d7db92de2479776",""
"business","Marketing agency","Marketing by Jan","Oak Ave, Cullinan, Pretoria, 1000","Pretoria","Gauteng","","South Africa"," 0652850864","","","","","https://maps.google.com/?hl=en_US&cid=0x0:0x5cb50e6075c34c34",""
"business","business","Gauteng","","","Gauteng","","South Africa","","","","","","https://maps.google.com/?hl=en_US&cid=0x0:0x6d9ee7c7cb5438e2",""
"business","Mining company","A4G Holdings","22 R513, Cullinan, 1000","Cullinan","Gauteng","","South Africa"," 0636936601","","http://www.a-4-g.com/","","","https://maps.google.com/?hl=en_US&cid=0x0:0x1c102f0ac00b7e6a",""
"business","Steel construction company","MLM-Ben's","Cnr R513 and, Jackson Rd, Cullinan, 1000","","Gauteng","","South Africa"," 0127320416","","","","","https://maps.google.com/?hl=en_US&cid=0x0:0x9fe6364738ae2701",""
"business","Computer support and services","TechnoFudge IT Solutions","08 Tambotie Street, Zonderwater Rd, Cullinan, 1002","Cullinan","Gauteng","","South Africa"," 0845192494","filler@godaddy.com","https://technofudgeitsolutions.co.za/","","","https://maps.google.com/?hl=en_US&cid=0x0:0xf2429f884c075c64",""
"business","Surveyor","Premier Mapping Africa","1st Street, Cullinan, 1000","Cullinan","Gauteng","","South Africa"," 0727584178","marketing@premap.co.za","http://www.premap.co.za/","","","https://maps.google.com/?hl=en_US&cid=0x0:0x1381e0795a6c3b33",""
"business","business","N/A","","","Gauteng","","South Africa"," 0723266662","","https://www.vusikokela.co.za/","","","https://maps.google.com/?hl=en_US&cid=0x0:0xba5e40a29bfc264b",""
"business","Carpenter","Emmalia Enterprise PTY (LTD)","Cullinan, 1003","Cullinan","Gauteng","","South Africa"," 0843468913","","","","","https://maps.google.com/?hl=en_US&cid=0x0:0x9940fe7360180dd4",""
"business","City government office","Tshwane Building Plans Cullinan Offices","Cullinan","Cullinan","Gauteng","","South Africa","","","","","","https://maps.google.com/?hl=en_US&cid=0x0:0x71fc624eb8094382",""
"business","Auto body shop","Bucco Canopies (Gauteng)","28 Coronation St, Cullinan, 1000","Cullinan","Gauteng","","South Africa"," 0659251144","","","","","https://maps.google.com/?hl=en_US&cid=0x0:0x24cdca02da5eccb7",""
"business","Hardware store","Build it Cullinan","57 Colin Rd, Cullinan, 1000","Cullinan","Gauteng","","South Africa"," 0120100880","manager@cullinanbuildit.co.za","https://www.buildit.co.za/stores/view/build-it-cullinan-gauteng","","","https://maps.google.com/?hl=en_US&cid=0x0:0x18f6bbaaae9f554a",""
"business","Music management and promotion","Giv Som Entertainmet","5380 Bhaca St, Daveyton, Benoni, 1507","Benoni","Gauteng","","South Africa"," 0604878972","","","","","https://maps.google.com/?hl=en_US&cid=0x0:0x32ea8e075b4e3c0",""
"business","Fingerprinting service","MIE Fingerprint Zone Daveyton","71016 Marumo Crescent/9377/8/9 Langa Street, Ext 2 Garden Village, Daveyton 1520, Benoni, 1507","Marumo Crescent/9377/8/9 Langa Street","Gauteng","71016","South Africa"," 0114262504","","","","","https://maps.google.com/?hl=en_US&cid=0x0:0x72b9d91128a4ae68",""
"business","Property management company","SA Property Wholesalers","15642 Turton St, Daveyton, Benoni, 1507","Turton St","Gauteng","15642","South Africa"," 0114240144","","http://www.sapropertywholesalers.co.za/","","","https://maps.google.com/?hl=en_US&cid=0x0:0x8263e11f9ade0a93",""
"business","Business to business service","Sir Charles Consulting (SCC Group)","6400 Didi St, Daveyton, Benoni, 1520","Benoni","Gauteng","","South Africa","","","","","","https://maps.google.com/?hl=en_US&cid=0x0:0x2c0c6cbe958a3fcb",""
"business","Office supply wholesaler","#BmaStudio6546","6546 Gasela St, Daveyton, Benoni, 1507","Benoni","Gauteng","","South Africa"," 0727055502","","","","","https://maps.google.com/?hl=en_US&cid=0x0:0x6ad1ed6a70696e0a",""
"business","Corporate office","Omora Holdings Pty Ltd","10120 Barwa St, Daveyton, Benoni, 1507","Barwa St","Gauteng","10120","South Africa"," 0712998476","","","","","https://maps.google.com/?hl=en_US&cid=0x0:0x15cce2ed28b09e5d",""
"business","Magistrates' court","Magistrate Court Daveyton","Embusweni Road, Daveyton, Benoni, 1507","Benoni","Gauteng","","South Africa"," 0114241200","TeTladi@justice.gov.za","https://www.justice.gov.za/","","","https://maps.google.com/?hl=en_US&cid=0x0:0xfcea0785a567c32e",""
"business","Catering food and drink supplier","Sibahlesihle Holdings","1326 Conondo St, Daveyton, Benoni, 1520","Benoni","Gauteng","","South Africa"," 0665694174","","","","","https://maps.google.com/?hl=en_US&cid=0x0:0xd6769b1257384fa7",""
"business","Corporate office","MSM PROJECTS AND CONSULTANTS","6526 Gasela St, Daveyton, Benoni, 1507","Benoni","Gauteng","","South Africa"," 0685034242","","","","","https://maps.google.com/?hl=en_US&cid=0x0:0x95a5849df1e1781e",""
"business","Event management company","Phoenix Business Enterprise","12208 Nareng St, Daveyton, Johannesburg, 1520","Nareng St","Gauteng","12208","South Africa"," 0789235524","","","","","https://maps.google.com/?hl=en_US&cid=0x0:0x195151ca5f03dc86",""
"business","Internet cafe","PUSOWORKS Internet cafe","4572 Luthuli St, Daveyton, Benoni, 1520","Benoni","Gauteng","","South Africa"," 0714277977","","","","","https://maps.google.com/?hl=en_US&cid=0x0:0x463d96aa309bcf3f",""
"business","Internet marketing service","SIBEKO MARKETING","4811 Str, Johannesburg, Benoni, 1507","Benoni","Gauteng","","South Africa"," 0670379402","","","","","https://maps.google.com/?hl=en_US&cid=0x0:0xb1a87528dfc77ce9",""
"business","Assisted living facility","Old People’s Home Service","Daveyton, Benoni, 1507","Benoni","Gauteng","","South Africa","","","","","","https://maps.google.com/?hl=en_US&cid=0x0:0xdfa8772b4847177b",""
"business","Business management consultant","UC Business Consultants","2604 Peking Place, Chief Albert Luthuli, Benoni, 1520","Benoni","Gauteng","","South Africa"," 0736987625","","","","","https://maps.google.com/?hl=en_US&cid=0x0:0x63fae3618f818ea5",""
"business","Shopping mall","Las Vegas Wholesalers","Etwatwa W St, Daveyton, DAVEYTON, 1520","DAVEYTON","Gauteng","","South Africa","","","","","","https://maps.google.com/?hl=en_US&cid=0x0:0x1b6e63b70ea16ea1",""
"business","Corporate office","BizKasi App (Pty) Ltd","Daveyton, Benoni, 1520","Benoni","Gauteng","","South Africa"," 0766440806","info@ebonokoholdingsltd.co.za","https://bizkasiapp.wordpress.com/","","","https://maps.google.com/?hl=en_US&cid=0x0:0x8abfffefead386da",""
"business","Market researcher","Umseto Trading Cc","Phukane Street, Daveyton, Benoni, 1520","Benoni","Gauteng","","South Africa"," 0659329988","","","","","https://maps.google.com/?hl=en_US&cid=0x0:0xfc191dd3c179c3d1",""
"business","Corporate office","Daveyton Recycling Centre","Maroleng, Daveyton, Benoni, 1507","Benoni","Gauteng","","South Africa","","","","","","https://maps.google.com/?hl=en_US&cid=0x0:0xfa3fedf00acd0b3",""
"business","","Best Home  Electric Daveyton","Shop 42, Mall, Eiselen St, Daveyton, Benoni, 1507","Benoni","Gauteng","","South Africa"," 0871091732","","","","","https://maps.google.com/?hl=en_US&cid=0x0:0x5732cb2684ef3b4a",""
"business","business","1507","Daveyton, Benoni","Benoni","Gauteng","","South Africa","","","","","","https://maps.google.com/?hl=en_US&cid=0x0:0xaaefe5bd6a7acc8e",""
"business","Recording studio","Guru Crew","137 Heald St, Daveyton, Benoni, 1520","Benoni","Gauteng","","South Africa"," 0659717620","","","","","https://maps.google.com/?hl=en_US&cid=0x0:0x763ed34f4816595b",""
"business","Auto parts store","DAS AUTO PARTS","5065 Bhengu St, Daveyton, Benoni, 1507","Benoni","Gauteng","","South Africa"," 0790687852","","","","","https://maps.google.com/?hl=en_US&cid=0x0:0xdd68f1f745f407c6",""
"business","Print shop","Uzwano Printing Services","Khumalo Shops, 5609 Eiselen St, Daveyton, Benoni, 1520","Benoni","Gauteng","","South Africa"," 0836916721","kerwin@uzwano.com","http://www.uzwano.com/","","","https://maps.google.com/?hl=en_US&cid=0x0:0x809ea13b71f54955",""
"business","Ready mix concrete supplier","In N Out Building Materials","11210 Nareng St, Daveyton, Benoni, 1520","Nareng St","Gauteng","11210","South Africa"," 0817853974","","","","","https://maps.google.com/?hl=en_US&cid=0x0:0x62e0f7b8842dcfee",""
"business","Building materials supplier","Build it Majutene","Maroleng Shop 2, Majutene Centre, Daveyton, Benoni, 1507","Benoni","Gauteng","","South Africa"," 0114246454","","https://www.buildit.co.za/Stores/View/Build-it-Majutene-Gauteng","","","https://maps.google.com/?hl=en_US&cid=0x0:0x23444785573c5528",""
"business","Warehouse club","Elangeni Powertrade","Shop No. 1, Majutene Square, Alliance Rd, Daveyton, Johannesburg, 1520","Johannesburg","Gauteng","","South Africa"," 0114242300","","","","","https://maps.google.com/?hl=en_US&cid=0x0:0xd72abfbc4d00c209",""
"business","Digital printing service","SandiNkosi","4313 musa street, Mayfield, Daveyton, 1520","Daveyton","Gauteng","","South Africa"," 0683733416","","","","","https://maps.google.com/?hl=en_US&cid=0x0:0x15596f9cc237796c",""
"business","Event management company","Sdums Hire Services","5120 Bhengu St, Daveyton, Benoni, 1520","Benoni","Gauteng","","South Africa"," 0715271831","","","","","https://maps.google.com/?hl=en_US&cid=0x0:0x39ee69c32456677b",""
"business","Carpenter","Mcity Cabinets Pty Ltd","Eiselen St, Daveyton, Benoni, 1507","Benoni","Gauteng","","South Africa"," 0817293573","","","","","https://maps.google.com/?hl=en_US&cid=0x0:0x9840d72c6ff67e4d",""
"business","business","N/A","","","Gauteng","","South Africa"," 0824514239","greg.lock@innovativesolutions.co.za","https://innovativesolutions.co.za/","","","https://maps.google.com/?hl=en_US&cid=0x0:0x2bc12cc4bf0a93a7",""
"business","Media company","LADYLOGIC MEDIA COMPANY","26938 Mashinini str Ext 36 Emaphupheni Twatwa 1519, Daveyton, 1520","Mashinini str Ext 36 Emaphupheni Twatwa 1519","Gauteng","26938","South Africa"," 0660581247","","","","","https://maps.google.com/?hl=en_US&cid=0x0:0xcd0a007d3153a97f",""
"business","Graphic designer","DAVEYTON CSEEUS","Heald St, Daveyton, Benoni, 1520","Benoni","Gauteng","","South Africa"," 0677290846","","http://www.daveton.co.za/","","","https://maps.google.com/?hl=en_US&cid=0x0:0x1a1ee44a74edfdcf",""
"business","Ice supplier","L.ICE","24093 Mdantsane street, Etwatwa, Daveyton, 1519","Mdantsane street","Gauteng","24093","South Africa"," 0789838490","","","","","https://maps.google.com/?hl=en_US&cid=0x0:0xcd7a29040b7fce91",""
"business","Mining company","Magabane  Co","1753 Kabelo Crescent Ext 2 Etwatwa, Daveyton, 1519","Daveyton","Gauteng","","South Africa"," 0682984768","","","","","https://maps.google.com/?hl=en_US&cid=0x0:0x7ff430ac0ec4a9a8",""
"business","Business management consultant","Tranding business","12488 ndlovu street Maphupheni, 12488 ndlovu str maphupheni, Daveyton, Benoni, 1519","ndlovu street Maphupheni","Gauteng","12488","South Africa"," 0638093476","","","","","https://maps.google.com/?hl=en_US&cid=0x0:0xedac3537f23789ab",""
"business","Commercial cleaning service","Umthombo Industries (Pty)Ltd","5755 Tebogile St, Etwatwa, daveyton, 1519","daveyton","Gauteng","","South Africa"," 0685342791","","","","","https://maps.google.com/?hl=en_US&cid=0x0:0x76b02e7b9afbf396",""
"business","business","N/A","","","Gauteng","","South Africa"," 0647835657","","","","","https://maps.google.com/?hl=en_US&cid=0x0:0x2ae68873e095221c",""
"business","Film production company","Major Wolf castings","15039, Mandela Park, 1519","Benoni","Gauteng","","South Africa"," 0781389804","","","","","https://maps.google.com/?hl=en_US&cid=0x0:0xe8b23b66d5a684f5",""
"business","business","N/A","","","Gauteng","","South Africa"," 0659258736","","https://take.app/siyabongasibusisoinc","","","https://maps.google.com/?hl=en_US&cid=0x0:0x3310fce165516ad7",""
"business","business","N/A","","","Gauteng","","South Africa"," 0825665007","","https://garylees.myfreesites.net/","","","https://maps.google.com/?hl=en_US&cid=0x0:0xc874c664cbf4e226",""
"business","Shopping mall","Daveyton Mall","Cnr Turton , Eiselen St, Daveyton, Benoni, 1520","Benoni","Gauteng","","South Africa"," 0114262803","Vndlovu@broll.com","https://www.daveytonmall.co.za/","","","https://maps.google.com/?hl=en_US&cid=0x0:0x4cb3bef04778a28f",""
"business","business","N/A","","","Gauteng","","South Africa"," 0814782407","","http://www.descendropeaccess.co.za/","","","https://maps.google.com/?hl=en_US&cid=0x0:0x7fd26746a89d362c",""
"business","business","N/A","","","Gauteng","","South Africa"," 0788810023","","http://www.foodoor-36.webself.net/","","","https://maps.google.com/?hl=en_US&cid=0x0:0xdc284f57b4ca1717",""
"business","","Forever business owner","ext 37, 29906 Mgoba Etwatwa, Daveyton, Benoni, 1519","Mgoba Etwatwa","Gauteng","29906","South Africa"," 0614059353","","","","","https://maps.google.com/?hl=en_US&cid=0x0:0x7c86bd1060645ad5",""
"business","business","N/A","","","Gauteng","","South Africa"," 0838828773","","","","","https://maps.google.com/?hl=en_US&cid=0x0:0xe5cc27286c1e7d0f",""
"business","Bottled water supplier","Designer Water Daveyton","30465 D M Mthimunye St, Daveyton, Benoni, 1520","D M Mthimunye St","Gauteng","30465","South Africa"," 0718633115","","","","","https://maps.google.com/?hl=en_US&cid=0x0:0x89b53ff88eadc99e",""
"business","business","South Africa","","","Gauteng","","South Africa","","","","","","https://maps.google.com/?hl=en_US&cid=0x0:0xe85d630c1fa4e8a0",""
"business","Shopping mall","Mayfield Square","Lurie Rd, Shangrila, Benoni, 1513","Benoni","Gauteng","","South Africa"," 0119680037","centremanagement@mayfieldsquare.com","http://www.mayfieldsquare.co.za/","","","https://maps.google.com/?hl=en_US&cid=0x0:0x6f2d15aedf2f3d9c",""
"business","Recording studio","Guru Crew","137 Heald St, Daveyton, Benoni, 1520","Benoni","Gauteng","","South Africa"," 0659717620","","","","","https://maps.google.com/?hl=en_US&cid=0x0:0x763ed34f4816595b",""
"business","Digital printing service","SandiNkosi","4313 musa street, Mayfield, Daveyton, 1520","Daveyton","Gauteng","","South Africa"," 0683733416","","","","","https://maps.google.com/?hl=en_US&cid=0x0:0x15596f9cc237796c",""
"business","Print shop","Uzwano Printing Services","Khumalo Shops, 5609 Eiselen St, Daveyton, Benoni, 1520","Benoni","Gauteng","","South Africa"," 0836916721","kerwin@uzwano.com","http://www.uzwano.com/","","","https://maps.google.com/?hl=en_US&cid=0x0:0x809ea13b71f54955",""
"business","Event management company","Sdums Hire Services","5120 Bhengu St, Daveyton, Benoni, 1520","Benoni","Gauteng","","South Africa"," 0715271831","","","","","https://maps.google.com/?hl=en_US&cid=0x0:0x39ee69c32456677b",""
"business","Auto parts store","DAS AUTO PARTS","5065 Bhengu St, Daveyton, Benoni, 1507","Benoni","Gauteng","","South Africa"," 0790687852","","","","","https://maps.google.com/?hl=en_US&cid=0x0:0xdd68f1f745f407c6",""
"business","Ready mix concrete supplier","In N Out Building Materials","11210 Nareng St, Daveyton, Benoni, 1520","Nareng St","Gauteng","11210","South Africa"," 0817853974","","","","","https://maps.google.com/?hl=en_US&cid=0x0:0x62e0f7b8842dcfee",""
"business","Corporate office","BizKasi App (Pty) Ltd","Daveyton, Benoni, 1520","Benoni","Gauteng","","South Africa"," 0766440806","info@ebonokoholdingsltd.co.za","https://bizkasiapp.wordpress.com/","","","https://maps.google.com/?hl=en_US&cid=0x0:0x8abfffefead386da",""
"business","License plate frames supplier","HLASE SILK SCREEN PRINTING  NUMBER PLATES","11960 Eiselen St, Daveyton, Benoni, 1520","Eiselen St","Gauteng","11960","South Africa"," 0680817592","","","","","https://maps.google.com/?hl=en_US&cid=0x0:0xd5af2bac5e80fe6f",""
"business","Pharmacy","Savermed Pharmacy Daveyton","10049 Eiselen St, Daveyton, Benoni, 1520","Eiselen St","Gauteng","10049","South Africa"," 0114263013","","","","","https://maps.google.com/?hl=en_US&cid=0x0:0x2a26f071e2611725",""
"business","Butcher shop","Superstar Butchery","Majutene Square, Maroleng, Daveyton, Benoni, 1520","Benoni","Gauteng","","South Africa"," 0114243802","","","","","https://maps.google.com/?hl=en_US&cid=0x0:0x5a59b1ff873e7d3e",""
"business","Holding company","Vilakazi Mphephethe Holdings (Pty) Ltd","First Floor Room 1, Eiselen  cnr, Daveyton Mall, Turton St, Daveyton, Benoni, 1520","Benoni","Gauteng","","South Africa"," 0761365869","","","","","https://maps.google.com/?hl=en_US&cid=0x0:0x8d435b0eb27aeec2",""
"business","Fingerprinting service","MIE Fingerprint Zone Daveyton","71016 Marumo Crescent/9377/8/9 Langa Street, Ext 2 Garden Village, Daveyton 1520, Benoni, 1507","Marumo Crescent/9377/8/9 Langa Street","Gauteng","71016","South Africa"," 0114262504","","","","","https://maps.google.com/?hl=en_US&cid=0x0:0x72b9d91128a4ae68",""
"business","Business to business service","Sir Charles Consulting (SCC Group)","6400 Didi St, Daveyton, Benoni, 1520","Benoni","Gauteng","","South Africa","","","","","","https://maps.google.com/?hl=en_US&cid=0x0:0x2c0c6cbe958a3fcb",""
"business","Event management company","Phoenix Business Enterprise","12208 Nareng St, Daveyton, Johannesburg, 1520","Nareng St","Gauteng","12208","South Africa"," 0789235524","","","","","https://maps.google.com/?hl=en_US&cid=0x0:0x195151ca5f03dc86",""
"business","Corporate office","BizKasi App (Pty) Ltd","Daveyton, Benoni, 1520","Benoni","Gauteng","","South Africa"," 0766440806","info@ebonokoholdingsltd.co.za","https://bizkasiapp.wordpress.com/","","","https://maps.google.com/?hl=en_US&cid=0x0:0x8abfffefead386da",""
"business","Business management consultant","UC Business Consultants","2604 Peking Place, Chief Albert Luthuli, Benoni, 1520","Benoni","Gauteng","","South Africa"," 0736987625","","","","","https://maps.google.com/?hl=en_US&cid=0x0:0x63fae3618f818ea5",""
"business","Shopping mall","Daveyton Mall","Cnr Turton , Eiselen St, Daveyton, Benoni, 1520","Benoni","Gauteng","","South Africa"," 0114262803","Vndlovu@broll.com","https://www.daveytonmall.co.za/","","","https://maps.google.com/?hl=en_US&cid=0x0:0x4cb3bef04778a28f",""
"business","Catering food and drink supplier","Sibahlesihle Holdings","1326 Conondo St, Daveyton, Benoni, 1520","Benoni","Gauteng","","South Africa"," 0665694174","","","","","https://maps.google.com/?hl=en_US&cid=0x0:0xd6769b1257384fa7",""
"business","Magistrates' court","Magistrate Court Daveyton","Embusweni Road, Daveyton, Benoni, 1507","Benoni","Gauteng","","South Africa"," 0114241200","TeTladi@justice.gov.za","https://www.justice.gov.za/","","","https://maps.google.com/?hl=en_US&cid=0x0:0xfcea0785a567c32e",""
"business","Warehouse club","Elangeni Powertrade","Shop No. 1, Majutene Square, Alliance Rd, Daveyton, Johannesburg, 1520","Johannesburg","Gauteng","","South Africa"," 0114242300","","","","","https://maps.google.com/?hl=en_US&cid=0x0:0xd72abfbc4d00c209",""
"business","Music producer","thesiix_","11121 Turton St, Daveyton, Benoni, 1520","Turton St","Gauteng","11121","South Africa"," 0765072055","","","","","https://maps.google.com/?hl=en_US&cid=0x0:0xcb01b8e2d7a72a08",""
"business","Internet cafe","PUSOWORKS Internet cafe","4572 Luthuli St, Daveyton, Benoni, 1520","Benoni","Gauteng","","South Africa"," 0714277977","","","","","https://maps.google.com/?hl=en_US&cid=0x0:0x463d96aa309bcf3f",""
"business","Building consultant","VSM construction","3482 Swazi St, Daveyton, Benoni, 1520","Benoni","Gauteng","","South Africa"," 0787092720","","","","","https://maps.google.com/?hl=en_US&cid=0x0:0xc63be4dafd6550d4",""
"business","Entertainment agency","NomaYini Projects","Daveyton, Benoni, 1520","Benoni","Gauteng","","South Africa"," 0711452138","","","","","https://maps.google.com/?hl=en_US&cid=0x0:0xf2a1ee508fbcf518",""
"business","Cake shop","CakeZone Dayeyton","Mall, Eiselen St, Daveyton, Gauteng Province, 1520 Shop N 51, Daveyton, 1520","Benoni","Gauteng","","South Africa"," 0685234553","","https://cakezone.co.za/","","","https://maps.google.com/?hl=en_US&cid=0x0:0xb01b067b2c43dfea",""
"business","Corporate office","Entertainment","Daveyton, Benoni, 1520","Benoni","Gauteng","","South Africa"," 0715472666","","","","","https://maps.google.com/?hl=en_US&cid=0x0:0x7d0caea4c6b1ac38",""
"business","Music management and promotion","411 Music","964 Duvula Street, Daveyton, Benoni, 1520","Benoni","Gauteng","","South Africa"," 0761548650","","","","","https://maps.google.com/?hl=en_US&cid=0x0:0xd47b356c4314fc2d",""
"business","Entertainment agency","GLB","1793 Idada street Kingsway Johannesburg, Benoni, 1501","Benoni","Gauteng","","South Africa"," 0789827190","","https://www.facebook.com/profile.php?id>>u003d61563588483609","","","https://maps.google.com/?hl=en_US&cid=0x0:0xf8f8f9a11308813b",""
"business","Construction company","Bangie Construction and Maintenance","5881 Turton St, Daveyton, Benoni, 1520","Benoni","Gauteng","","South Africa"," 0100234829","","","","","https://maps.google.com/?hl=en_US&cid=0x0:0x136176868301bc8a",""
"business","business","1520","Daveyton, Benoni","Benoni","Gauteng","","South Africa","","","","","","https://maps.google.com/?hl=en_US&cid=0x0:0x17e1d2ae2bed3c28",""
"business","Recording studio","Guru Crew","137 Heald St, Daveyton, Benoni, 1520","Benoni","Gauteng","","South Africa"," 0659717620","","","","","https://maps.google.com/?hl=en_US&cid=0x0:0x763ed34f4816595b",""
"business","Digital printing service","SandiNkosi","4313 musa street, Mayfield, Daveyton, 1520","Daveyton","Gauteng","","South Africa"," 0683733416","","","","","https://maps.google.com/?hl=en_US&cid=0x0:0x15596f9cc237796c",""
"business","Ready mix concrete supplier","In N Out Building Materials","11210 Nareng St, Daveyton, Benoni, 1520","Nareng St","Gauteng","11210","South Africa"," 0817853974","","","","","https://maps.google.com/?hl=en_US&cid=0x0:0x62e0f7b8842dcfee",""
"business","Print shop","Uzwano Printing Services","Khumalo Shops, 5609 Eiselen St, Daveyton, Benoni, 1520","Benoni","Gauteng","","South Africa"," 0836916721","kerwin@uzwano.com","http://www.uzwano.com/","","","https://maps.google.com/?hl=en_US&cid=0x0:0x809ea13b71f54955",""
"business","Auto parts store","DAS AUTO PARTS","5065 Bhengu St, Daveyton, Benoni, 1507","Benoni","Gauteng","","South Africa"," 0790687852","","","","","https://maps.google.com/?hl=en_US&cid=0x0:0xdd68f1f745f407c6",""
"business","Event management company","Sdums Hire Services","5120 Bhengu St, Daveyton, Benoni, 1520","Benoni","Gauteng","","South Africa"," 0715271831","","","","","https://maps.google.com/?hl=en_US&cid=0x0:0x39ee69c32456677b",""
"business","Furniture store","Ideal Method Furnitures","Plot 101, Mayfield Extention 6, Daveyton, 1520","Benoni","Gauteng","","South Africa"," 0790361464","","","","","https://maps.google.com/?hl=en_US&cid=0x0:0x17057b11fe712a2f",""
"business","Pharmacy","Savermed Pharmacy Daveyton","10049 Eiselen St, Daveyton, Benoni, 1520","Eiselen St","Gauteng","10049","South Africa"," 0114263013","","","","","https://maps.google.com/?hl=en_US&cid=0x0:0x2a26f071e2611725",""
"business","Butcher shop","Superstar Butchery","Majutene Square, Maroleng, Daveyton, Benoni, 1520","Benoni","Gauteng","","South Africa"," 0114243802","","","","","https://maps.google.com/?hl=en_US&cid=0x0:0x5a59b1ff873e7d3e",""
"business","Business to business service","Bunsen business consulting  training","Majuteni, Daveyton, Benoni, 1520","Benoni","Gauteng","","South Africa","","","","","","https://maps.google.com/?hl=en_US&cid=0x0:0x1f51ecb02386aed6",""
"business","Holding company","Vilakazi Mphephethe Holdings (Pty) Ltd","First Floor Room 1, Eiselen  cnr, Daveyton Mall, Turton St, Daveyton, Benoni, 1520","Benoni","Gauteng","","South Africa"," 0761365869","","","","","https://maps.google.com/?hl=en_US&cid=0x0:0x8d435b0eb27aeec2",""
"business","Business to business service","Sir Charles Consulting (SCC Group)","6400 Didi St, Daveyton, Benoni, 1520","Benoni","Gauteng","","South Africa","","","","","","https://maps.google.com/?hl=en_US&cid=0x0:0x2c0c6cbe958a3fcb",""
"business","Internet marketing service","SIBEKO MARKETING","4811 Str, Johannesburg, Benoni, 1507","Benoni","Gauteng","","South Africa"," 0670379402","","","","","https://maps.google.com/?hl=en_US&cid=0x0:0xb1a87528dfc77ce9",""
"business","Business management consultant","Tranding business","12488 ndlovu street Maphupheni, 12488 ndlovu str maphupheni, Daveyton, Benoni, 1519","ndlovu street Maphupheni","Gauteng","12488","South Africa"," 0638093476","","","","","https://maps.google.com/?hl=en_US&cid=0x0:0xedac3537f23789ab",""
"business","Business management consultant","UC Business Consultants","2604 Peking Place, Chief Albert Luthuli, Benoni, 1520","Benoni","Gauteng","","South Africa"," 0736987625","","","","","https://maps.google.com/?hl=en_US&cid=0x0:0x63fae3618f818ea5",""
"business","Chamber of Commerce","TOWNSHIPS ECONOMY CHAMBER","30558 Heald St, Daveyton, Benoni, 1520","Heald St","Gauteng","30558","South Africa"," 0791243295","","","","","https://maps.google.com/?hl=en_US&cid=0x0:0x9d259d177a2d695c",""
"business","Event management company","Phoenix Business Enterprise","12208 Nareng St, Daveyton, Johannesburg, 1520","Nareng St","Gauteng","12208","South Africa"," 0789235524","","","","","https://maps.google.com/?hl=en_US&cid=0x0:0x195151ca5f03dc86",""
"business","Corporate office","BizKasi App (Pty) Ltd","Daveyton, Benoni, 1520","Benoni","Gauteng","","South Africa"," 0766440806","info@ebonokoholdingsltd.co.za","https://bizkasiapp.wordpress.com/","","","https://maps.google.com/?hl=en_US&cid=0x0:0x8abfffefead386da",""
"business","Marketing agency","Calvin Business Profiles","4811 Kheswa St, Daveyton, Johannesburg, 1520","Johannesburg","Gauteng","","South Africa"," 0670379402","","","","","https://maps.google.com/?hl=en_US&cid=0x0:0x46b00858b26fc471",""
"business","Entertainment agency","GLB","1793 Idada street Kingsway Johannesburg, Benoni, 1501","Benoni","Gauteng","","South Africa"," 0789827190","","https://www.facebook.com/profile.php?id>>u003d61563588483609","","","https://maps.google.com/?hl=en_US&cid=0x0:0xf8f8f9a11308813b",""
"business","Catering food and drink supplier","Sibahlesihle Holdings","1326 Conondo St, Daveyton, Benoni, 1520","Benoni","Gauteng","","South Africa"," 0665694174","","","","","https://maps.google.com/?hl=en_US&cid=0x0:0xd6769b1257384fa7",""
"business","Business to business service","Bensen businesses consulting  training","Corner alliance and, maruleni street, Daveyton, Benoni, 1520","Benoni","Gauteng","","South Africa"," 0766221872","","","","","https://maps.google.com/?hl=en_US&cid=0x0:0x9627312370c0a03c",""
"business","Business to business service","Lukhulu Research  Consulting (Pty) (Ltd)","25055 Thandixholo St, Daveyton, Benoni","Thandixholo St","Gauteng","25055","South Africa"," 0718807535","","","","","https://maps.google.com/?hl=en_US&cid=0x0:0xc8649d87dc1b754a",""
"business","School","Progressive School of Business and Engineering (Pty) Ltd","20068 Heald St, Daveyton, Benoni, 1507","Heald St","Gauteng","20068","South Africa"," 0724230597","","","","","https://maps.google.com/?hl=en_US&cid=0x0:0xb54afce2f2e7c756",""
"business","Graphic designer","DAVEYTON CSEEUS","Heald St, Daveyton, Benoni, 1520","Benoni","Gauteng","","South Africa"," 0677290846","","http://www.daveton.co.za/","","","https://maps.google.com/?hl=en_US&cid=0x0:0x1a1ee44a74edfdcf",""
"business","Construction company","Keakanyo Corp Business Solutions","10505 Huruthse St, Daveyton, Benoni, 1507","Huruthse St","Gauteng","10505","South Africa"," 0734220191","","","","","https://maps.google.com/?hl=en_US&cid=0x0:0x2c2346c33d6de4cb",""
"business","Fingerprinting service","MIE Fingerprint Zone Daveyton","71016 Marumo Crescent/9377/8/9 Langa Street, Ext 2 Garden Village, Daveyton 1520, Benoni, 1507","Marumo Crescent/9377/8/9 Langa Street","Gauteng","71016","South Africa"," 0114262504","","","","","https://maps.google.com/?hl=en_US&cid=0x0:0x72b9d91128a4ae68",""
"business","Computer hardware manufacturer","PHOSEKA RESOURCE AND TECHNOLOGY PROVIDERS","EXT2, 8957 Kekana St, Daveyton, Benoni, 1520","Benoni","Gauteng","","South Africa"," 0608206087","","","","","https://maps.google.com/?hl=en_US&cid=0x0:0x90a95d928b0aa51b",""
"business","business","Daveyton","Benoni, 1507","Benoni","Gauteng","","South Africa","","","","","","https://maps.google.com/?hl=en_US&cid=0x0:0x5d7ee1a34ca3b1c1",""
"business","Recording studio","Guru Crew","137 Heald St, Daveyton, Benoni, 1520","Benoni","Gauteng","","South Africa"," 0659717620","","","","","https://maps.google.com/?hl=en_US&cid=0x0:0x763ed34f4816595b",""
"business","Print shop","Uzwano Printing Services","Khumalo Shops, 5609 Eiselen St, Daveyton, Benoni, 1520","Benoni","Gauteng","","South Africa"," 0836916721","kerwin@uzwano.com","http://www.uzwano.com/","","","https://maps.google.com/?hl=en_US&cid=0x0:0x809ea13b71f54955",""
"business","Event management company","Sdums Hire Services","5120 Bhengu St, Daveyton, Benoni, 1520","Benoni","Gauteng","","South Africa"," 0715271831","","","","","https://maps.google.com/?hl=en_US&cid=0x0:0x39ee69c32456677b",""
"business","Ready mix concrete supplier","In N Out Building Materials","11210 Nareng St, Daveyton, Benoni, 1520","Nareng St","Gauteng","11210","South Africa"," 0817853974","","","","","https://maps.google.com/?hl=en_US&cid=0x0:0x62e0f7b8842dcfee",""
"business","Pharmacy","Savermed Pharmacy Daveyton","10049 Eiselen St, Daveyton, Benoni, 1520","Eiselen St","Gauteng","10049","South Africa"," 0114263013","","","","","https://maps.google.com/?hl=en_US&cid=0x0:0x2a26f071e2611725",""
"business","Auto parts store","DAS AUTO PARTS","5065 Bhengu St, Daveyton, Benoni, 1507","Benoni","Gauteng","","South Africa"," 0790687852","","","","","https://maps.google.com/?hl=en_US&cid=0x0:0xdd68f1f745f407c6",""
"business","Digital printing service","SandiNkosi","4313 musa street, Mayfield, Daveyton, 1520","Daveyton","Gauteng","","South Africa"," 0683733416","","","","","https://maps.google.com/?hl=en_US&cid=0x0:0x15596f9cc237796c",""
"business","Butcher shop","Superstar Butchery","Majutene Square, Maroleng, Daveyton, Benoni, 1520","Benoni","Gauteng","","South Africa"," 0114243802","","","","","https://maps.google.com/?hl=en_US&cid=0x0:0x5a59b1ff873e7d3e",""
"business","License plate frames supplier","HLASE SILK SCREEN PRINTING  NUMBER PLATES","11960 Eiselen St, Daveyton, Benoni, 1520","Eiselen St","Gauteng","11960","South Africa"," 0680817592","","","","","https://maps.google.com/?hl=en_US&cid=0x0:0xd5af2bac5e80fe6f",""
"business","Print shop","R82BusinessHub","Koedoe Rd, The De Deur Estates, De Deur, 1884","De Deur","Gauteng","","South Africa","","","http://r82businesshub.co.za/","","","https://maps.google.com/?hl=en_US&cid=0x0:0xb5bb6b7bddd5595d",""
"business","business","HANSMEN SLABS Rib and block manufacturers","66 Main Road, Old Johannesburg Rd, Vereeniging Rd, The De Deur Estates, De Deur, 1884","De Deur","Gauteng","","South Africa"," 0781851973","","","","","https://maps.google.com/?hl=en_US&cid=0x0:0x20e7dfa4a9325072",""
"business","Steel distributor","Carbon Steel Industries (Pty) Ltd","Main Street, The De Deur Estates, De Deur, 1884","De Deur","Gauteng","","South Africa"," 0710398343","","","","","https://maps.google.com/?hl=en_US&cid=0x0:0xb91634e5c6340135",""
"business","Design agency","Vince Craft","6958, De Deur, 1984","De Deur","Gauteng","","South Africa"," 0783759240","","","","","https://maps.google.com/?hl=en_US&cid=0x0:0x477195caad3531b2",""
"business","Propane supplier","LABOHLANO RESOURCES","200 WEILBAHC RD, The De Deur Estates, De Deur, 1884","De Deur","Gauteng","","South Africa"," 0837776160","sales@labohlanoresources.co.za","https://www.labohlanoresources.co.za/","","","https://maps.google.com/?hl=en_US&cid=0x0:0xe0cfbaceff7dadf",""
"business","Auto glass shop","Glass and Mirror De Deur","66 Main Road, R82, De Deur, 1884","De Deur","Gauteng","","South Africa"," 0662727456","","","","","https://maps.google.com/?hl=en_US&cid=0x0:0xa449f061f75d7c95",""
"business","Art studio","SokoCreative","27 Geduld Street, The De Deur Estates, De Deur, 1983","De Deur","Gauteng","","South Africa"," 0688689789","","","","","https://maps.google.com/?hl=en_US&cid=0x0:0x99afcde09f2f4f42",""
"business","","DE DEUR APPLIANCE SPERS","Main Rd, The De Deur Estates, De Deur, 1884","De Deur","Gauteng","","South Africa"," 0723711659","","","","","https://maps.google.com/?hl=en_US&cid=0x0:0x36d32de5e94f2ab4",""
"business","Advertising agency","Sekgwahla lit entertainment","Mkomazi street, The De Deur Estates, De Deur, 1814","De Deur","Gauteng","","South Africa"," 0605090382","","","","","https://maps.google.com/?hl=en_US&cid=0x0:0x5ffb53d7dbcbc964",""
"business","","Lh Prints and Branding","10 Alida, Debonair Park, De Deur, 1984","De Deur","Gauteng","","South Africa"," 0835294508","","","","","https://maps.google.com/?hl=en_US&cid=0x0:0x752ace0c698d9d79",""
"business","Auto parts store","I  S Motors","Plot 194, The De Deur Estates, De Deur, 1884","De Deur","Gauteng","","South Africa"," 0165902896","info@iandsmotors.co.za","http://www.iandsmotors.co.za/","","","https://maps.google.com/?hl=en_US&cid=0x0:0x600558035e80292d",""
"business","Used car dealer","Pristine Motors","346 Old Johannesburg Rd, The De Deur Estates, De Deur, 1884","De Deur","Gauteng","","South Africa"," 0161004502","","http://www.pristine.co.za/","","","https://maps.google.com/?hl=en_US&cid=0x0:0x7d445814263bf27c",""
"business","Auto glass shop","De-Deur Auto Glass","Plot 197 Middle Rd, The De Deur Estates, De Deur, 1884","De Deur","Gauteng","","South Africa"," 0847329566","","","","","https://maps.google.com/?hl=en_US&cid=0x0:0x9a7dc770c267ef7",""
"business","Interior designer","Fabulist sa","Rose Road, De Deur/Walkerville, Vereeniging, 1984","Vereeniging","Gauteng","","South Africa"," 0730984006","","","","","https://maps.google.com/?hl=en_US&cid=0x0:0xf4b0394b975e2f2b",""
"business","business","De Deur","1884","De Deur","Gauteng","","South Africa","","","","","","https://maps.google.com/?hl=en_US&cid=0x0:0xab9d8c85ecb4af3d",""
"business","Tax consultant","Conquers Business Developments","Ground Flr office 3, President Place 78 President Street, F H Odendaal St, Cnr, Germiston, 1400","Germiston","Gauteng","","South Africa"," 0845718400","","","","","https://maps.google.com/?hl=en_US&cid=0x0:0x45a62b3028afeb27",""
"business","Fuel supplier","TotalEnergies De Deur","360 R82, Walkers Fruit Farms SH, De Deur, 1884","De Deur","Gauteng","","South Africa"," 0733278521","","https://totalenergies.co.za/","","","https://maps.google.com/?hl=en_US&cid=0x0:0x942955b6e193dded",""
"business","Chamber of Commerce","Southern African-German Chamber of Commerce and Industry","47 Oxford Rd, Forest Town, Johannesburg, 2193","Johannesburg","Gauteng","","South Africa"," 0114862775","","http://www.germanchamber.co.za/","","","https://maps.google.com/?hl=en_US&cid=0x0:0xe1b1ef7994466448",""
"business","Corporate gift supplier","UPS Marketing","1 Eloff St, Salisbury Claims, Johannesburg, 2001","Johannesburg","Gauteng","","South Africa"," 0642409386","webmaster@upsmarketing.co.za","http://upsmarketing.co.za/","","","https://maps.google.com/?hl=en_US&cid=0x0:0x72e20a0e106b37ae",""
"business","Apartment building","Manhattan Lofts Rental Apartments - Central Developments","Cnr Kliprivier Dr and, Vereeniging Rd, Alrode South, Alberton, 1448","Alberton","Gauteng","","South Africa"," 0600575055","","","","","https://maps.google.com/?hl=en_US&cid=0x0:0x124430bf1958fac0",""
"business","Mechanical engineer","Malvern Engineering Works","Raceway Industrial Park, 15 Indianapolis Blvd, Gosforth Park, Germiston, 1400","Germiston","Gauteng","","South Africa"," 0118739010","info@malvern.co.za","http://malvern.co.za/","","","https://maps.google.com/?hl=en_US&cid=0x0:0x9bca8d17971eaafc",""
"business","Business administration service","THE FORMATION","1 Eloff St, Wemmer, Johannesburg, 2000","Johannesburg","Gauteng","","South Africa"," 0724353300","","","","","https://maps.google.com/?hl=en_US&cid=0x0:0xc5646280c68d76f2",""
"business","Business management consultant","The Sales Enablement Company","28 Sturdee Ave, Rosebank, Johannesburg, 2196","Johannesburg","Gauteng","","South Africa"," 0103351182","success@theenablement.com","http://www.theenablement.com/","","","https://maps.google.com/?hl=en_US&cid=0x0:0x50020f3be991042a",""
"business","Business management consultant","Mut-Con (Pty) Ltd","222 Smit St, Braamfontein, Johannesburg, 2017","Johannesburg","Gauteng","","South Africa"," 0797877136","admin@mut-con.co.za","https://mut-con.co.za/","","","https://maps.google.com/?hl=en_US&cid=0x0:0x8adaa039bef8d2b9",""
"business","Accountant","The Financial Manager (Pty) Ltd","44 Nelson Mandela Ave, Randhart, Alberton, 1449","Alberton","Gauteng","","South Africa"," 0711339659","Henk@thefm.co.za","http://www.thefinancialmanager.co.za/","","","https://maps.google.com/?hl=en_US&cid=0x0:0x9a781b12dbe47f4",""
"business","business","Gauteng","","","Gauteng","","South Africa","","","","","","https://maps.google.com/?hl=en_US&cid=0x0:0x6d9ee7c7cb5438e2",""
"business","Marketing agency","Right Click Media Digital Solutions","49 Nelson Mandela Ave, Randhart, Alberton, 1449","Alberton","Gauteng","","South Africa"," 0118676380","","","","","https://maps.google.com/?hl=en_US&cid=0x0:0xe2def32f67b3443f",""
"business","Computer wholesaler","Interactive IT cc","Unit C2, 7 Dreyfus St, Steeledale, Johannesburg, 2197","Johannesburg","Gauteng","","South Africa"," 0114331017","","http://www.interactiveit.co.za/","","","https://maps.google.com/?hl=en_US&cid=0x0:0x4e2d2ce8898d247f",""
"business","Training centre","Essence Business Hub","172, 10 Van Der Merwe Rd, The De Deur Estates, De Deur, 1884","De Deur","Gauteng","","South Africa"," 0834479469","","","","","https://maps.google.com/?hl=en_US&cid=0x0:0x135aabb2274f9c11",""
"business","Television station","MamelodiBiz","19403 Serapeng St, Phumulamcashi Buffer Zone, Mamelodi East, 0122","Serapeng St","Gauteng","19403","South Africa"," 0607183907","info@mamelodibiz.co.za","https://mamelodibiz.co.za/","","","https://maps.google.com/?hl=en_US&cid=0x0:0xb436d0e6f3538000",""
"business","Bus stop","Denneboom","Waltloo Rd, Mamelodi - K18, Pretoria, 0122","Pretoria","Gauteng","","South Africa","","","","","","https://maps.google.com/?hl=en_US&cid=0x0:0x86ebbb596b05ad98",""
"business","Supermarket","Denneboom Boxer Superstores","Tsamaya Ave, Mamelodi, Pretoria, 0160","Pretoria","Gauteng","","South Africa"," 0646252406","","https://www.boxer.co.za/","","","https://maps.google.com/?hl=en_US&cid=0x0:0x878bea58ca20f786",""
"business","Bus stop","Denneboom","Mamelodi 608-Jr, Pretoria, 0122","Pretoria","Gauteng","","South Africa","","","","","","https://maps.google.com/?hl=en_US&cid=0x0:0x70e0bb75dddb138",""
"business","Bus stop","Denneboom Station","Mamelodi - K18, Pretoria, 0122","Pretoria","Gauteng","","South Africa","","","","","","https://maps.google.com/?hl=en_US&cid=0x0:0x19d749bc969ee246",""
"business","Business management consultant","Mut-Con (Pty) Ltd","222 Smit St, Braamfontein, Johannesburg, 2017","Johannesburg","Gauteng","","South Africa"," 0797877136","admin@mut-con.co.za","https://mut-con.co.za/","","","https://maps.google.com/?hl=en_US&cid=0x0:0x8adaa039bef8d2b9",""
"business","Business management consultant","The Sales Enablement Company","28 Sturdee Ave, Rosebank, Johannesburg, 2196","Johannesburg","Gauteng","","South Africa"," 0103351182","success@theenablement.com","http://www.theenablement.com/","","","https://maps.google.com/?hl=en_US&cid=0x0:0x50020f3be991042a",""
"business","Tax consultant","Conquers Business Developments","Ground Flr office 3, President Place 78 President Street, F H Odendaal St, Cnr, Germiston, 1400","Germiston","Gauteng","","South Africa"," 0845718400","","","","","https://maps.google.com/?hl=en_US&cid=0x0:0x45a62b3028afeb27",""
"business","Information services","Danfoks Projects","25659 Ext 7 Emasangweni Cres, Mamelodi East, Pretoria, 0122","Ext 7 Emasangweni Cres","Gauteng","25659","South Africa"," 0797750173","","","","","https://maps.google.com/?hl=en_US&cid=0x0:0xf7c466bf6795a91d",""
"business","Business administration service","THE FORMATION","1 Eloff St, Wemmer, Johannesburg, 2000","Johannesburg","Gauteng","","South Africa"," 0724353300","","","","","https://maps.google.com/?hl=en_US&cid=0x0:0xc5646280c68d76f2",""
"business","Business administration service","Local business","Pienaarspoort, Mamelodi east, Mamelodi, 0122","","Gauteng","","South Africa"," 0608610902","","","","","https://maps.google.com/?hl=en_US&cid=0x0:0xcaac4e9b769207f3",""
"business","Accounting firm","De Credito SA ( Global Trade Services )","5 Madison Avenue Jhb South, Aspen Business Park, Johannesburg, 2059","Johannesburg","Gauteng","","South Africa"," 0794942066","","","","","https://maps.google.com/?hl=en_US&cid=0x0:0x44bb0c3b0bcc789f",""
"business","Business management consultant","Boston Consulting Group","Oxford Parks, 5 Parks Blvd, Dunkeld, Johannesburg, 2196","Johannesburg","Gauteng","","South Africa"," 0112451600","","https://www.bcg.com/offices/johannesburg/default","","","https://maps.google.com/?hl=en_US&cid=0x0:0x5d8777d44b0e7ff8",""
"business","Corporate gift supplier","UPS Marketing","1 Eloff St, Salisbury Claims, Johannesburg, 2001","Johannesburg","Gauteng","","South Africa"," 0642409386","webmaster@upsmarketing.co.za","http://upsmarketing.co.za/","","","https://maps.google.com/?hl=en_US&cid=0x0:0x72e20a0e106b37ae",""
"business","Tax preparation service","Tax Technician","16 Pleasantway, Southdale, Johannesburg, 2091","Johannesburg","Gauteng","","South Africa"," 0721111322","welcome@thetaxtech.co.za","http://www.thetaxtech.co.za/","","","https://maps.google.com/?hl=en_US&cid=0x0:0x59f71d7c61bb77d4",""
"business","Software company","iRainbow","H. SANTOS BUILDING, 30 Arena Cl, Bruma, Johannesburg, 2026","Johannesburg","Gauteng","","South Africa"," 0108243452","admin@irainbow.co.za","https://irainbow.co.za/","","","https://maps.google.com/?hl=en_US&cid=0x0:0x8ce010cf3fc1094a",""
"business","Educational consultant","Profound Business Consultancy","10 Kernick Rd, Lyndhurst, Johannesburg, 2192","Johannesburg","Gauteng","","South Africa"," 0878021801","20info@profoundresearch.co.za","http://profoundresearch.co.za/","","","https://maps.google.com/?hl=en_US&cid=0x0:0xa8a5cefa6eb17332",""
"business","Shopping mall","Denlyn Shopping Centre","128 Letwaba Street, Maphalla St, Boundary Dr , Charles Leyds Ave, Mamelodi West, Pretoria, 0122","Pretoria","Gauteng","","South Africa"," 0120041306","","http://denlyn.co.za/","","","https://maps.google.com/?hl=en_US&cid=0x0:0x893394f6242b7808",""
"business","Chamber of Commerce","Southern African-German Chamber of Commerce and Industry","47 Oxford Rd, Forest Town, Johannesburg, 2193","Johannesburg","Gauteng","","South Africa"," 0114862775","","http://www.germanchamber.co.za/","","","https://maps.google.com/?hl=en_US&cid=0x0:0xe1b1ef7994466448",""
"business","business","Gauteng","","","Gauteng","","South Africa","","","","","","https://maps.google.com/?hl=en_US&cid=0x0:0x6d9ee7c7cb5438e2",""
"business","Construction company","Dolwana project","325 Devon derwing street, Welding, Devon, 2260","Devon","Gauteng","","South Africa"," 0791856989","","","","","https://maps.google.com/?hl=en_US&cid=0x0:0xd58e3372f1681469",""
"business","business","Ayas Paradise Enterprise","No 3511 Extension 4, Impumelelo, Devon, 2260","Devon","Gauteng","","South Africa"," 0781184328","","","","","https://maps.google.com/?hl=en_US&cid=0x0:0xb56ea012b0cc65b2",""
"business","Agricultural product wholesaler","Shandukai Trading Enterprise","No. 1668 Extension 2, Impumelelo, Devon, 2260","Devon","Gauteng","","South Africa"," 0728576482","","","","","https://maps.google.com/?hl=en_US&cid=0x0:0x8420199d2309f37d",""
"business","Association / Organization","ECFX","2757 Impumelelo Extension 3, Devon, 2260","Devon","Gauteng","","South Africa"," 0728576482","","","","","https://maps.google.com/?hl=en_US&cid=0x0:0x3510354c511e7200",""
"business","Agricultural cooperative","Afgri Devon","Selborne St, Devon, 2260","Devon","Gauteng","","South Africa"," 0724904586","afgri@afgri.co.za","http://www.afgri.co.za/","","","https://maps.google.com/?hl=en_US&cid=0x0:0x2c177074e5190780",""
"business","Guest house","Devon Hotel","Devon, 2260","Devon","Gauteng","","South Africa","","","","","","https://maps.google.com/?hl=en_US&cid=0x0:0xfcb8b919f56bd4b8",""
"business","business","Devon","2260","Devon","Gauteng","","South Africa","","","","","","https://maps.google.com/?hl=en_US&cid=0x0:0x8bd22b14b987b7bc",""
"business","Solar energy company","Africa Power Masters","186 Osborn St, Devon, 2260","Devon","Gauteng","","South Africa"," 0729072163","","","","","https://maps.google.com/?hl=en_US&cid=0x0:0xe11dc3c73df55787",""
"business","Marketing agency","Dirkie Meyer Media","Gauteng, Devon, 2260","Devon","Gauteng","","South Africa"," 0723814421","","","","","https://maps.google.com/?hl=en_US&cid=0x0:0x77bc848f6f7d782d",""
"business","Farm equipment supplier","Kababuza Trading","R548, Devon, 2260","Devon","Gauteng","","South Africa"," 0871534067","","","","","https://maps.google.com/?hl=en_US&cid=0x0:0x9452b0a12746112e",""
"business","Business administration service","Taibanchilli (pty) ltd","909 phelandaba street, Impumelelo location, Devon, 2260","Devon","Gauteng","","South Africa"," 0735137763","","","","","https://maps.google.com/?hl=en_US&cid=0x0:0xbf0e7c92f264ff7e",""
"business","Farm","Springfield Farm, Devon (Old Kruger Farm)","Devon","Devon","Gauteng","","South Africa","","","","","","https://maps.google.com/?hl=en_US&cid=0x0:0x5e7ed17d7b4902b4",""
"business","Laundry service","Kea's Laundry and Internet Cafe","Devon, 2260","Devon","Gauteng","","South Africa"," 0615450974","","","","","https://maps.google.com/?hl=en_US&cid=0x0:0x621ad0fe3e28590b",""
"business","Kindergarten","Impumelelo Library","Devon, 2260","Devon","Gauteng","","South Africa"," 0649072450","","","","","https://maps.google.com/?hl=en_US&cid=0x0:0xfdf9447206d311f6",""
"business","Security guard service","Ndiya-Line","Devon R550/ Nigel Road, Devon, Johannesburg, 2260","Johannesburg","Gauteng","","South Africa"," 0780405062","","","","","https://maps.google.com/?hl=en_US&cid=0x0:0xa2a66123cbfeb601",""
"business","Corporate office","Stefcor Group","Farm Wintershoek 314, Devon","Devon","Gauteng","","South Africa","","","","","","https://maps.google.com/?hl=en_US&cid=0x0:0x5afeb858533ba82f",""
"business","Restaurant","Die Grasdak","74 Grant St, Devon, 2260","Devon","Gauteng","","South Africa"," 0663037095","","","","","https://maps.google.com/?hl=en_US&cid=0x0:0x2b837f1f755fa8f7",""
"business","Mining equipment","Magus Tractors","406 Osborn Rd, Devon, 2260","Devon","Gauteng","","South Africa"," 0176880103","","","","","https://maps.google.com/?hl=en_US&cid=0x0:0x5f61722e11ad9cf3",""
"business","business","2260","Devon","Devon","Gauteng","","South Africa","","","","","","https://maps.google.com/?hl=en_US&cid=0x0:0x152f3e3c5aee8aa6",""
"business","Bed >>u0026 breakfast","Eagle's nest overnight accommodation","402 derwing street, Devon, 2260","Devon","Gauteng","","South Africa"," 0764379108","","","","","https://maps.google.com/?hl=en_US&cid=0x0:0xc7344e95438edf7f",""
"business","business","TotalEnergies Devon","247 Barnett St, Devon, 2260","Devon","Gauteng","","South Africa"," 0176880189","","https://totalenergies.co.za/","","","https://maps.google.com/?hl=en_US&cid=0x0:0x1361b025227304c",""
"business","Business development service","South West Business Council","Neptune Park, Unit D3, Apollo Court, Plymouth PL4 0SJ, United Kingdom","Plymouth, United Kingdom","Gauteng","","South Africa"," +441752395665","","http://www.swbc.co.uk/","","","https://maps.google.com/?hl=en_US&cid=0x0:0x4781297481dba69b",""
"business","business","N/A","","","Gauteng","","South Africa"," +441872222777","","https://www.bls.co.uk/","","","https://maps.google.com/?hl=en_US&cid=0x0:0x86a50443e4979185",""
"business","business","N/A","","","Gauteng","","South Africa"," +442080502520","hello@prestigebusiness.ener","https://www.prestigebusiness.energy/","","","https://maps.google.com/?hl=en_US&cid=0x0:0x6701dd8735f3ae50",""
"business","Customs broker","Devon  Plymouth Chamber Of Commerce","Unit 5, Derriford Business Park, Derriford Rd, Plymouth PL6 5QZ, United Kingdom","Plymouth, United Kingdom","Gauteng","","South Africa"," +441752220471","reception@devonchamber.co.uk","http://www.devonchamber.co.uk/","","","https://maps.google.com/?hl=en_US&cid=0x0:0xec6017fb3ccba4c5",""
"business","Training provider","Momentum South West Ltd","Business Centre, Pynes Hill, Exeter EX2 5JL, United Kingdom","Exeter, United Kingdom","Gauteng","","South Africa"," +441803266600","","","","","https://maps.google.com/?hl=en_US&cid=0x0:0x539265601888a69f",""
"business","business","N/A","","","Gauteng","","South Africa"," +441392949040","hello@marksgetset.com","https://marksgetset.com/","","","https://maps.google.com/?hl=en_US&cid=0x0:0xfc8e5cab8b921f8c",""
"business","business","Devon","United Kingdom","United Kingdom","Gauteng","","South Africa","","","","","","https://maps.google.com/?hl=en_US&cid=0x0:0x12c6ba0cca9c58fd",""
"business","Accountant","Business Information Point","Business Centre, Unit 10 Higher Stockley Mead, Okehampton EX20 1FJ, United Kingdom","Okehampton, United Kingdom","Gauteng","","South Africa"," +441837659059","team@businessinfopoint.co.uk","https://businessinfopoint.co.uk/","","","https://maps.google.com/?hl=en_US&cid=0x0:0xba6446dda79a6910",""
"business","business","Ayas Paradise Enterprise","No 3511 Extension 4, Impumelelo, Devon, 2260","Devon","Gauteng","","South Africa"," 0781184328","","","","","https://maps.google.com/?hl=en_US&cid=0x0:0xb56ea012b0cc65b2",""
"business","Construction company","Dolwana project","325 Devon derwing street, Welding, Devon, 2260","Devon","Gauteng","","South Africa"," 0791856989","","","","","https://maps.google.com/?hl=en_US&cid=0x0:0xd58e3372f1681469",""
"business","Agricultural product wholesaler","Shandukai Trading Enterprise","No. 1668 Extension 2, Impumelelo, Devon, 2260","Devon","Gauteng","","South Africa"," 0728576482","","","","","https://maps.google.com/?hl=en_US&cid=0x0:0x8420199d2309f37d",""
"business","Association / Organization","ECFX","2757 Impumelelo Extension 3, Devon, 2260","Devon","Gauteng","","South Africa"," 0728576482","","","","","https://maps.google.com/?hl=en_US&cid=0x0:0x3510354c511e7200",""
"business","business","Devon","2260","Devon","Gauteng","","South Africa","","","","","","https://maps.google.com/?hl=en_US&cid=0x0:0x8bd22b14b987b7bc",""
"business","Solar energy company","Africa Power Masters","186 Osborn St, Devon, 2260","Devon","Gauteng","","South Africa"," 0729072163","","","","","https://maps.google.com/?hl=en_US&cid=0x0:0xe11dc3c73df55787",""
"business","","Pride Milling Devon (Mill)","Selborne St, Devon, 2260","Devon","Gauteng","","South Africa"," 0176880041","info@www.pridemilling.co.za","https://www.pridemilling.co.za/","","","https://maps.google.com/?hl=en_US&cid=0x0:0x7ab05ccb4e77187c",""
"business","Agricultural cooperative","Afgri Devon","Selborne St, Devon, 2260","Devon","Gauteng","","South Africa"," 0724904586","afgri@afgri.co.za","http://www.afgri.co.za/","","","https://maps.google.com/?hl=en_US&cid=0x0:0x2c177074e5190780",""
"business","Farm","Springfield Farm, Devon (Old Kruger Farm)","Devon","Devon","Gauteng","","South Africa","","","","","","https://maps.google.com/?hl=en_US&cid=0x0:0x5e7ed17d7b4902b4",""
"business","Marketing agency","Dirkie Meyer Media","Gauteng, Devon, 2260","Devon","Gauteng","","South Africa"," 0723814421","","","","","https://maps.google.com/?hl=en_US&cid=0x0:0x77bc848f6f7d782d",""
"business","Farm equipment supplier","Kababuza Trading","R548, Devon, 2260","Devon","Gauteng","","South Africa"," 0871534067","","","","","https://maps.google.com/?hl=en_US&cid=0x0:0x9452b0a12746112e",""
"business","Business administration service","Taibanchilli (pty) ltd","909 phelandaba street, Impumelelo location, Devon, 2260","Devon","Gauteng","","South Africa"," 0735137763","","","","","https://maps.google.com/?hl=en_US&cid=0x0:0xbf0e7c92f264ff7e",""
"business","Mining equipment","Magus Tractors","406 Osborn Rd, Devon, 2260","Devon","Gauteng","","South Africa"," 0176880103","","","","","https://maps.google.com/?hl=en_US&cid=0x0:0x5f61722e11ad9cf3",""
"business","Kindergarten","Impumelelo Library","Devon, 2260","Devon","Gauteng","","South Africa"," 0649072450","","","","","https://maps.google.com/?hl=en_US&cid=0x0:0xfdf9447206d311f6",""
"business","Restaurant","Die Grasdak","74 Grant St, Devon, 2260","Devon","Gauteng","","South Africa"," 0663037095","","","","","https://maps.google.com/?hl=en_US&cid=0x0:0x2b837f1f755fa8f7",""
"business","Corporate office","Stefcor Group","Farm Wintershoek 314, Devon","Devon","Gauteng","","South Africa","","","","","","https://maps.google.com/?hl=en_US&cid=0x0:0x5afeb858533ba82f",""
"business","business","N/A","","","Gauteng","","South Africa"," 0728576482","","","","","https://maps.google.com/?hl=en_US&cid=0x0:0xba7051b104a408c",""
"business","Security guard service","Ndiya-Line","Devon R550/ Nigel Road, Devon, Johannesburg, 2260","Johannesburg","Gauteng","","South Africa"," 0780405062","","","","","https://maps.google.com/?hl=en_US&cid=0x0:0xa2a66123cbfeb601",""
"business","Website designer","Exponent 12 Prints","538 Dube Street, Devon, 2260","Devon","Gauteng","","South Africa"," 0710670819","","","","","https://maps.google.com/?hl=en_US&cid=0x0:0x321fc772ebe8e4bc",""
"business","Civil engineering company","HL Business Consultants","2 Ferrybridge Rd, Ferryvale, Nigel, 1491","Nigel","Gauteng","","South Africa"," 0825845720","","","","","https://maps.google.com/?hl=en_US&cid=0x0:0xcfc83eeb389089ce",""
"business","Internet marketing service","Chamberlink","2 Station Rd, Pretoriusstad, Nigel, 1491","Nigel","Gauteng","","South Africa"," 0118147111","liaisonofficer@chamberlink.co.za","https://chamberlink.co.za/","","","https://maps.google.com/?hl=en_US&cid=0x0:0x5b2400192942f8ea",""
"business","business","TotalEnergies Devon","247 Barnett St, Devon, 2260","Devon","Gauteng","","South Africa"," 0176880189","","https://totalenergies.co.za/","","","https://maps.google.com/?hl=en_US&cid=0x0:0x1361b025227304c",""
"business","","Easy Companies","4th Floor, Office 404, 83 Woburn Ave, Benoni, Johannesburg, 1501","Johannesburg","Gauteng","","South Africa"," 0115681155","","","","","https://maps.google.com/?hl=en_US&cid=0x0:0xe959d413f6d319f9",""
"business","Electronics company","VD Tech (PTY) Ltd","2 Womble St, Rowhill, Springs, 1559","Springs","Gauteng","","South Africa"," 0674168601","","","","","https://maps.google.com/?hl=en_US&cid=0x0:0xd1b54df20e5d087e",""
"business","Chamber of Commerce","Eastern Gauteng Chamber of Commerce  Industry (Springs)","21 8th St, Springs New, Springs, 1559","Springs","Gauteng","","South Africa"," 0118155750","chambspr@intekom.co.za","http://www.easterngautengchamber.co.za/","","","https://maps.google.com/?hl=en_US&cid=0x0:0x4b29b29791ae6b9e",""
"business","Company registry","Stefcor Group (PTY) Ltd","Farm Wintershoek 314, Devon","","Gauteng","","South Africa"," 0106150838","","","","","https://maps.google.com/?hl=en_US&cid=0x0:0x57e493cfbcb7fda5",""
"business","Corporate campus","East Devon Business Centre","Heathpark Way, Heathpark Industrial Estate, Honiton EX14 1SF, United Kingdom","Honiton, United Kingdom","Gauteng","","South Africa"," +44140441719","edbc@eastdevon.gov.uk","http://eastdevon.gov.uk/business-and-investment/east-devon-business-centre/","","","https://maps.google.com/?hl=en_US&cid=0x0:0x7279462bbbd01787",""
"business","business","N/A","","","Gauteng","","South Africa"," +441872222777","","https://www.bls.co.uk/","","","https://maps.google.com/?hl=en_US&cid=0x0:0x86a50443e4979185",""
"business","business","N/A","","","Gauteng","","South Africa"," +442080502520","hello@prestigebusiness.ener","https://www.prestigebusiness.energy/","","","https://maps.google.com/?hl=en_US&cid=0x0:0x6701dd8735f3ae50",""
"business","Research foundation","Diepkloof People's Center 'Enkambini'","14063 Ungoye St, Diepkloof Zone 1, Diepmeadow, 1862","Ungoye St","Gauteng","14063","South Africa","","","","","","https://maps.google.com/?hl=en_US&cid=0x0:0xbcad9acf2ded30e6",""
"business","Business management consultant","TTQ_Pro Trading Enterprise","Zone 1, 1862 Bathweng St, Diepkloof Zone 1, Diepmeadow, 1862","Diepmeadow","Gauteng","","South Africa"," 0783578181","","","","","https://maps.google.com/?hl=en_US&cid=0x0:0x999d70274bef87f1",""
"business","Real estate agency","RPT BUSINESS CONSULTANTS PTY LTD","Umfolozi St, Diepkloof Zone 5, Diepmeadow, 1862","Diepmeadow","Gauteng","","South Africa"," 0737244486","","","","","https://maps.google.com/?hl=en_US&cid=0x0:0x44c3e5a0adee4468",""
"business","Homestay","Diepkloof","7961 Immink Dr, Diepkloof Zone 6, Diepmeadow, 1862","Diepmeadow","Gauteng","","South Africa","","","","","","https://maps.google.com/?hl=en_US&cid=0x0:0x4fbbd980efb94140",""
"business","Uniform store","QimBiza (Pty) Ltd","521 Phase 2 Diepkloof Extension","Diepmeadow","Gauteng","","South Africa"," 0722673483","qimbiza@gmail.com","http://www.qimbiza.co.za/","","","https://maps.google.com/?hl=en_US&cid=0x0:0xfa8c6a5f7327a21f",""
"business","Community center","Skhihli visuals","7644 Eben Cuyler Dr, Diepkloof Zone 1, Randburg, 1862","Randburg","Gauteng","","South Africa"," 0119857877","support@brabys.co.za","https://www.brabys.com/za/gauteng/randburg/diepkloof/community-halls/diepkloof-multi-purpose-hall","","","https://maps.google.com/?hl=en_US&cid=0x0:0x7db2bd9248ebe9f8",""
"business","ATM","Diepkloof Square","15994 Eben Cuyler Dr, Diepkloof Zone 3, Diepmeadow, 1862","Eben Cuyler Dr","Gauteng","15994","South Africa","","","https://www.facebook.com/diepkloofsquare/","","","https://maps.google.com/?hl=en_US&cid=0x0:0xec5b0a82614a42d4",""
"business","Security service","Vart Security Services","4424b Montoeli St, Diepkloof Zone 4, Soweto, 1862","Soweto","Gauteng","","South Africa"," 0817522923","info@vartsecurity.co.za","http://vartsecurity.co.za/","","","https://maps.google.com/?hl=en_US&cid=0x0:0x22de94d7ffb1ff48",""
"business","Food products supplier","Bophanang Enterprise Ltd","3954 Zone 3 Mosupatsela Street, Diepkloof, Johannesburg, 1864","Johannesburg","Gauteng","","South Africa","","","","","","https://maps.google.com/?hl=en_US&cid=0x0:0x41c38817ff7fe060",""
"business","Electrician","MM Telecom Solutions","1110 Hlophenkulu St, Diepkloof, Soweto, 1864","Soweto","Gauteng","","South Africa"," 0730826028","","","","","https://maps.google.com/?hl=en_US&cid=0x0:0xc815459e2354454b",""
"business","Construction and maintenance office","Lekbuns Projects (Pty) Ltd","1002 Phase 3, Diepkloof Ext, Diepmeadow, 1862","Diepmeadow","Gauteng","","South Africa"," 0129448807","","","","","https://maps.google.com/?hl=en_US&cid=0x0:0xa3bc6dc96af29ffa",""
"business","Law firm","Mudau M Attorneys","1025 Noko St, Diepkloof, Diepmeadow, 1864","Diepmeadow","Gauteng","","South Africa"," 0647846924","info@mudaumattorneys.co.za","https://www.mudaumattorneys.co.za/","","","https://maps.google.com/?hl=en_US&cid=0x0:0xcc8bb8a37e51459",""
"business","","PC Training  Business College","Black Chain, Chris Hani Rd, Diepkloof, Johannesburg, 2001","Johannesburg","Gauteng","","South Africa"," 0119331054","","","","","https://maps.google.com/?hl=en_US&cid=0x0:0xa396a749aa979a5d",""
"business","Law firm","KAYsLEGALs","5264B Nokuthula St, Diepkloof Zone 5, Diepmeadow, 1862","Diepmeadow","Gauteng","","South Africa"," 0679570209","","","","","https://maps.google.com/?hl=en_US&cid=0x0:0x9ada24b3dd5066ce",""
"business","Tax preparation service","Tax Technician","16 Pleasantway, Southdale, Johannesburg, 2091","Johannesburg","Gauteng","","South Africa"," 0721111322","welcome@thetaxtech.co.za","http://www.thetaxtech.co.za/","","","https://maps.google.com/?hl=en_US&cid=0x0:0x59f71d7c61bb77d4",""
"business","Taxi stand","Diepmeadow City Taxi Owners Association","7453 Jack Klipin Rd, Diepkloof Zone 3, Diepmeadow, 1862","Diepmeadow","Gauteng","","South Africa"," 082710766","","","","","https://maps.google.com/?hl=en_US&cid=0x0:0xb517dc3c94db68cf",""
"business","","Zwyde Import and Export Consultants","Jabulani St, Diepkloof Zone 5, Johannesburg, 1864","Johannesburg","Gauteng","","South Africa"," 0763700531","","","","","https://maps.google.com/?hl=en_US&cid=0x0:0xf040ced66ace2bfa",""
"business","Catering food and drink supplier","BAHATI SOLUTIONS","16 Viljoen street Diepkloof Ext, Ext, Diepmeadow, 1862","Diepmeadow","Gauteng","","South Africa"," 0681985419","","","","","https://maps.google.com/?hl=en_US&cid=0x0:0xc94357b9e3c18b23",""
"business","business","Gauteng","","","Gauteng","","South Africa","","","","","","https://maps.google.com/?hl=en_US&cid=0x0:0x6d9ee7c7cb5438e2",""
"business","Cosmetics store","Anitas Cosmetics","Diepkloof Square, Eben Cuyler Dr, Diepkloof Zone 3, Johannesburg, 1862","Johannesburg","Gauteng","","South Africa"," 0784678670","","","","","https://maps.google.com/?hl=en_US&cid=0x0:0xd357a435b8fd4b04",""
"business","Building materials store","Plumblink","Shop 42, Bara Mall Second Street Diepmeadow, Soweto, 1862","Soweto","Gauteng","","South Africa"," 0873104760","","https://www.plumblink.co.za/","","","https://maps.google.com/?hl=en_US&cid=0x0:0xddcd582802847748",""
"business","Corporate office","SB Productions","24444 Khambule St, Diepkloof Zone 6, Diepmeadow, 1862","Khambule St","Gauteng","24444","South Africa"," 0653527614","","","","","https://maps.google.com/?hl=en_US&cid=0x0:0x72cd63a5bbe4eca2",""
"business","Building materials supplier","Cashbuild","and, Shop 01 Diepkloof Square Cnr Immink Drive, M83, Diepkloof, Soweto, 1862","Soweto","Gauteng","","South Africa"," 0115280494","smdiepkloof@cashbuild.co.za","https://stores.cashbuild.co.za/za/soweto/shop-01-diepkloof-square?y_source>>u003d1_MTU0NzExMTMtNzE1LWxvY2F0aW9uLndlYnNpdGU%3D","","","https://maps.google.com/?hl=en_US&cid=0x0:0xb481dda3cbe8209d",""
"business","Computer support and services","Akwande Business Solution","12, Makhureng Center, Marthinus Smuts Dr, Diepkloof Zone 3, Soweto, 1804","Soweto","Gauteng","","South Africa"," 0100652138","","","","","https://maps.google.com/?hl=en_US&cid=0x0:0x1a38c4bcd074d9f7",""
"business","Steel fabricator","Andries welding steel","5624B Immink Dr, Diepkloof Zone 5, Diepmeadow, 1862","Diepmeadow","Gauteng","","South Africa"," 0739243212","","","","","https://maps.google.com/?hl=en_US&cid=0x0:0x2c2a44fecc41e846",""
"business","Cleaning products supplier","Zed Cleaning","28 Patrick street, Diepkloof Zone 6, Soweto, 1864","Soweto","Gauteng","","South Africa"," 0658972298","","","","","https://maps.google.com/?hl=en_US&cid=0x0:0x60c84eeac3b68c67",""
"business","Grocery store","K  K TRADING STORE","Stand no, 534b Eben Cuyler Dr, Diepkloof Zone 1, Diepmeadow, 1862","Diepmeadow","Gauteng","","South Africa"," 0614145248","","","","","https://maps.google.com/?hl=en_US&cid=0x0:0xb5e23b2d5b49a15",""
"business","Record company","Simnandi Records","4698 Leeba St, Diepkloof Zone 4, Soweto, 1862","Soweto","Gauteng","","South Africa"," 0640700202","","","","","https://maps.google.com/?hl=en_US&cid=0x0:0x4a13155ac140bb28",""
